Date,uk_gilt_etf,uk_indexlinked_etf,us_treasury_etf,gold,gbpusd_yf
2016-01-01,,,,,1.4738394021987915
2016-01-04,9.94438648223877,12.043002128601074,91.6796875,102.88999938964844,1.473708987236023
2016-01-05,9.94640827178955,12.028525352478027,91.30986022949219,103.18000030517578,1.4714103937149048
2016-01-06,10.005058288574219,12.121577262878418,92.54032897949219,104.66999816894531,1.467394471168518
2016-01-07,9.9909029006958,12.129851341247559,92.70637512207031,106.1500015258789,1.4629936218261719
2016-01-08,10.031351089477539,12.160868644714355,93.12153625488281,105.68000030517578,1.4626940488815308
2016-01-11,10.005058288574219,12.171208381652832,92.10246276855469,104.73999786376953,1.45249605178833
2016-01-12,10.033374786376953,12.258055686950684,93.43107604980469,104.20999908447266,1.454397439956665
2016-01-13,10.035395622253418,12.253918647766113,94.35201263427734,104.72000122070312,1.4436262845993042
2016-01-14,10.06371021270752,12.19602108001709,93.46878051757812,103.0199966430664,1.4407975673675537
2016-01-15,10.103151321411133,12.247716903686523,94.92571258544922,104.08000183105469,1.442710041999817
2016-01-18,10.077869415283203,12.235308647155762,,,1.4274091720581055
2016-01-19,10.069778442382812,12.208426475524902,94.63131713867188,103.9800033569336,1.4253135919570923
2016-01-20,10.140563011169434,12.31181812286377,95.62774658203125,105.37000274658203,1.4182385206222534
2016-01-21,10.106184005737305,12.305614471435547,94.97859954833984,105.48999786376953,1.4198495149612427
2016-01-22,10.071802139282227,12.280800819396973,94.61621856689453,105.0,1.4226775169372559
2016-01-25,10.10820198059082,12.346969604492188,95.12957000732422,106.08000183105469,1.4260046482086182
2016-01-26,10.121352195739746,12.377989768981934,95.17485046386719,107.29000091552734,1.4242985248565674
2016-01-27,10.11022663116455,12.371786117553711,95.1521987915039,107.69000244140625,1.434308648109436
2016-01-28,10.143596649169922,12.411072731018066,95.2881088256836,106.54000091552734,1.4249074459075928
2016-01-29,10.225507736206055,12.516532897949219,96.09577178955078,106.94999694824219,1.4362038373947144
2016-02-01,10.166857719421387,12.36971664428711,95.80158233642578,108.05000305175781,1.4246028661727905
2016-02-02,10.21741771697998,12.448293685913086,97.57896423339844,108.08999633789062,1.4427932500839233
2016-02-03,10.251797676086426,12.522737503051758,96.76964569091797,109.25,1.4409221410751343
2016-02-04,10.223484992980957,12.504125595092773,97.23858642578125,110.56999969482422,1.4585764408111572
2016-02-05,10.219440460205078,12.549615859985352,97.35199737548828,112.31999969482422,1.4581085443496704
2016-02-08,10.356966018676758,12.688161849975586,99.44701385498047,113.83000183105469,1.4512102603912354
2016-02-09,10.338764190673828,12.595109939575195,99.55290222167969,113.58000183105469,1.4436055421829224
2016-02-10,10.337754249572754,12.605446815490723,100.43016052246094,114.45999908447266,1.446591854095459
2016-02-11,10.458087921142578,12.785350799560547,101.133544921875,119.05999755859375,1.452643871307373
2016-02-12,10.324606895446777,12.593042373657227,99.45452880859375,118.36000061035156,1.4482258558273315
2016-02-15,10.312472343444824,12.597177505493164,,,1.4518002271652222
2016-02-16,10.318538665771484,12.572362899780273,98.40323638916016,114.7699966430664,1.4459224939346313
2016-02-17,10.257865905761719,12.450363159179688,97.79820251464844,115.4800033569336,1.4303901195526123
2016-02-18,10.304381370544434,12.413141250610352,99.00077056884766,118.29000091552734,1.4281632900238037
2016-02-19,10.318538665771484,12.373852729797363,99.08392333984375,117.58000183105469,1.4333218336105347
2016-02-22,10.332695960998535,12.386258125305176,99.03103637695312,115.48999786376953,1.426594614982605
2016-02-23,10.298315048217773,12.365580558776855,99.4318618774414,117.22000122070312,1.4148073196411133
2016-02-24,10.358989715576172,12.396599769592285,99.23526000976562,117.61000061035156,1.4013453722000122
2016-02-25,10.314495086669922,12.322155952453613,99.5906982421875,117.91999816894531,1.3929517269134521
2016-02-26,10.274044036865234,12.36971664428711,98.63011932373047,117.11000061035156,1.3966480493545532
2016-02-29,10.36303424835205,12.481379508972168,99.0612564086914,118.63999938964844,1.3861935138702393
2016-03-01,10.32258415222168,12.41934585571289,97.31694030761719,117.7699966430664,1.3927963972091675
2016-03-02,10.274044036865234,12.402802467346191,97.71855163574219,118.68000030517578,1.3963944911956787
2016-03-03,10.326628684997559,12.514464378356934,98.0746841430664,120.7300033569336,1.408093810081482
2016-03-04,10.272026062011719,12.485515594482422,97.44575500488281,120.54000091552734,1.4174946546554565
2016-03-07,10.274044036865234,12.477243423461914,97.41541290283203,121.13999938964844,1.4215044975280762
2016-03-08,10.387303352355957,12.704703330993652,98.49146270751953,120.58000183105469,1.4261265993118286
2016-03-09,10.304381370544434,12.586837768554688,97.892822265625,119.58000183105469,1.4208581447601318
2016-03-10,10.272026062011719,12.661279678344727,97.4912109375,121.5,1.42069673538208
2016-03-11,10.225507736206055,12.621993064880371,96.50616455078125,119.41000366210938,1.4287755489349365
2016-03-14,10.270002365112305,12.644737243652344,96.80931091308594,117.87000274658203,1.4380005598068237
2016-03-15,10.272026062011719,12.597177505493164,96.9001693725586,117.95999908447266,1.4282041788101196
2016-03-16,10.259889602661133,12.54548168182373,97.18812561035156,120.58999633789062,1.4156285524368286
2016-03-17,10.318538665771484,12.684027671813965,97.58973693847656,120.12999725341797,1.4255167245864868
2016-03-18,10.33471965789795,12.729517936706543,97.79432678222656,119.80000305175781,1.4478065967559814
2016-03-21,10.302359580993652,12.611651420593262,97.04413604736328,118.95999908447266,1.4468011856079102
2016-03-22,10.313484191894531,12.669550895690918,97.02140808105469,119.30999755859375,1.4370087385177612
2016-03-23,10.320561408996582,12.66748332977295,98.12015533447266,116.61000061035156,1.4224953651428223
2016-03-24,10.306405067443848,12.572362899780273,98.15802001953125,116.33000183105469,1.411691665649414
2016-03-25,,,,,1.4130080938339233
2016-03-28,,,98.28687286376953,116.5999984741211,1.413107991218567
2016-03-29,10.33471965789795,12.539278030395508,99.31736755371094,118.76000213623047,1.4263300895690918
2016-03-30,10.298315048217773,12.518600463867188,98.27172088623047,117.0999984741211,1.438641905784607
2016-03-31,10.348875999450684,12.599245071411133,98.96885681152344,117.63999938964844,1.4374011754989624
2016-04-01,10.342809677124023,12.584770202636719,99.22697448730469,116.93000030517578,1.4366991519927979
2016-04-04,10.344831466674805,12.630263328552246,99.2876968383789,116.1500015258789,1.422454833984375
2016-04-05,10.377192497253418,12.615788459777832,100.37355041503906,117.66000366210938,1.4264928102493286
2016-04-06,10.393369674682617,12.621993064880371,99.6446304321289,116.94000244140625,1.4156285524368286
2016-04-07,10.441908836364746,12.729517936706543,100.87467956542969,118.61000061035156,1.4138071537017822
2016-04-08,10.389325141906738,12.650940895080566,100.23687744140625,118.43000030517578,1.4057974815368652
2016-04-11,10.350900650024414,12.584770202636719,100.1077880859375,120.02999877929688,1.4130080938339233
2016-04-12,10.308426856994629,12.543415069580078,99.41686248779297,120.05000305175781,1.4234064817428589
2016-04-13,10.342809677124023,12.621993064880371,99.76611328125,118.7699966430664,1.4268999099731445
2016-04-14,10.332695960998535,12.559957504272461,99.2876968383789,117.11000061035156,1.4192047119140625
2016-04-15,10.356966018676758,12.576498985290527,100.1381607055664,117.91999816894531,1.4146071672439575
2016-04-18,10.288202285766602,12.440024375915527,99.70538330078125,117.73999786376953,1.4174344539642334
2016-04-19,10.255843162536621,12.406937599182129,99.39399719238281,119.58000183105469,1.4289796352386475
2016-04-20,10.316515922546387,12.475175857543945,98.30062103271484,118.97000122070312,1.4389524459838867
2016-04-21,10.225507736206055,12.344903945922852,97.71598815917969,119.41999816894531,1.4338973760604858
2016-04-22,10.219440460205078,12.342833518981934,97.46540069580078,117.88999938964844,1.432295322418213
2016-04-25,10.215394020080566,12.29527473449707,97.06291198730469,118.2300033569336,1.4446691274642944
2016-04-26,10.162811279296875,12.183612823486328,96.62252044677734,118.69999694824219,1.4490653276443481
2016-04-27,10.195171356201172,12.204291343688965,97.58686065673828,119.04000091552734,1.457726001739502
2016-04-28,10.21741771697998,12.251851081848145,97.98931121826172,121.29000091552734,1.4542070627212524
2016-04-29,10.229552268981934,12.336630821228027,98.23989868164062,123.6500015258789,1.4611338376998901
2016-05-02,,,97.25076293945312,123.23999786376953,1.4602802991867065
2016-05-03,10.312472343444824,12.444159507751465,98.47572326660156,122.95999908447266,1.4665981531143188
2016-05-04,10.298315048217773,12.36971664428711,99.01591491699219,122.20999908447266,1.4550957679748535
2016-05-05,10.33471965789795,12.41934585571289,99.67787170410156,122.06999969482422,1.4507049322128296
2016-05-06,10.383256912231445,12.481379508972168,99.25181579589844,123.18000030517578,1.4492753744125366
2016-05-09,10.371122360229492,12.41934585571289,99.56375885009766,120.6500015258789,1.443084716796875
2016-05-10,10.377192497253418,12.41934585571289,99.57135009765625,120.9800033569336,1.4415452480316162
2016-05-11,10.389325141906738,12.442089080810547,100.13436126708984,122.12000274658203,1.4451494216918945
2016-05-12,10.371108055114746,12.423067092895508,99.67787170410156,121.16000366210938,1.4438347816467285
2016-05-13,10.40378475189209,12.443836212158203,100.64408874511719,121.70999908447266,1.4445230960845947
2016-05-16,10.399700164794922,12.458374977111816,99.77674102783203,121.80000305175781,1.4349260330200195
2016-05-17,10.407869338989258,12.474987030029297,99.94416809082031,122.22000122070312,1.4446901082992554
2016-05-18,10.332304954528809,12.437604904174805,98.52140045166016,120.0999984741211,1.4455254077911377
2016-05-19,10.336387634277344,12.414759635925293,98.94747924804688,119.87000274658203,1.4596196413040161
2016-05-20,10.324132919311523,12.416837692260742,99.02355194091797,119.70999908447266,1.4601097106933594
2016-05-23,10.332304954528809,12.437604904174805,99.24421691894531,119.37000274658203,1.4490653276443481
2016-05-24,10.322091102600098,12.468756675720215,98.80291748046875,117.30000305175781,1.4481840133666992
2016-05-25,10.348639488220215,12.551825523376465,98.43003845214844,116.9800033569336,1.4612619876861572
2016-05-26,10.397660255432129,12.61828327178955,98.9398422241211,116.58000183105469,1.4698317050933838
2016-05-27,10.391532897949219,12.564285278320312,98.79528045654297,115.62000274658203,1.466490626335144
2016-05-30,,,,,1.4626511335372925
2016-05-31,10.420122146606445,12.568439483642578,99.03118133544922,116.05999755859375,1.4635074138641357
2016-06-01,10.483436584472656,12.6224365234375,99.43291473388672,115.94000244140625,1.4482468366622925
2016-06-02,10.497733116149902,12.605820655822754,100.14961242675781,115.66999816894531,1.4419403076171875
2016-06-03,10.56717300415039,12.703428268432617,101.57534790039062,118.87999725341797,1.4405485391616821
2016-06-06,10.540623664855957,12.730425834655762,100.8205337524414,118.91999816894531,1.4383935928344727
2016-06-07,10.538583755493164,12.663969993591309,101.06448364257812,118.81999969482422,1.4459224939346313
2016-06-08,10.559004783630371,12.747039794921875,101.60580444335938,120.58000183105469,1.454355001449585
2016-06-09,10.587597846984863,12.728348731994629,102.26143646240234,121.25,1.4518423080444336
2016-06-10,10.608023643493652,12.742886543273926,102.757080078125,121.73999786376953,1.4463825225830078
2016-06-13,10.612106323242188,12.751193046569824,103.2144775390625,122.63999938964844,1.4188824892044067
2016-06-14,10.695841789245605,12.927717208862305,103.13826751708984,122.7699966430664,1.4206764698028564
2016-06-15,10.748945236206055,13.077241897583008,103.53466033935547,123.68000030517578,1.4123696088790894
2016-06-16,10.720351219177246,13.166542053222656,104.03785705566406,122.37999725341797,1.41958749294281
2016-06-17,10.66520881652832,13.064779281616211,103.38983917236328,123.94999694824219,1.4295722246170044
2016-06-20,10.559004783630371,12.898642539978027,102.28430938720703,123.20999908447266,1.4585976600646973
2016-06-21,10.521222114562988,12.830108642578125,101.81167602539062,120.83999633789062,1.467502236366272
2016-06-22,10.497733116149902,12.794805526733398,101.97933197021484,120.9000015258789,1.4670286178588867
2016-06-23,10.450760841369629,12.755346298217773,100.81290435791016,120.11000061035156,1.4789398908615112
2016-06-24,10.740775108337402,13.407444953918457,103.5194320678711,126.0,1.4557948112487793
2016-06-27,10.91641616821289,13.664959907531738,106.10399627685547,126.68000030517578,1.3450984954833984
2016-06-28,10.908247947692871,13.783334732055664,106.3250961303711,125.31999969482422,1.323504090309143
2016-06-29,10.942968368530273,13.85394287109375,105.50930786132812,125.83999633789062,1.3350956439971924
2016-06-30,10.998111724853516,13.947395324707031,105.89816284179688,126.47000122070312,1.3465837240219116
2016-07-01,11.069594383239746,13.968165397644043,107.36846160888672,128.41000366210938,1.3328713178634644
2016-07-04,11.077764511108398,14.001392364501953,,,1.3289920091629028
2016-07-05,11.146183967590332,14.08446216583252,108.71279907226562,129.47000122070312,1.3279860019683838
2016-07-06,11.1655855178833,14.209065437316895,108.88847351074219,130.22999572753906,1.2957899570465088
2016-07-07,11.114524841308594,14.213221549987793,108.88078308105469,129.74000549316406,1.292590856552124
2016-07-08,11.150267601013184,14.27552318572998,109.6827621459961,130.52000427246094,1.2915725708007812
2016-07-11,11.130866050720215,14.16337776184082,108.72039794921875,129.2899932861328,1.2946157455444336
2016-07-12,11.065510749816895,13.98062801361084,106.93309783935547,127.1500015258789,1.2981113195419312
2016-07-13,11.1655855178833,14.138458251953125,108.19340515136719,128.32000732421875,1.3278273344039917
2016-07-14,11.12065601348877,14.092766761779785,106.62001037597656,127.33000183105469,1.3119744062423706
2016-07-15,11.059383392333984,13.90170955657959,105.70338439941406,126.83999633789062,1.3357912302017212
2016-07-18,11.061423301696777,13.922473907470703,105.60408020019531,127.04000091552734,1.3229613304138184
2016-07-19,11.063467025756836,13.95570182800293,106.19983673095703,127.20999908447266,1.3268934488296509
2016-07-20,11.012409210205078,13.723111152648926,105.61933135986328,125.38999938964844,1.310839295387268
2016-07-21,10.996071815490723,13.770874977111816,105.83325958251953,127.30000305175781,1.326453447341919
2016-07-22,11.047128677368164,13.843560218811035,106.01663208007812,126.3499984741211,1.3246086835861206
2016-07-25,11.049169540405273,13.816560745239258,105.94013977050781,125.47000122070312,1.3129734992980957
2016-07-26,11.034876823425293,13.714801788330078,106.10820007324219,126.0,1.3107877969741821
2016-07-27,11.139036178588867,13.864326477050781,107.42961120605469,128.02999877929688,1.3152875900268555
2016-07-28,11.147205352783203,13.914169311523438,107.2309341430664,127.66000366210938,1.323784351348877
2016-07-29,11.196221351623535,14.072003364562988,108.12462615966797,128.97999572753906,1.316187858581543
2016-08-01,11.163542747497559,13.988931655883789,106.95233154296875,129.22000122070312,1.3216325044631958
2016-08-02,11.085932731628418,13.85394287109375,105.85039520263672,130.27000427246094,1.3185480833053589
2016-08-03,11.114524841308594,13.91832160949707,105.91165924072266,129.64999389648438,1.333777904510498
2016-08-04,11.281998634338379,14.204913139343262,106.70748901367188,129.8699951171875,1.332800269126892
2016-08-05,11.29221248626709,14.29629135131836,105.59795379638672,127.55000305175781,1.3129217624664307
2016-08-08,11.349398612976074,14.449968338012695,105.79688262939453,127.44000244140625,1.3085750341415405
2016-08-09,11.408625602722168,14.566262245178223,106.83758544921875,127.95999908447266,1.3032373189926147
2016-08-10,11.514830589294434,14.840397834777832,107.25077819824219,128.55999755859375,1.3007115125656128
2016-08-11,11.55363655090332,15.010687828063965,106.29429626464844,127.66999816894531,1.3020155429840088
2016-08-12,11.53525447845459,15.06883716583252,107.1895523071289,127.4000015258789,1.2954877614974976
2016-08-15,11.494406700134277,15.043917655944824,106.17949676513672,127.83999633789062,1.290988802909851
2016-08-16,11.435176849365234,15.00238037109375,105.89643096923828,128.47000122070312,1.2883111238479614
2016-08-17,11.427009582519531,14.964997291564941,106.53153991699219,128.5,1.303373098373413
2016-08-18,11.46376895904541,15.085450172424316,106.6998291015625,129.11000061035156,1.3044612407684326
2016-08-19,11.386161804199219,14.892315864562988,106.1412353515625,127.97000122070312,1.3166556358337402
2016-08-22,11.445389747619629,15.027298927307129,107.03651428222656,127.77999877929688,1.3056023120880127
2016-08-23,11.490321159362793,15.193441390991211,107.15129852294922,127.76000213623047,1.3137152194976807
2016-08-24,11.500532150268555,15.278586387634277,106.89877319335938,126.33999633789062,1.3196094036102295
2016-08-25,11.486235618591309,15.286895751953125,106.49320220947266,126.2300033569336,1.3234516382217407
2016-08-26,11.51687240600586,15.438498497009277,105.8734130859375,126.05000305175781,1.3194352388381958
2016-08-29,,,107.28901672363281,126.30000305175781,1.3128528594970703
2016-08-30,11.527084350585938,15.467573165893555,106.87581634521484,125.02999877929688,1.3107877969741821
2016-08-31,11.488279342651367,15.380348205566406,107.02890014648438,124.77999877929688,1.3090718984603882
2016-09-01,11.486235618591309,15.446802139282227,107.14692687988281,125.29000091552734,1.3133701086044312
2016-09-02,11.41066837310791,15.203825950622559,106.27301025390625,126.56999969482422,1.327492356300354
2016-09-05,11.431093215942383,15.261974334716797,,,1.3294336795806885
2016-09-06,11.455601692199707,15.34712028503418,107.0472412109375,128.7100067138672,1.3313806056976318
2016-09-07,11.451519012451172,15.44472885131836,106.97058868408203,128.27000427246094,1.3421016931533813
2016-09-08,11.341227531433105,15.218363761901855,105.62904357910156,127.58999633789062,1.333866834640503
2016-09-09,11.203369140625,14.931775093078613,103.88888549804688,126.75,1.331026315689087
2016-09-12,11.198264122009277,14.973304748535156,103.94256591796875,126.58999633789062,1.327316164970398
2016-09-13,11.169672012329102,14.944230079650879,102.76203155517578,125.75,1.333866834640503
2016-09-14,11.159459114074707,15.01484489440918,102.91529846191406,126.18000030517578,1.3194352388381958
2016-09-15,11.134949684143066,14.98576545715332,102.47065734863281,125.37000274658203,1.326435923576355
2016-09-16,11.155373573303223,14.979535102844238,103.29862976074219,125.05999755859375,1.3247665166854858
2016-09-19,11.130866050720215,14.923458099365234,102.96126556396484,125.31999969482422,1.3016257286071777
2016-09-20,11.212560653686523,14.973304748535156,103.32160186767578,125.44000244140625,1.3044612407684326
2016-09-21,11.19213581085205,14.91515827178955,104.15719604492188,127.2699966430664,1.2985326051712036
2016-09-22,11.318763732910156,15.272355079650879,104.98516845703125,127.56999969482422,1.3036110401153564
2016-09-23,11.314680099487305,15.185133934020996,104.88550567626953,127.6500015258789,1.3087291717529297
2016-09-26,11.355525016784668,15.351275444030762,105.5523910522461,127.55000305175781,1.297858476638794
2016-09-27,11.396370887756348,15.4924955368042,106.32667541503906,126.62000274658203,1.2969495058059692
2016-09-28,11.390246391296387,15.565176963806152,106.09668731689453,126.22000122070312,1.3012362718582153
2016-09-29,11.331019401550293,15.617094993591309,106.36502838134766,126.06999969482422,1.3039510250091553
2016-09-30,11.253408432006836,15.34712028503418,105.41442108154297,125.63999938964844,1.2963443994522095
2016-10-03,11.29221248626709,15.660709381103516,105.06651306152344,125.31999969482422,1.2931592464447021
2016-10-04,11.27791690826416,15.637864112854004,103.83779907226562,120.97000122070312,1.2848516702651978
2016-10-05,11.208474159240723,15.642017364501953,103.35395812988281,120.77999877929688,1.273236632347107
2016-10-06,11.143120765686035,15.741700172424316,102.77794647216797,119.66000366210938,1.2755101919174194
2016-10-07,11.041003227233887,15.546488761901855,102.84706115722656,119.73999786376953,1.2402331829071045
2016-10-10,10.991983413696289,15.457186698913574,102.24037170410156,120.16000366210938,1.2434717416763306
2016-10-11,11.049169540405273,15.621249198913574,102.01004028320312,119.55000305175781,1.2341108322143555
2016-10-12,10.967476844787598,15.39281177520752,102.1098403930664,119.73999786376953,1.2278977632522583
2016-10-13,10.994027137756348,15.251588821411133,102.49381256103516,120.02999877929688,1.2187690734863281
2016-10-14,10.926630020141602,15.023149490356445,101.05770874023438,119.36000061035156,1.222195029258728
2016-10-17,10.912332534790039,15.01276683807373,101.70284271240234,119.68000030517578,1.2183235883712769
2016-10-18,10.953180313110352,15.17890453338623,102.03303527832031,120.41999816894531,1.2218962907791138
2016-10-19,10.955223083496094,15.27027702331543,102.11750793457031,121.11000061035156,1.230466365814209
2016-10-20,10.975645065307617,15.45926570892334,102.22500610351562,120.73999786376953,1.2289540767669678
2016-10-21,10.975645065307617,15.372040748596191,102.37863159179688,120.83000183105469,1.2256402969360352
2016-10-24,10.967476844787598,15.455113410949707,101.93319702148438,120.55999755859375,1.2219113111495972
2016-10-25,10.959308624267578,15.504956245422363,102.2020034790039,121.47000122070312,1.2217471599578857
2016-10-26,10.883740425109863,15.40942096710205,101.51080322265625,120.79000091552734,1.217581868171692
2016-10-27,10.787749290466309,15.168522834777832,100.40496826171875,121.01000213623047,1.2235409021377563
2016-10-28,10.781623840332031,15.03145694732666,100.18222045898438,121.58000183105469,1.2171372175216675
2016-10-31,10.802045822143555,15.160211563110352,100.79658508300781,121.94000244140625,1.2215979099273682
2016-11-01,10.755072593688965,15.093757629394531,100.80428314208984,122.7300033569336,1.2236906290054321
2016-11-02,10.844935417175293,15.305585861206055,101.24285888671875,123.63999938964844,1.2238553762435913
2016-11-03,10.822470664978027,15.189289093017578,100.46572875976562,124.30000305175781,1.230466365814209
2016-11-04,10.902121543884277,15.28481674194336,101.36599731445312,124.38999938964844,1.2468827962875366
2016-11-07,10.822470664978027,15.102065086364746,100.50419616699219,122.1500015258789,1.248907208442688
2016-11-08,10.795919418334961,15.01484489440918,100.096435546875,121.63999938964844,1.2399256229400635
2016-11-09,10.777535438537598,15.025223731994629,95.84912109375,121.55999755859375,1.2388503551483154
2016-11-10,10.672237396240234,14.80954647064209,94.43330383300781,119.75,1.242081642150879
2016-11-11,10.6536865234375,14.811630249023438,93.90242767333984,117.0999984741211,1.2553352117538452
2016-11-14,10.604209899902344,14.624194145202637,93.3407211303711,116.11000061035156,1.2573871612548828
2016-11-15,10.649560928344727,14.782472610473633,93.8023681640625,117.12000274658203,1.2520345449447632
2016-11-16,10.66399097442627,14.782472610473633,94.64877319335938,116.7699966430664,1.2456402778625488
2016-11-17,10.674299240112305,14.695002555847168,93.25605010986328,116.16999816894531,1.2442454099655151
2016-11-18,10.58359432220459,14.428428649902344,92.98674774169922,115.1500015258789,1.2410026788711548
2016-11-21,10.637194633483887,14.486740112304688,93.21762084960938,115.58000183105469,1.2324377298355103
2016-11-22,10.668112754821777,14.580460548400879,93.18685150146484,115.54000091552734,1.2493752241134644
2016-11-23,10.600085258483887,14.465912818908691,92.8251953125,113.25,1.2423903942108154
2016-11-24,10.61245346069336,14.563800811767578,,,1.2433171272277832
2016-11-25,10.635132789611816,14.511734008789062,92.96370697021484,112.61000061035156,1.2452834844589233
2016-11-28,10.666051864624023,14.511734008789062,93.64851379394531,113.80000305175781,1.248127818107605
2016-11-29,10.678421020507812,14.495071411132812,94.04090118408203,113.2699966430664,1.2411566972732544
2016-11-30,10.65162181854248,14.386773109436035,92.51740264892578,111.75,1.249219298362732
2016-12-01,10.591837882995605,14.186844825744629,91.5405502319336,111.54000091552734,1.2517211437225342
2016-12-02,10.668112754821777,14.499237060546875,92.21134948730469,112.13999938964844,1.2589701414108276
2016-12-05,10.661932945251465,14.490907669067383,92.11111450195312,111.54000091552734,1.266784906387329
2016-12-06,10.643377304077148,14.47216510772705,92.04167938232422,111.43000030517578,1.2728476524353027
2016-12-07,10.686667442321777,14.649185180664062,92.82816314697266,111.83000183105469,1.2671059370040894
2016-12-08,10.678421020507812,14.717913627624512,91.73330688476562,111.56999969482422,1.262785792350769
2016-12-09,10.606270790100098,14.58254337310791,90.5922622680664,110.4000015258789,1.2584948539733887
2016-12-12,10.550612449645996,14.482575416564941,90.76187133789062,110.81999969482422,1.2597631216049194
2016-12-13,10.620698928833008,14.532560348510742,91.08572387695312,110.44999694824219,1.2675877809524536
2016-12-14,10.66399097442627,14.522147178649902,90.0679702758789,108.83000183105469,1.2663036584854126
2016-12-15,10.56297779083252,14.174347877502441,90.52288055419922,107.33999633789062,1.253824234008789
2016-12-16,10.610394477844238,14.245157241821289,90.31470489501953,108.05000305175781,1.2423903942108154
2016-12-19,10.649560928344727,14.240989685058594,91.28614044189453,108.58999633789062,1.248907208442688
2016-12-20,10.645438194274902,14.309717178344727,90.83123779296875,107.79000091552734,1.2390038967132568
2016-12-21,10.694913864135742,14.424263954162598,91.23217010498047,107.8499984741211,1.2365524768829346
2016-12-22,10.723771095275879,14.503400802612305,91.06907653808594,107.58999633789062,1.2354830503463745
2016-12-23,10.748514175415039,14.632527351379395,91.25460052490234,107.93000030517578,1.2285012006759644
2016-12-26,,,,,1.2289540767669678
2016-12-27,,,90.9608383178711,108.55999755859375,1.227596402168274
2016-12-28,10.794894218444824,14.711666107177734,91.62564086914062,108.86000061035156,1.227596402168274
2016-12-29,10.870137214660645,14.886605262756348,91.95032501220703,110.29000091552734,1.2224938869476318
2016-12-30,10.876321792602539,14.882441520690918,92.08940887451172,109.61000061035156,1.2288031578063965
2017-01-02,,,,,1.234903335571289
2017-01-03,10.740264892578125,14.751235961914062,92.48368072509766,110.47000122070312,1.2281994819641113
2017-01-04,10.736143112182617,14.797050476074219,92.83928680419922,110.86000061035156,1.2245597839355469
2017-01-05,10.736143112182617,14.882441520690918,94.29251098632812,112.58000183105469,1.2326807975769043
2017-01-06,10.676362037658691,14.726241111755371,93.42680358886719,111.75,1.2425447702407837
2017-01-09,10.725836753845215,14.778308868408203,94.17660522460938,112.66999816894531,1.2260912656784058
2017-01-10,10.707283973693848,14.778308868408203,94.11473083496094,113.1500015258789,1.2173447608947754
2017-01-11,10.72171401977539,14.915763854980469,94.4316635131836,113.5,1.2174336910247803
2017-01-12,10.752634048461914,14.919929504394531,94.22294616699219,113.91000366210938,1.2214486598968506
2017-01-13,10.6804838180542,14.772062301635742,93.77462005615234,114.20999908447266,1.2165449857711792
2017-01-16,10.729960441589355,14.836620330810547,,,1.2039345502853394
2017-01-17,10.771187782287598,14.776225090026855,94.75634765625,115.8499984741211,1.2040214538574219
2017-01-18,10.738204956054688,14.819962501525879,93.5427017211914,114.87000274658203,1.2388043403625488
2017-01-19,10.67017650604248,14.60128402709961,92.90110778808594,114.7699966430664,1.225970983505249
2017-01-20,10.639253616333008,14.499237060546875,92.7155990600586,115.05000305175781,1.2338367700576782
2017-01-23,10.672237396240234,14.578376770019531,93.64321899414062,115.79000091552734,1.2386969327926636
2017-01-24,10.686667442321777,14.75331974029541,93.00161743164062,115.2699966430664,1.2517211437225342
2017-01-25,10.595962524414062,14.578376770019531,91.83434295654297,114.31999969482422,1.2533055543899536
2017-01-26,10.558856964111328,14.586709022521973,92.14353942871094,113.26000213623047,1.2634079456329346
2017-01-27,10.604209899902344,14.657515525817871,92.4759521484375,113.48999786376953,1.2595410346984863
2017-01-30,10.641316413879395,14.778308868408203,92.19769287109375,113.97000122070312,1.2591921091079712
2017-01-31,10.67017650604248,14.89702033996582,92.83928680419922,115.55000305175781,1.25
2017-02-01,10.616576194763184,14.844951629638672,92.26526641845703,115.19999694824219,1.2589701414108276
2017-02-02,10.6712064743042,14.894937515258789,92.2265396118164,115.83999633789062,1.2661433219909668
2017-02-03,10.69697380065918,14.828291893005371,92.18779754638672,116.12999725341797,1.2520031929016113
2017-02-06,10.715529441833496,14.869942665100098,92.74556732177734,117.69999694824219,1.2484238147735596
2017-02-07,10.756757736206055,14.91159725189209,93.4272689819336,117.45999908447266,1.2468360662460327
2017-02-08,10.826848983764648,15.094868659973145,94.69779968261719,118.19000244140625,1.2496250867843628
2017-02-09,10.810354232788086,15.10319995880127,93.60543823242188,117.29000091552734,1.252803087234497
2017-02-10,10.785619735717773,15.044885635375977,93.55121612548828,117.5999984741211,1.2498124837875366
2017-02-13,10.738204956054688,14.940752983093262,93.25680541992188,116.80000305175781,1.2484550476074219
2017-02-14,10.738204956054688,14.940752983093262,92.58289337158203,116.93000030517578,1.2523010969161987
2017-02-15,10.7268648147583,14.84911823272705,92.15680694580078,117.44999694824219,1.2470382452011108
2017-02-16,10.779435157775879,14.832457542419434,92.66031646728516,118.08000183105469,1.2469760179519653
2017-02-17,10.83303451538086,14.903264045715332,93.21035766601562,117.68000030517578,1.2489228248596191
2017-02-20,10.804171562194824,14.786640167236328,,,1.2433944940567017
2017-02-21,10.802109718322754,14.686675071716309,93.0476303100586,117.75,1.2473337650299072
2017-02-22,10.83096981048584,14.707500457763672,93.20260620117188,117.91000366210938,1.248704433441162
2017-02-23,10.872200012207031,14.865779876708984,93.48152160644531,118.94000244140625,1.2453765869140625
2017-02-24,10.967028617858887,15.049053192138672,94.51958465576172,119.69999694824219,1.255618929862976
2017-02-27,10.950535774230957,15.036554336547852,93.96182250976562,119.12000274658203,1.2399563789367676
2017-02-28,10.981457710266113,15.065710067749023,94.31037902832031,119.2300033569336,1.2439358234405518
2017-03-01,10.93610668182373,14.974074363708496,92.73011016845703,119.05999755859375,1.2378076314926147
2017-03-02,10.905182838439941,14.878275871276855,92.39632415771484,117.58000183105469,1.227219820022583
2017-03-03,10.925797462463379,14.836620330810547,92.63697052001953,117.51000213623047,1.227475881576538
2017-03-06,10.909308433532715,14.740822792053223,92.19454193115234,116.72000122070312,1.23001229763031
2017-03-07,10.931983947753906,14.819962501525879,91.91513061523438,115.77999877929688,1.224289894104004
2017-03-08,10.907244682312012,14.913679122924805,91.41837310791016,115.05999755859375,1.2204499244689941
2017-03-09,10.913429260253906,14.974074363708496,90.68876647949219,114.47000122070312,1.217730164527893
2017-03-10,10.882508277893066,14.94908332824707,91.0069580078125,114.72000122070312,1.2157316207885742
2017-03-13,10.870137214660645,14.957412719726562,90.43260192871094,114.73999786376953,1.2171372175216675
2017-03-14,10.892814636230469,14.974074363708496,90.86729431152344,114.12000274658203,1.220598816871643
2017-03-15,10.905182838439941,14.94491958618164,91.97721862792969,116.25,1.2157464027404785
2017-03-16,10.88456916809082,14.869942665100098,91.51154327392578,116.7300033569336,1.2284257411956787
2017-03-17,10.907244682312012,14.670015335083008,92.08589935302734,116.98999786376953,1.2351168394088745
2017-03-20,10.9196138381958,14.744987487792969,92.48170471191406,117.51000213623047,1.2384514808654785
2017-03-21,10.892814636230469,14.769979476928711,93.2501449584961,118.54000091552734,1.2367054224014282
2017-03-22,10.979395866394043,14.986571311950684,93.62272644042969,118.83000183105469,1.2482056617736816
2017-03-23,10.907244682312012,14.91159725189209,93.49076080322266,118.66999816894531,1.2475050687789917
2017-03-24,10.93610668182373,15.053214073181152,93.82449340820312,118.86000061035156,1.251877784729004
2017-03-27,10.958781242370605,15.094868659973145,94.25142669677734,119.52999877929688,1.2514548301696777
2017-03-28,10.942290306091309,15.057381629943848,93.62272644042969,119.04000091552734,1.2557923793792725
2017-03-29,10.969091415405273,15.015726089477539,94.18155670166016,119.33000183105469,1.2421433925628662
2017-03-30,11.014440536499023,15.053214073181152,93.42091369628906,118.47000122070312,1.2440440654754639
2017-03-31,11.004135131835938,15.157349586486816,93.69257354736328,118.72000122070312,1.2478474378585815
2017-04-03,11.101022720336914,15.428088188171387,94.63761138916016,119.3499984741211,1.2540757656097412
2017-04-04,11.083501815795898,15.492648124694824,94.1242446899414,119.62000274658203,1.249219298362732
2017-04-05,11.043304443359375,15.511392593383789,94.41204071044922,119.62000274658203,1.2439976930618286
2017-04-06,11.028874397277832,15.63634967803955,94.27203369140625,119.18000030517578,1.248907208442688
2017-04-07,11.053608894348145,15.615525245666504,93.89091491699219,119.45999908447266,1.246867299079895
2017-04-10,11.055670738220215,15.732151985168457,94.32647705078125,119.45999908447266,1.2375165224075317
2017-04-11,11.088653564453125,15.911256790161133,95.22099304199219,121.19000244140625,1.2425447702407837
2017-04-12,11.101022720336914,16.01122283935547,95.74213409423828,122.0199966430664,1.2492347955703735
2017-04-13,11.098963737487793,15.857110977172852,96.03771209716797,122.5999984741211,1.2549885511398315
2017-04-14,,,,,1.250781774520874
2017-04-17,,,95.74213409423828,122.23999786376953,1.253509759902954
2017-04-18,11.131945610046387,15.619688987731934,96.9944076538086,122.81999969482422,1.2557765245437622
2017-04-19,11.078348159790039,15.515556335449219,96.46549224853516,121.7300033569336,1.2844555377960205
2017-04-20,11.082470893859863,15.52389144897461,96.0921401977539,121.95999908447266,1.2782330513000488
2017-04-21,11.113391876220703,15.561375617980957,96.0921401977539,122.30999755859375,1.2801966667175293
2017-04-24,11.068039894104004,15.465577125549316,95.6176528930664,121.4800033569336,1.2826268672943115
2017-04-25,11.041240692138672,15.365612030029297,94.46649932861328,120.25,1.2776614427566528
2017-04-26,11.041240692138672,15.303131103515625,94.98764038085938,120.83999633789062,1.283235788345337
2017-04-27,11.051549911499023,15.240652084350586,94.95655059814453,120.38999938964844,1.2848351001739502
2017-04-28,11.051549911499023,15.515556335449219,95.16651916503906,120.7699966430664,1.2893576622009277
2017-05-01,,,94.37540435791016,119.66999816894531,1.2931592464447021
2017-05-02,11.037117004394531,15.44891357421875,94.85868072509766,119.6500015258789,1.2897402048110962
2017-05-03,11.041240692138672,15.361445426940918,94.92102813720703,117.9800033569336,1.2941633462905884
2017-05-04,10.987642288208008,15.115694046020508,94.45335388183594,116.79000091552734,1.287166953086853
2017-05-05,10.967028617858887,15.024060249328613,94.53909301757812,117.01000213623047,1.2924906015396118
2017-05-08,10.942290306091309,14.882441520690918,94.02461242675781,116.75,1.296562910079956
2017-05-09,10.909308433532715,14.965746879577637,94.01686096191406,116.05000305175781,1.2943308353424072
2017-05-10,10.948474884033203,15.142766952514648,93.90774536132812,116.04000091552734,1.2948503494262695
2017-05-11,10.95479965209961,15.196734428405762,93.90774536132812,116.5,1.2930588722229004
2017-05-12,11.038028717041016,15.345254898071289,94.61701965332031,116.83000183105469,1.2891582250595093
2017-05-15,10.973526000976562,15.223930358886719,94.35981750488281,117.13999938964844,1.2886598110198975
2017-05-16,11.000575065612793,15.269949913024902,94.71057891845703,117.6500015258789,1.2903059720993042
2017-05-17,11.062994956970215,15.320152282714844,96.0902099609375,119.79000091552734,1.2916892766952515
2017-05-18,11.062994956970215,15.370352745056152,96.1993179321289,118.80999755859375,1.2970168590545654
2017-05-19,11.0609130859375,15.408008575439453,96.42534637451172,119.4000015258789,1.2958402633666992
2017-05-22,11.04634952545166,15.441475868225098,96.16036224365234,119.9000015258789,1.3012192249298096
2017-05-23,11.067157745361328,15.504226684570312,95.51338958740234,119.13999938964844,1.2995283603668213
2017-05-24,11.07860279083252,15.541882514953613,96.05121612548828,119.61000061035156,1.2956557273864746
2017-05-25,11.102526664733887,15.495861053466797,96.08241271972656,119.4800033569336,1.2980270385742188
2017-05-26,11.13998031616211,15.458206176757812,96.24610900878906,120.54000091552734,1.293326497077942
2017-05-29,,,,,1.281427025794983
2017-05-30,11.131658554077148,15.420557975769043,96.7215576171875,120.13999938964844,1.281410574913025
2017-05-31,11.087964057922363,15.232295989990234,96.9631576538086,120.62000274658203,1.2809016704559326
2017-06-01,11.05883502960205,15.282499313354492,96.97332000732422,120.72000122070312,1.2875481843948364
2017-06-02,11.092126846313477,15.320152282714844,98.12155151367188,121.61000061035156,1.2888258695602417
2017-06-05,11.075479507446289,15.27413272857666,97.51226043701172,121.7300033569336,1.2870012521743774
2017-06-06,11.131658554077148,15.391270637512207,98.04345703125,123.0999984741211,1.2907389402389526
2017-06-07,11.137899398803711,15.320152282714844,97.57475280761719,122.44999694824219,1.2906723022460938
2017-06-08,11.067157745361328,15.018936157226562,97.31697845458984,121.6500015258789,1.2962098121643066
2017-06-09,11.11085319519043,15.169544219970703,97.16860961914062,120.54000091552734,1.2722970247268677
2017-06-12,11.12957763671875,15.311784744262695,97.1373519897461,120.36000061035156,1.2739177942276
2017-06-13,11.048429489135742,15.077506065368652,97.1529769897461,120.4800033569336,1.2669775485992432
2017-06-14,11.154546737670898,15.27413272857666,98.65267944335938,119.81999969482422,1.2750548124313354
2017-06-15,11.05883502960205,14.918532371520996,98.49645233154297,119.31999969482422,1.2754452228546143
2017-06-16,11.071318626403809,14.960367202758789,98.69173431396484,119.33999633789062,1.275835633277893
2017-06-19,11.079639434814453,15.073318481445312,98.5511245727539,118.43000030517578,1.277955174446106
2017-06-20,11.119174003601074,15.232295989990234,99.43377685546875,118.18000030517578,1.273236632347107
2017-06-21,11.104609489440918,15.295050621032715,99.63689422607422,118.5199966430664,1.263248324394226
2017-06-22,11.121253967285156,15.393365859985352,99.8555679321289,118.91999816894531,1.2675718069076538
2017-06-23,11.115009307861328,15.261582374572754,99.80873107910156,119.43000030517578,1.267812728881836
2017-06-26,11.115009307861328,15.20569133758545,100.18362426757812,118.36000061035156,1.2743399143218994
2017-06-27,11.052926063537598,15.02863883972168,99.11351013183594,118.80999755859375,1.2724589109420776
2017-06-28,10.99433422088623,14.90598201751709,98.78543853759766,118.9000015258789,1.281295657157898
2017-06-29,10.871572494506836,14.692617416381836,97.95751953125,118.31999969482422,1.2941465377807617
2017-06-30,10.877815246582031,14.822310447692871,97.73102569580078,118.0199966430664,1.3011176586151123
2017-07-03,10.86532974243164,14.8013916015625,97.41637420654297,116.08999633789062,1.301642656326294
2017-07-04,10.881977081298828,14.772109985351562,,,1.2948671579360962
2017-07-05,10.859087944030762,14.631954193115234,97.43982696533203,116.5199966430664,1.2934937477111816
2017-07-06,10.794586181640625,14.483439445495605,96.63362121582031,116.47000122070312,1.2931759357452393
2017-07-07,10.814352035522461,14.495993614196777,96.05439758300781,115.27999877929688,1.2973533868789673
2017-07-10,10.863251686096191,14.493902206420898,96.19525146484375,115.47000122070312,1.2891249656677246
2017-07-11,10.854928016662598,14.420690536499023,96.35967254638672,115.62000274658203,
2017-07-12,10.859087944030762,14.558745384216309,97.02496337890625,116.02999877929688,1.2859586477279663
2017-07-13,10.827877044677734,14.426962852478027,96.41445922851562,115.81999969482422,1.2893743515014648
2017-07-14,10.81955337524414,14.27426528930664,96.53182983398438,116.7699966430664,1.294716238975525
2017-07-17,10.859087944030762,14.295183181762695,96.79800415039062,117.29000091552734,1.311131477355957
2017-07-18,10.91734790802002,14.479257583618164,97.6433334350586,118.11000061035156,1.3053126335144043
2017-07-19,10.946478843688965,14.571297645568848,97.6824722290039,118.08000183105469,1.303865909576416
2017-07-20,10.913185119628906,14.627777099609375,97.96422576904297,118.23999786376953,1.3032711744308472
2017-07-21,10.961042404174805,14.784656524658203,98.37907409667969,119.26000213623047,1.2965459823608398
2017-07-24,10.95479965209961,14.822310447692871,97.99556732177734,119.30999755859375,1.3004746437072754
2017-07-25,10.875733375549316,14.7009859085083,96.71971893310547,118.91999816894531,1.3031013011932373
2017-07-26,10.900699615478516,14.763738632202148,96.87625885009766,119.87999725341797,1.3027619123458862
2017-07-27,10.93191146850586,14.596396446228027,96.3988037109375,119.79000091552734,1.311475396156311
2017-07-28,10.91734790802002,14.588030815124512,96.97020721435547,120.69000244140625,1.3076680898666382
2017-07-31,10.919427871704102,14.600581169128418,97.08759307861328,120.75,1.3144922256469727
2017-08-01,10.94439697265625,14.686342239379883,97.76922607421875,120.6500015258789,1.3195397853851318
2017-08-02,10.909025192260742,14.62568187713623,97.82415771484375,120.4000015258789,1.3207945823669434
2017-08-03,10.98600959777832,14.79720687866211,98.83604431152344,120.58999633789062,1.3228389024734497
2017-08-04,10.95896053314209,14.734456062316895,97.99675750732422,119.6500015258789,1.314405918121338
2017-08-07,11.002654075622559,14.8013916015625,98.1065444946289,119.51000213623047,1.3046995401382446
2017-08-08,10.983928680419922,14.851594924926758,97.75357055664062,119.86000061035156,1.3037809133529663
2017-08-09,11.04218864440918,14.968730926513672,98.2869644165039,121.30999755859375,1.2986170053482056
2017-08-10,11.073399543762207,15.09842300415039,99.12628173828125,122.20999908447266,1.3014055490493774
2017-08-11,11.08380126953125,15.119338989257812,99.17337036132812,122.79000091552734,1.2976733446121216
2017-08-14,11.06507682800293,15.039854049682617,98.66345977783203,121.91999816894531,1.3005930185317993
2017-08-15,11.048429489135742,15.054496765136719,98.24777221679688,120.9800033569336,1.2965123653411865
2017-08-16,11.017221450805664,14.981284141540527,98.60860443115234,121.87000274658203,1.2867032289505005
2017-08-17,11.044269561767578,15.069138526916504,99.34589385986328,122.48999786376953,1.2891582250595093
2017-08-18,11.04634952545166,14.995928764343262,99.32244110107422,122.30000305175781,1.2865046262741089
2017-08-21,11.071318626403809,15.069138526916504,99.5655517578125,122.76000213623047,1.2873657941818237
2017-08-22,11.048429489135742,15.002202033996582,99.18118286132812,122.20999908447266,1.289823293685913
2017-08-23,11.081721305847168,15.173726081848145,99.85579681396484,122.66999816894531,1.2823965549468994
2017-08-24,11.094205856323242,15.236480712890625,99.48707580566406,122.29000091552734,1.28037691116333
2017-08-25,11.104609489440918,15.30341625213623,99.87150573730469,122.73999786376953,1.280393362045288
2017-08-28,,,99.8086929321289,124.69000244140625,1.2905224561691284
2017-08-29,11.15246295928955,15.525148391723633,100.13034057617188,124.41999816894531,1.2927078008651733
2017-08-30,11.102526664733887,15.338976860046387,100.09896087646484,124.36000061035156,1.292657732963562
2017-08-31,11.115009307861328,15.30341625213623,100.39705657958984,125.81999969482422,1.2920564413070679
2017-09-01,11.092126846313477,15.24484634399414,99.62907409667969,126.05999755859375,1.2941633462905884
2017-09-04,11.087964057922363,15.186277389526367,,,1.2965123653411865
2017-09-05,11.154546737670898,15.37453842163086,101.20901489257812,127.45999908447266,1.2924071550369263
2017-09-06,11.158707618713379,15.428922653198242,100.58805847167969,126.80999755859375,1.3041210174560547
2017-09-07,11.20032024383545,15.659016609191895,101.61773681640625,128.1300048828125,1.3049719333648682
2017-09-08,11.177433013916016,15.621368408203125,101.39762115478516,127.97000122070312,1.3104785680770874
2017-09-11,11.121253967285156,15.470757484436035,100.18720245361328,126.19000244140625,1.3197661638259888
2017-09-12,10.99433422088623,15.131890296936035,99.66051483154297,126.55999755859375,1.3169677257537842
2017-09-13,10.99433422088623,15.142350196838379,99.26750183105469,125.61000061035156,1.3289213180541992
2017-09-14,10.921507835388184,14.964550971984863,99.67623901367188,126.16000366210938,1.3206027746200562
2017-09-15,10.844522476196289,14.659149169921875,99.71556091308594,125.52999877929688,1.3399077653884888
2017-09-18,10.850764274597168,14.621499061584473,99.14177703857422,124.36000061035156,1.3575152158737183
2017-09-19,10.825797080993652,14.608946800231934,98.89802551269531,124.62000274658203,1.3516618013381958
2017-09-20,10.836203575134277,14.65705680847168,98.96883392333984,123.62000274658203,1.3515340089797974
2017-09-21,10.81955337524414,14.684250831604004,98.91381072998047,122.68000030517578,1.3489633798599243
2017-09-22,10.829959869384766,14.755372047424316,99.19676971435547,123.23999786376953,1.3579760789871216
2017-09-25,10.840361595153809,14.864143371582031,99.81776428222656,124.52999877929688,1.3507307767868042
2017-09-26,10.842443466186523,14.736544609069824,99.63693237304688,123.13999938964844,1.3477815389633179
2017-09-27,10.788345336914062,14.654966354370117,98.13566589355469,121.9800033569336,1.3448090553283691
2017-09-28,10.802908897399902,14.634048461914062,97.84480285644531,122.20999908447266,1.3398897647857666
2017-09-29,10.832038879394531,14.675889015197754,98.06488800048828,121.58000183105469,1.343021035194397
2017-10-02,10.873652458190918,14.834858894348145,97.88533020019531,120.7699966430664,1.3394052982330322
2017-10-03,10.838282585144043,14.770014762878418,97.9798583984375,120.83000183105469,1.3275628089904785
2017-10-04,10.807071685791016,14.780477523803711,97.98774719238281,121.16999816894531,1.3241175413131714
2017-10-05,10.784183502197266,14.780477523803711,97.61753845214844,120.5199966430664,1.323276400566101
2017-10-06,10.801870346069336,14.868329048156738,97.34188079833984,121.08999633789062,1.3112690448760986
2017-10-09,10.834118843078613,14.864143371582031,97.64906311035156,122.08000183105469,1.3084039688110352
2017-10-10,10.809150695800781,14.935263633728027,97.80650329589844,122.4000015258789,1.314405918121338
2017-10-11,10.780022621154785,14.97709846496582,97.99559783935547,122.79000091552734,1.3211086988449097
2017-10-12,10.807071685791016,14.903889656066895,98.41303253173828,122.88999938964844,1.3239772319793701
2017-10-13,10.834118843078613,14.97709846496582,99.12189483642578,123.81999969482422,1.326435923576355
2017-10-16,10.85700798034668,15.08168888092041,99.05101776123047,122.97000122070312,1.3288860321044922
2017-10-17,10.900699615478516,15.186277389526367,99.1770248413086,122.12999725341797,1.3252933025360107
2017-10-18,10.886137008666992,14.964550971984863,98.52327728271484,121.66999816894531,1.319487452507019
2017-10-19,10.91110610961914,15.010570526123047,98.69656372070312,122.38999938964844,1.321300745010376
2017-10-20,10.850764274597168,14.790929794311523,97.64906311035156,121.61000061035156,1.3150626420974731
2017-10-23,10.886137008666992,14.885064125061035,97.82231903076172,121.80000305175781,1.3189828395843506
2017-10-24,10.838282585144043,14.763738632202148,97.2158432006836,121.33000183105469,1.3206549882888794
2017-10-25,10.784183502197266,14.703078269958496,96.75115203857422,121.3499984741211,1.3131976127624512
2017-10-26,10.79250717163086,14.571297645568848,96.42822265625,120.33000183105469,1.327351450920105
2017-10-27,10.85284423828125,14.654966354370117,97.06617736816406,120.9000015258789,1.3130252361297607
2017-10-30,10.846602439880371,14.684250831604004,97.99559783935547,121.12999725341797,1.3134045600891113
2017-10-31,10.861170768737793,14.834858894348145,98.02713012695312,120.66999816894531,1.3212482929229736
2017-11-01,10.854928016662598,14.855775833129883,98.46358489990234,121.11000061035156,1.3292216062545776
2017-11-02,10.921507835388184,14.983372688293457,98.89767456054688,121.19000244140625,1.3255391120910645
2017-11-03,10.91734790802002,14.843225479125977,99.16602325439453,120.62000274658203,1.30532968044281
2017-11-06,10.925668716430664,14.872513771057129,99.5369873046875,121.6500015258789,1.30804443359375
2017-11-07,10.948556900024414,15.094239234924316,99.95532989501953,121.20999908447266,1.3175057172775269
2017-11-08,10.983928680419922,15.217655181884766,99.73432159423828,121.62999725341797,1.3172106742858887
2017-11-09,10.929831504821777,15.121435165405273,99.45016479492188,122.12999725341797,1.3113033771514893
2017-11-10,10.848684310913086,14.98755931854248,97.95050048828125,121.12999725341797,1.3144404888153076
2017-11-13,10.86532974243164,15.052406311035156,98.15570831298828,121.30999755859375,1.312026023864746
2017-11-14,10.877815246582031,15.046130180358887,98.8187255859375,121.55999755859375,1.3123359680175781
2017-11-15,10.913185119628906,15.025211334228516,99.89217376708984,121.41000366210938,1.3157894611358643
2017-11-16,10.887038230895996,14.958047866821289,99.02393341064453,121.4000015258789,
2017-11-17,10.905835151672363,15.027655601501465,99.75798034667969,122.86000061035156,1.3200448751449585
2017-11-20,10.930896759033203,15.204851150512695,99.7184829711914,121.30999755859375,1.3202714920043945
2017-11-21,10.960134506225586,15.206960678100586,100.03425598144531,121.51000213623047,1.3245033025741577
2017-11-22,10.93507194519043,15.12258529663086,100.35784149169922,122.62999725341797,1.3245558738708496
2017-11-23,10.962221145629883,15.162660598754883,,,1.3316820859909058
2017-11-24,10.981019973754883,15.213290214538574,100.08157348632812,122.31999969482422,1.330672025680542
2017-11-27,10.966398239135742,15.20906925201416,99.93953704833984,122.83000183105469,1.3324450254440308
2017-11-28,10.951781272888184,15.202743530273438,100.07369232177734,122.80999755859375,1.3322319984436035
2017-11-29,10.874507904052734,14.958047866821289,99.08712005615234,122.04000091552734,1.3365410566329956
2017-11-30,10.884949684143066,14.924296379089355,98.75559997558594,121.0999984741211,1.3417235612869263
2017-12-01,11.00816822052002,15.18797492980957,100.08828735351562,121.58999633789062,1.3529969453811646
2017-12-04,10.926719665527344,14.985471725463867,100.13568115234375,121.18000030517578,1.349400281906128
2017-12-05,10.951781272888184,15.143675804138184,100.63397979736328,120.31999969482422,1.347527265548706
2017-12-06,10.968488693237305,15.194304466247559,100.98196411132812,120.06999969482422,1.341525673866272
2017-12-07,10.951781272888184,15.137351036071777,100.1910400390625,118.48999786376953,1.3392258882522583
2017-12-08,10.9225435256958,15.029768943786621,100.198974609375,118.4800033569336,1.348435878753662
2017-12-11,11.001903533935547,15.139457702636719,99.99334716796875,118.01000213623047,1.3392080068588257
2017-12-12,10.987285614013672,15.158446311950684,99.95379638671875,118.1500015258789,1.334935188293457
2017-12-13,10.991460800170898,15.086722373962402,100.70513153076172,119.16999816894531,1.331948161125183
2017-12-14,11.060379028320312,15.215398788452148,101.13224792480469,118.93000030517578,1.3409678936004639
2017-12-15,11.089616775512695,15.238601684570312,101.51188659667969,119.18000030517578,1.3432915210723877
2017-12-18,11.091707229614258,15.236493110656738,100.58654022216797,119.7300033569336,1.3317352533340454
2017-12-19,11.010257720947266,15.071953773498535,99.28153228759766,119.81999969482422,1.3380789756774902
2017-12-20,10.941336631774902,15.019220352172852,98.18218231201172,120.13999938964844,1.3386881351470947
2017-12-21,10.939249038696289,15.057188987731934,98.7544174194336,120.30999755859375,1.3372023105621338
2017-12-22,10.932984352111816,15.118361473083496,98.88912200927734,120.94000244140625,1.338043212890625
2017-12-25,,,,,1.3365052938461304
2017-12-26,,,99.18245697021484,121.7699966430664,1.3376137018203735
2017-12-27,11.039495468139648,15.26180648803711,100.47429656982422,122.2300033569336,1.337470531463623
2017-12-28,11.02487564086914,15.206960678100586,100.38715362548828,122.8499984741211,1.3403927087783813
2017-12-29,11.026963233947754,15.21117877960205,100.54566955566406,123.6500015258789,1.344085931777954
2018-01-01,,,,,1.351607084274292
2018-01-02,10.946769714355469,15.058880805969238,99.4598159790039,125.1500015258789,1.3511322736740112
2018-01-03,11.018611907958984,15.263916015625,99.93535614013672,124.81999969482422,1.359619379043579
2018-01-04,11.012345314025879,15.247038841247559,99.91950988769531,125.45999908447266,1.3511322736740112
2018-01-05,11.001903533935547,15.183757781982422,99.6341781616211,125.33000183105469,1.3552889823913574
2018-01-08,11.00607967376709,15.20906925201416,99.5708236694336,125.30999755859375,1.3575890064239502
2018-01-09,10.968488693237305,15.183757781982422,98.2392578125,124.7300033569336,1.3571282625198364
2018-01-10,10.962221145629883,15.179539680480957,98.120361328125,125.02999877929688,1.353234887123108
2018-01-11,10.937161445617676,15.078285217285156,98.52461242675781,125.44000244140625,1.351278305053711
2018-01-12,10.930896759033203,15.048749923706055,98.69104766845703,126.95999908447266,1.3541878461837769
2018-01-15,10.955957412719727,15.099383354187012,,,1.3733056783676147
2018-01-16,10.964310646057129,15.0909423828125,99.10316467285156,127.16999816894531,1.379824161529541
2018-01-17,10.960134506225586,15.116255760192871,98.96842193603516,126.13999938964844,1.3798813819885254
2018-01-18,10.930896759033203,15.078285217285156,98.04903411865234,125.86000061035156,1.382800817489624
2018-01-19,10.916276931762695,15.050859451293945,97.5339126586914,126.41999816894531,1.3894678354263306
2018-01-22,10.905835151672363,15.025548934936523,97.62899017333984,126.6500015258789,1.3891589641571045
2018-01-23,10.920454978942871,15.008672714233398,98.04903411865234,127.27999877929688,1.3984841108322144
2018-01-24,10.868243217468262,14.877888679504395,97.51802825927734,128.8300018310547,1.401738166809082
2018-01-25,10.870331764221191,14.88210678100586,98.31852722167969,127.97000122070312,1.4220906496047974
2018-01-26,10.864065170288086,14.939061164855957,97.95393371582031,128.07000732421875,1.4150274991989136
2018-01-29,10.855711936950684,14.928516387939453,97.27232360839844,127.3499984741211,1.4149274826049805
2018-01-30,10.849446296691895,14.930625915527344,96.7016830444336,126.80000305175781,1.4076577425003052
2018-01-31,10.80976676940918,14.791401863098145,97.27232360839844,127.6500015258789,1.4155884981155396
2018-02-01,10.797236442565918,14.744994163513184,95.86263275146484,128.07000732421875,1.420051097869873
2018-02-02,10.776351928710938,14.74077320098877,94.97303009033203,126.38999938964844,1.4266760349273682
2018-02-05,10.782615661621094,14.759758949279785,95.87049865722656,126.70999908447266,1.411133885383606
2018-02-06,10.803502082824707,14.715461730957031,95.27489471435547,125.37999725341797,1.3943694829940796
2018-02-07,10.779484748840332,14.837807655334473,94.36947631835938,124.79000091552734,1.395868182182312
2018-02-08,10.738758087158203,14.631085395812988,94.26624298095703,124.9800033569336,1.3879250288009644
2018-02-09,10.757973670959473,14.656394958496094,93.6705093383789,124.7699966430664,1.3934950828552246
2018-02-12,10.75755500793457,14.609991073608398,94.08348846435547,125.37000274658203,1.3827433586120605
2018-02-13,10.734583854675293,14.572016716003418,94.50446319580078,126.08000183105469,1.3852334022521973
2018-02-14,10.699080467224121,14.502406120300293,93.45606994628906,128.22999572753906,1.3886960744857788
2018-02-15,10.676105499267578,14.50662612915039,93.77381896972656,128.3800048828125,1.401581048965454
2018-02-16,10.76382064819336,14.738664627075195,94.2821044921875,127.95999908447266,1.4104173183441162
2018-02-19,10.749202728271484,14.707022666931152,,,1.4031543731689453
2018-02-20,10.772176742553711,14.782962799072266,93.86908721923828,126.23999786376953,1.3992668390274048
2018-02-21,10.801414489746094,14.808276176452637,92.71748352050781,125.66000366210938,1.4001091718673706
2018-02-22,10.797236442565918,14.766088485717773,92.99541473388672,126.30000305175781,1.3910139799118042
2018-02-23,10.820209503173828,14.78507137298584,93.8214340209961,126.13999938964844,1.3953033685684204
2018-02-26,10.829607009887695,14.812494277954102,93.85320281982422,126.44999694824219,1.3968042135238647
2018-02-27,10.7888822555542,14.734443664550781,93.71819305419922,125.12999725341797,1.3966480493545532
2018-02-28,10.85153579711914,14.877888679504395,94.31383514404297,125.0,1.3906078338623047
2018-03-01,10.887038230895996,14.915855407714844,94.95765686035156,124.72000122070312,1.375421166419983
2018-03-02,10.874507904052734,14.896875381469727,94.18572235107422,125.38999938964844,1.377543330192566
2018-03-05,10.849446296691895,14.82093620300293,93.93109893798828,125.18000030517578,1.3795006275177002
2018-03-06,10.817076683044434,14.753432273864746,94.01859283447266,126.52999877929688,1.3852334022521973
2018-03-07,10.832738876342773,14.74288272857666,93.9151840209961,125.72000122070312,1.390008568763733
2018-03-08,10.855711936950684,14.774527549743652,94.45630645751953,125.41999816894531,1.390627145767212
2018-03-09,10.832738876342773,14.702801704406738,93.8355484008789,125.54000091552734,1.3805670738220215
2018-03-12,10.822297096252441,14.723899841308594,94.37671661376953,125.54000091552734,1.38554048538208
2018-03-13,10.866155624389648,14.808276176452637,94.85420227050781,125.77999877929688,1.3907625675201416
2018-03-14,10.937161445617676,14.968592643737793,95.68983459472656,125.69999694824219,1.397233486175537
2018-03-15,10.947603225708008,14.9517183303833,95.68983459472656,124.9000015258789,1.3971552848815918
2018-03-16,10.962221145629883,14.991796493530273,95.34758758544922,124.5999984741211,1.3938642740249634
2018-03-19,10.981019973754883,15.02344036102295,95.04522705078125,124.87000274658203,1.3943500518798828
2018-03-20,10.945514678955078,14.943281173706055,94.6631851196289,124.30999755859375,1.4025245904922485
2018-03-21,10.914188385009766,14.896875381469727,94.7667007446289,126.4800033569336,1.4004818201065063
2018-03-22,10.993548393249512,15.061408042907715,95.70573425292969,125.9800033569336,1.414627194404602
2018-03-23,10.986241340637207,15.065629959106445,95.63410186767578,127.61000061035156,1.4114724397659302
2018-03-26,10.993548393249512,15.046646118164062,95.26802062988281,128.27999877929688,1.4147672653198242
2018-03-27,10.999814987182617,15.006562232971191,96.28668975830078,127.48999786376953,1.423892855644226
2018-03-28,11.04471492767334,15.120471000671387,96.54137420654297,125.7300033569336,1.417635440826416
2018-03-29,11.064556121826172,15.217508316040039,97.01089477539062,125.79000091552734,1.4080342054367065
2018-03-30,,,,,1.4029377698898315
2018-04-02,,,97.20228576660156,127.26000213623047,1.403823971748352
2018-04-03,11.031143188476562,15.13524341583252,96.45260620117188,126.30000305175781,1.4046719074249268
2018-04-04,10.991460800170898,15.044535636901855,96.25326538085938,126.44999694824219,1.4068654775619507
2018-04-05,10.941336631774902,14.955937385559082,95.53546142578125,125.80000305175781,1.4088078737258911
2018-04-06,10.97684097290039,15.00234603881836,96.58021545410156,126.38999938964844,1.400874137878418
2018-04-09,10.97684097290039,14.985471725463867,96.73975372314453,126.81999969482422,1.4091651439666748
2018-04-10,10.955957412719727,14.947500228881836,96.56432342529297,127.12000274658203,1.4138271808624268
2018-04-11,11.001903533935547,15.057188987731934,96.9072265625,128.11000061035156,1.4182183742523193
2018-04-12,10.939249038696289,14.888434410095215,96.19739532470703,126.62000274658203,1.4189025163650513
2018-04-13,10.947603225708008,14.877888679504395,96.42076110839844,127.44999694824219,1.4238117933273315
2018-04-16,10.905835151672363,14.766088485717773,96.45260620117188,127.62999725341797,1.4246840476989746
2018-04-17,10.918366432189941,14.774527549743652,96.71578979492188,127.75,1.4342057704925537
2018-04-18,10.943426132202148,14.770306587219238,95.94220733642578,127.8499984741211,1.4296538829803467
2018-04-19,10.843180656433105,14.542489051818848,95.16065216064453,127.5999984741211,1.4204343557357788
2018-04-20,10.880773544311523,14.647958755493164,94.47473907470703,126.62999725341797,1.4086490869522095
2018-04-23,10.816032409667969,14.491860389709473,94.49868774414062,125.62000274658203,1.4001679420471191
2018-04-24,10.80976676940918,14.453889846801758,94.06803894042969,126.2300033569336,1.3938252925872803
2018-04-25,10.82856273651123,14.567800521850586,93.43798065185547,125.41000366210938,1.3993842601776123
2018-04-26,10.880773544311523,14.656394958496094,94.09196472167969,124.97000122070312,1.3939224481582642
2018-04-27,10.9225435256958,14.707022666931152,94.8177261352539,125.5,1.391943335533142
2018-04-30,10.955957412719727,14.837807655334473,94.98521423339844,124.58999633789062,1.37710702419281
2018-05-01,10.947603225708008,14.901092529296875,94.6430892944336,123.70999908447266,1.3772207498550415
2018-05-02,10.907922744750977,14.757649421691895,94.53917694091797,123.6500015258789,1.3609329462051392
2018-05-03,10.981019973754883,14.930625915527344,94.96278381347656,124.27999877929688,1.3573862314224243
2018-05-04,10.964310646057129,14.871560096740723,95.10669708251953,124.54000091552734,1.3572388887405396
2018-05-07,,,94.95481872558594,124.56999969482422,1.3531982898712158
2018-05-08,10.918366432189941,14.732335090637207,94.86689758300781,124.58999633789062,1.3570362329483032
2018-05-09,10.89957046508789,14.677492141723633,94.29942321777344,124.33000183105469,1.3553440570831299
2018-05-10,10.93507194519043,14.804057121276855,95.0586929321289,125.18000030517578,1.3544628620147705
2018-05-11,10.910013198852539,14.74077320098877,95.29846954345703,125.0,1.352338194847107
2018-05-14,10.876599311828613,14.652174949645996,94.79495239257812,124.48999786376953,1.355380892753601
2018-05-15,10.85153579711914,14.639520645141602,93.71590423583984,122.4800033569336,1.3562448024749756
2018-05-16,10.864065170288086,14.631085395812988,93.35619354248047,122.29000091552734,1.3500195741653442
2018-05-17,10.818144798278809,14.572757720947266,92.8846435546875,122.36000061035156,1.354830026626587
2018-05-18,10.866507530212402,14.666555404663086,93.68390655517578,122.41000366210938,1.3515340089797974
2018-05-21,10.895941734313965,14.692137718200684,93.73190307617188,122.4800033569336,1.3477089405059814
2018-05-22,10.845479965209961,14.623919486999512,93.58805084228516,122.41000366210938,1.3431833982467651
2018-05-23,10.921175003051758,14.692137718200684,94.26741790771484,122.54000091552734,1.3441040515899658
2018-05-24,10.950613021850586,14.683608055114746,95.01872253417969,123.58999633789062,1.3371307849884033
2018-05-25,11.022100448608398,14.854154586791992,95.61024475097656,123.20999908447266,1.3383476734161377
2018-05-28,,,,,1.3309022188186646
2018-05-29,11.133543014526367,15.016167640686035,97.7043685913086,123.19000244140625,1.3315579891204834
2018-05-30,11.112515449523926,15.007637977600098,97.0489730834961,123.37000274658203,1.3253810405731201
2018-05-31,11.123027801513672,15.122754096984863,96.88909912109375,123.0999984741211,1.328356385231018
2018-06-01,11.070462226867676,15.007637977600098,96.37714385986328,122.48999786376953,1.3289390802383423
2018-06-04,11.051538467407227,15.041744232177734,95.68012237548828,122.37000274658203,1.3356484174728394
2018-06-05,11.047332763671875,15.056668281555176,95.90451049804688,122.8499984741211,1.3316465616226196
2018-06-06,10.944304466247559,14.781668663024902,95.12739562988281,122.91999816894531,1.3406083583831787
2018-06-07,10.910658836364746,14.707059860229492,96.0487060546875,122.86000061035156,1.3421558141708374
2018-06-08,10.931687355041504,14.779539108276367,95.76026916503906,123.01000213623047,1.3419216871261597
2018-06-11,10.921175003051758,14.796595573425293,95.58403015136719,123.2300033569336,1.341381549835205
2018-06-12,10.942200660705566,14.881863594055176,95.60810852050781,122.81999969482422,1.3374348878860474
2018-06-13,10.989511489868164,15.033221244812012,95.55998992919922,123.19000244140625,1.3372559547424316
2018-06-14,11.036818504333496,15.107832908630371,96.3531265258789,123.37999725341797,1.3382760286331177
2018-06-15,11.033666610717773,15.043876647949219,96.44124603271484,121.33999633789062,1.3256621360778809
2018-06-18,11.030511856079102,15.018296241760254,96.3531265258789,121.11000061035156,1.3275099992752075
2018-06-19,11.05784797668457,15.077985763549805,96.91390991210938,120.80000305175781,1.3258730173110962
2018-06-20,11.047332763671875,15.007637977600098,96.06470489501953,120.26000213623047,1.317332148551941
2018-06-21,11.053640365600586,15.07585620880127,96.56940460205078,120.05000305175781,1.3175230026245117
2018-06-22,11.017894744873047,14.999112129211426,96.56140899658203,120.33999633789062,1.3247840404510498
2018-06-25,11.022100448608398,15.02255916595459,96.77771759033203,119.88999938964844,1.3262423276901245
2018-06-26,11.026307106018066,15.033221244812012,96.91390991210938,119.26000213623047,1.3278449773788452
2018-06-27,11.095693588256836,15.109964370727539,97.82720184326172,118.58000183105469,1.3221042156219482
2018-06-28,11.08518123626709,15.041744232177734,97.85123443603516,118.22000122070312,1.3120431900024414
2018-06-29,11.064153671264648,15.024693489074707,97.51478576660156,118.6500015258789,1.3075141906738281
2018-07-02,11.093592643737793,15.122754096984863,97.4384536743164,117.45999908447266,1.3207770586013794
2018-07-03,11.112515449523926,15.150465965270996,97.96039581298828,118.6500015258789,1.314405918121338
2018-07-04,11.08518123626709,15.046009063720703,,,1.3194352388381958
2018-07-05,11.093592643737793,15.114226341247559,98.24147033691406,119.05000305175781,1.3229262828826904
2018-07-06,11.08518123626709,15.114226341247559,98.56259155273438,118.86000061035156,1.3225764036178589
2018-07-09,11.08518123626709,15.118491172790527,97.92829132080078,119.1500015258789,1.329787254333496
2018-07-10,11.05994987487793,15.024693489074707,97.92024230957031,118.93000030517578,1.325556755065918
2018-07-11,11.070462226867676,15.101436614990234,98.29764556884766,117.63999938964844,1.3257324695587158
2018-07-12,11.102001190185547,15.171784400939941,98.28963470458984,118.12999725341797,1.3210039138793945
2018-07-13,11.076769828796387,15.150465965270996,98.53852844238281,117.61000061035156,1.3180439472198486
2018-07-16,11.05994987487793,15.161126136779785,98.12902069091797,117.55000305175781,1.3227688074111938
2018-07-17,11.091486930847168,15.186704635620117,97.9443359375,116.27999877929688,1.3236442804336548
2018-07-18,11.123027801513672,15.161126136779785,97.5509262084961,116.30999755859375,1.3106160163879395
2018-07-19,11.177696228027344,15.278371810913086,98.16918182373047,115.80999755859375,1.3078221082687378
2018-07-20,11.118823051452637,15.237871170043945,96.96472930908203,116.55999755859375,1.3023037910461426
2018-07-23,11.089385986328125,15.182443618774414,95.7683334350586,116.0,1.3147169351577759
2018-07-24,11.102001190185547,15.188838005065918,96.09751892089844,116.04000091552734,1.3102725744247437
2018-07-25,11.12723445892334,15.208022117614746,95.94499206542969,116.68000030517578,1.3152183294296265
2018-07-26,11.080975532531738,15.146201133728027,95.76033782958984,115.7699966430664,1.3199577331542969
2018-07-27,11.08518123626709,15.144073486328125,95.92090606689453,115.83000183105469,1.3108737468719482
2018-07-30,11.00107479095459,14.999112129211426,95.59168243408203,115.6500015258789,1.3111830949783325
2018-07-31,11.034716606140137,15.122754096984863,96.1136245727539,115.98999786376953,1.3135426044464111
2018-08-01,10.99266529083252,15.009771347045898,95.33061218261719,115.13999938964844,1.3121638298034668
2018-08-02,10.980048179626465,15.039616584777832,95.4673843383789,114.5199966430664,1.3126115798950195
2018-08-03,11.041024208068848,15.150465965270996,95.94219207763672,114.91999816894531,1.3018121719360352
2018-08-06,11.064153671264648,15.197365760803223,95.99851989746094,114.33000183105469,1.3003562688827515
2018-08-07,11.04312801361084,15.188838005065918,95.49955749511719,114.58999633789062,1.2944984436035156
2018-08-08,11.05784797668457,15.21654987335205,95.5961685180664,114.91000366210938,1.2946659326553345
2018-08-09,11.055745124816895,15.20589542388916,96.4009017944336,114.73999786376953,1.2881617546081543
2018-08-10,11.118823051452637,15.35724925994873,97.10105895996094,114.69000244140625,1.2828407287597656
2018-08-13,11.102001190185547,15.32526969909668,96.89985656738281,112.95999908447266,1.2758845090866089
2018-08-14,11.08518123626709,15.346587181091309,96.68256378173828,113.06999969482422,1.2762752771377563
2018-08-15,11.123027801513672,15.370038032531738,97.24590301513672,111.19000244140625,1.271779179573059
2018-08-16,11.129338264465332,15.367908477783203,97.23783874511719,111.0999984741211,1.2693899869918823
2018-08-17,11.123027801513672,15.335931777954102,97.35851287841797,112.12999725341797,1.2714558839797974
2018-08-20,11.125129699707031,15.335931777954102,98.01044464111328,112.69000244140625,1.2747135162353516
2018-08-21,11.076769828796387,15.252790451049805,97.68045043945312,113.0199966430664,1.2804261445999146
2018-08-22,11.067309379577637,15.192673683166504,98.06674194335938,113.2699966430664,1.290555715560913
2018-08-23,11.076769828796387,15.19352912902832,98.21966552734375,112.19999694824219,1.2904725074768066
2018-08-24,11.055745124816895,15.15942096710205,98.41278839111328,114.16000366210938,1.281065821647644
2018-08-27,,,97.84944152832031,114.58999633789062,1.2860909700393677
2018-08-28,11.04312801361084,15.12190055847168,97.26199340820312,113.68000030517578,1.2896735668182373
2018-08-29,10.996870994567871,14.965001106262207,97.39073944091797,114.19999694824219,1.2867693901062012
2018-08-30,11.034716606140137,15.005084037780762,97.60000610351562,113.63999938964844,1.3035939931869507
2018-08-31,11.055745124816895,15.057096481323242,97.37466430664062,113.51000213623047,1.301100730895996
2018-09-03,11.070462226867676,15.134690284729004,,,1.292306900024414
2018-09-04,11.034716606140137,15.085232734680176,96.81168365478516,112.93000030517578,1.2869019508361816
2018-09-05,11.00107479095459,14.976940155029297,96.5535888671875,113.31999969482422,1.2858428955078125
2018-09-06,11.053640365600586,15.030662536621094,96.90848541259766,113.54000091552734,1.2914891242980957
2018-09-07,11.013689994812012,14.902755737304688,96.08575439453125,113.2300033569336,1.2925406694412231
2018-09-10,10.980048179626465,14.802135467529297,96.44061279296875,113.1500015258789,1.2930254936218262
2018-09-11,10.959019660949707,14.805549621582031,95.70667266845703,113.22000122070312,1.302643060684204
2018-09-12,10.96743106842041,14.81919002532959,95.93254089355469,114.16999816894531,1.3015578985214233
2018-09-13,10.952713966369629,14.851592063903809,96.07770538330078,113.76000213623047,1.3045463562011719
2018-09-14,10.921175003051758,14.827716827392578,95.61796569824219,113.0199966430664,1.311131477355957
2018-09-17,10.929584503173828,14.802990913391113,95.61796569824219,113.61000061035156,1.307326316833496
2018-09-18,10.887532234191895,14.685317039489746,94.61782836914062,113.44000244140625,1.3146305084228516
2018-09-19,10.837066650390625,14.643534660339355,94.05318450927734,113.87999725341797,1.3168463706970215
2018-09-20,10.862299919128418,14.740743637084961,94.48880004882812,114.2699966430664,1.3141123056411743
2018-09-21,10.912763595581055,14.881437301635742,94.4484634399414,113.48999786376953,1.327087163925171
2018-09-24,10.824451446533203,14.78422737121582,94.20646667480469,113.47000122070312,1.30804443359375
2018-09-25,10.816040992736816,14.759501457214355,94.10969543457031,113.6500015258789,1.311733365058899
2018-09-26,10.84968376159668,14.776555061340332,94.77107238769531,113.05000305175781,1.3179919719696045
2018-09-27,10.858094215393066,14.78593635559082,94.83560180664062,112.05000305175781,1.3172800540924072
2018-09-28,10.877018928527832,14.889966011047363,94.58555603027344,112.76000213623047,1.3078734874725342
2018-10-01,10.8717622756958,14.97608470916748,93.89120483398438,112.56999969482422,1.3039000034332275
2018-10-02,10.91696834564209,15.046009063720703,94.46514892578125,113.87000274658203,1.3043591976165771
2018-10-03,10.855990409851074,14.968415260314941,92.82412719726562,113.41999816894531,1.2981956005096436
2018-10-04,10.778192520141602,14.794461250305176,92.1693344116211,113.4800033569336,1.294062852859497
2018-10-05,10.738242149353027,14.666555404663086,91.37718963623047,113.80000305175781,1.3024225234985352
2018-10-08,10.765578269958496,14.88314437866211,91.07000732421875,112.54000091552734,1.31271493434906
2018-10-09,10.719318389892578,14.816633224487305,91.99151611328125,112.5999984741211,1.309311866760254
2018-10-10,10.694087028503418,14.722835540771484,91.74092102050781,112.87999725341797,1.3157029151916504
2018-10-11,10.713010787963867,14.635858535766602,92.8564453125,115.77999877929688,1.3206725120544434
2018-10-12,10.761373519897461,14.729658126831055,92.53314208984375,115.2300033569336,1.3234164714813232
2018-10-15,10.769783020019531,14.774848937988281,92.49270629882812,116.0,1.3103927373886108
2018-10-16,10.803422927856445,14.884848594665527,92.70286560058594,115.80000305175781,1.315477967262268
2018-10-17,10.84127426147461,14.947949409484863,92.15320587158203,115.79000091552734,1.318721890449524
2018-10-18,10.874917984008789,14.947097778320312,92.12085723876953,115.91999816894531,1.3104442358016968
2018-10-19,10.860197067260742,14.95306396484375,91.91878509521484,116.01000213623047,1.3024225234985352
2018-10-22,10.886482238769531,14.977795600891113,91.79755401611328,115.70999908447266,1.3065404891967773
2018-10-23,10.959019660949707,15.05453872680664,92.08853912353516,116.38999938964844,1.2965964078903198
2018-10-24,10.955867767333984,15.113372802734375,92.78374481201172,116.66000366210938,1.2981280088424683
2018-10-25,10.96743106842041,15.115080833435059,92.39570617675781,116.4000015258789,1.2888258695602417
2018-10-26,11.007383346557617,15.247247695922852,92.9534683227539,116.7699966430664,1.2824623584747314
2018-10-29,10.998973846435547,15.246397972106934,92.74332427978516,116.30999755859375,1.2831040620803833
2018-10-30,11.013689994812012,15.396470069885254,92.28254699707031,115.80000305175781,1.2802459001541138
2018-10-31,10.973740577697754,15.258333206176758,91.81370544433594,115.1500015258789,1.2708903551101685
2018-11-01,10.975844383239746,15.213993072509766,91.89877319335938,116.62999725341797,1.276943564414978
2018-11-02,10.933788299560547,15.083527565002441,90.75618743896484,116.6500015258789,1.3003731966018677
2018-11-05,10.933788299560547,15.109964370727539,91.11275482177734,116.37000274658203,1.3005592823028564
2018-11-06,10.891735076904297,15.02980899810791,91.05604553222656,116.04000091552734,1.3058068752288818
2018-11-07,10.883326530456543,15.017871856689453,91.1775894165039,116.02999877929688,1.3112518787384033
2018-11-08,10.845479965209961,14.964149475097656,91.16947174072266,115.77999877929688,1.3128528594970703
2018-11-09,10.902250289916992,15.108259201049805,91.85015106201172,114.4800033569336,1.3066771030426025
2018-11-12,10.933788299560547,15.302671432495117,92.44979095458984,113.66000366210938,1.2938451766967773
2018-11-13,10.874917984008789,15.007637977600098,92.39307403564453,113.69999694824219,1.2857933044433594
2018-11-14,10.84758186340332,14.999112129211426,92.44979095458984,114.63999938964844,1.3014055490493774
2018-11-15,10.933507919311523,15.181218147277832,92.40927124023438,114.7699966430664,1.2986170053482056
2018-11-16,10.916579246520996,15.10892391204834,92.94406127929688,115.62000274658203,1.276650071144104
2018-11-19,10.941974639892578,15.093437194824219,93.2033920288086,115.66999816894531,1.2833181619644165
2018-11-20,10.912344932556152,14.990161895751953,93.23580169677734,115.66999816894531,1.2859750986099243
2018-11-21,10.931390762329102,15.007372856140137,93.2033920288086,115.86000061035156,1.2789195775985718
2018-11-22,10.908109664916992,14.891188621520996,,,1.277726650238037
2018-11-23,10.92081069946289,14.960038185119629,93.30061340332031,115.7699966430664,1.287597894668579
2018-11-26,10.89541244506836,14.834389686584473,93.0899658203125,115.63999938964844,1.2812299728393555
2018-11-27,10.878480911254883,14.7861967086792,93.19529724121094,114.94999694824219,1.2812299728393555
2018-11-28,10.86154842376709,14.731978416442871,92.74146270751953,115.37999725341797,1.2743724584579468
2018-11-29,10.882713317871094,14.77759075164795,93.1061782836914,115.73999786376953,1.2824130058288574
2018-11-30,10.838269233703613,14.77759075164795,93.4545669555664,115.54000091552734,1.2784454822540283
2018-12-03,10.918694496154785,15.023724555969238,94.11817169189453,116.41000366210938,1.2753475904464722
2018-12-04,10.997002601623535,15.282768249511719,95.69384002685547,117.12000274658203,1.2725884914398193
2018-12-05,10.990652084350586,15.219944953918457,,,1.2720541954040527
2018-12-06,11.060494422912598,15.487597465515137,95.9943618774414,117.13999938964844,1.2727665901184082
2018-12-07,11.09435749053955,15.497922897338867,96.17303466796875,118.08999633789062,1.2778573036193848
2018-12-10,11.246740341186523,15.987611770629883,96.57105255126953,117.68000030517578,1.2721028327941895
2018-12-11,11.193831443786621,15.729426383972168,96.55474853515625,117.54000091552734,1.2561235427856445
2018-12-12,11.102823257446289,15.627016067504883,96.12431335449219,117.79000091552734,1.2492972612380981
2018-12-13,11.068961143493652,15.490179061889648,95.89688873291016,117.52999877929688,1.2628655433654785
2018-12-14,11.11763858795166,15.66660213470459,96.22986602783203,117.05999755859375,1.2655024528503418
2018-12-17,11.115522384643555,15.671765327453613,96.79034423828125,117.87000274658203,1.2585581541061401
2018-12-18,11.107056617736816,15.620129585266113,97.36998748779297,118.1500015258789,1.2615749835968018
2018-12-19,11.104939460754395,15.438538551330566,98.65629577636719,117.43000030517578,1.2655024528503418
2018-12-20,11.11975383758545,15.367109298706055,98.29805755615234,119.23999786376953,1.262785792350769
2018-12-21,11.055204391479492,15.238879203796387,98.28179168701172,118.72000122070312,1.2669775485992432
2018-12-24,11.166316986083984,15.426492691040039,98.770263671875,120.0199966430664,1.2648941278457642
2018-12-25,,,,,1.2710840702056885
2018-12-26,,,97.71188354492188,119.66000366210938,1.2688745260238647
2018-12-27,11.06684398651123,15.26469612121582,97.72819519042969,120.56999969482422,1.2648781538009644
2018-12-28,11.111289024353027,15.306867599487305,98.55049133300781,121.05999755859375,1.2646220922470093
2018-12-31,11.085891723632812,15.13732624053955,98.92496490478516,121.25,1.269357681274414
2019-01-01,,,,,1.2738043069839478
2019-01-02,11.140918731689453,15.191545486450195,99.44599151611328,121.33000183105469,1.2754288911819458
2019-01-03,11.195945739746094,15.455753326416016,100.57762145996094,122.43000030517578,1.2521913051605225
2019-01-04,11.102823257446289,15.415306091308594,99.41345977783203,121.44000244140625,1.2628813982009888
2019-01-07,11.13880443572998,15.513413429260254,99.1203842163086,121.86000061035156,1.2734960317611694
2019-01-08,11.187481880187988,15.391206741333008,98.85981750488281,121.52999877929688,1.278608798980713
2019-01-09,11.157851219177246,15.505667686462402,98.70515441894531,122.30999755859375,1.2737879753112793
2019-01-10,11.140918731689453,15.543535232543945,98.07015228271484,121.58999633789062,1.279967188835144
2019-01-11,11.085891723632812,15.490179061889648,98.4527587890625,121.80000305175781,1.2753963470458984
2019-01-14,11.081658363342285,15.444563865661621,98.08641052246094,122.08999633789062,1.2849836349487305
2019-01-15,11.149385452270508,15.545257568359375,97.72819519042969,121.87999725341797,1.2874983549118042
2019-01-16,11.104939460754395,15.329242706298828,97.82588958740234,122.2699966430664,1.2872166633605957
2019-01-17,11.064726829528809,14.939382553100586,97.85034942626953,122.11000061035156,1.2885768413543701
2019-01-18,11.045680046081543,14.972949981689453,97.3374252319336,121.0199966430664,1.2983977794647217
2019-01-21,11.058378219604492,15.071057319641113,,,1.2853471040725708
2019-01-22,11.068961143493652,14.9488525390625,97.99685668945312,121.44999694824219,1.2891747951507568
2019-01-23,11.111289024353027,15.026307106018066,97.95616149902344,121.27999877929688,1.2957731485366821
2019-01-24,11.149385452270508,15.157981872558594,98.59931945800781,121.08999633789062,1.308215618133545
2019-01-25,11.111289024353027,15.073639869689941,98.12713623046875,122.86000061035156,1.3121638298034668
2019-01-28,11.167374610900879,15.212202072143555,98.02940368652344,123.29000091552734,1.3208470344543457
2019-01-29,11.162084579467773,15.25436782836914,98.52603149414062,123.9800033569336,1.3160146474838257
2019-01-30,11.191712379455566,15.292235374450684,98.4527587890625,124.69000244140625,1.30804443359375
2019-01-31,11.195945739746094,15.221665382385254,99.2994613647461,124.75,1.3117163181304932
2019-02-01,11.181132316589355,15.267278671264648,98.69973754882812,124.5,1.3109424114227295
2019-02-04,11.132455825805664,15.26297664642334,98.25912475585938,123.95999908447266,1.3077365159988403
2019-02-05,11.206528663635254,15.355924606323242,98.7079086303711,124.27999877929688,1.3031013011932373
2019-02-06,11.209705352783203,15.417023658752441,98.7568130493164,123.44000244140625,1.2957228422164917
2019-02-07,11.25308895111084,15.48157024383545,99.40962982177734,123.73999786376953,1.2934435606002808
2019-02-08,11.293301582336426,15.53406810760498,99.83393859863281,124.20999908447266,1.2949174642562866
2019-02-11,11.26790714263916,15.546978950500488,99.44225311279297,123.5999984741211,1.293677806854248
2019-02-12,11.259439468383789,15.449728012084961,99.1893081665039,123.86000061035156,1.2864052057266235
2019-02-13,11.280604362487793,15.399812698364258,98.81394958496094,123.37000274658203,1.2892080545425415
2019-02-14,11.29118537902832,15.495340347290039,99.37699890136719,124.05999755859375,1.2856775522232056
2019-02-15,11.265789031982422,15.488457679748535,99.53201293945312,124.80000305175781,1.2798361778259277
2019-02-18,11.261556625366211,15.505667686462402,,,1.290555715560913
2019-02-19,11.255206108093262,15.454891204833984,99.78501892089844,126.69999694824219,1.2924071550369263
2019-02-20,11.234042167663574,15.48157024383545,99.4993896484375,126.4800033569336,1.3061310052871704
2019-02-21,11.234042167663574,15.465218544006348,98.60997772216797,125.05000305175781,1.30451238155365
2019-02-22,11.263673782348633,15.534931182861328,99.19746398925781,125.5,1.3041380643844604
2019-02-25,11.242508888244629,15.454891204833984,98.90371704101562,125.37000274658203,1.306557536125183
2019-02-26,11.187481880187988,15.235434532165527,99.39330291748047,125.58000183105469,1.31271493434906
2019-02-27,11.107056617736816,15.069337844848633,98.2672348022461,124.69000244140625,1.3258028030395508
2019-02-28,11.098590850830078,15.089994430541992,97.93269348144531,123.98999786376953,1.3318239450454712
2019-03-01,11.115522384643555,15.19929027557373,97.02752685546875,121.87999725341797,1.3264886140823364
2019-03-04,11.16419792175293,15.337850570678711,97.78797149658203,121.55999755859375,1.3239772319793701
2019-03-05,11.166316986083984,15.332684516906738,97.9924087524414,121.72000122070312,1.3178529739379883
2019-03-06,11.234042167663574,15.567636489868164,98.35221099853516,121.61000061035156,1.3156682252883911
2019-03-07,11.301770210266113,15.714798927307129,98.99000549316406,121.51000213623047,1.3182177543640137
2019-03-08,11.225577354431152,15.547839164733887,99.40701293945312,122.83999633789062,1.3092432022094727
2019-03-11,11.259439468383789,15.624434471130371,99.11262512207031,122.23999786376953,1.2988362312316895
2019-03-12,11.255206108093262,15.734593391418457,99.80770874023438,122.9800033569336,1.3248542547225952
2019-03-13,11.217110633850098,15.618409156799316,99.61962890625,123.83999633789062,1.3066771030426025
2019-03-14,11.191712379455566,15.739753723144531,98.9000473022461,122.41000366210938,1.3285682201385498
2019-03-15,11.225577354431152,15.630460739135742,99.55419921875,122.97000122070312,1.3258554935455322
2019-03-18,11.242508888244629,15.709635734558105,99.4969711303711,123.04000091552734,1.329716444015503
2019-03-19,11.27001953125,15.751801490783691,99.27617645263672,123.37999725341797,1.326435923576355
2019-03-20,11.327164649963379,15.958352088928223,100.31464385986328,124.18000030517578,1.3271400928497314
2019-03-21,11.447802543640137,16.385217666625977,100.5354232788086,123.68000030517578,1.320533037185669
2019-03-22,11.53034496307373,16.690732955932617,102.09721374511719,123.97000122070312,1.313232183456421
2019-03-25,11.53034496307373,16.61758041381836,102.2607421875,124.91999816894531,1.3206549882888794
2019-03-26,11.447802543640137,16.31636619567871,102.18719482421875,124.30000305175781,1.3215277194976807
2019-03-27,11.47108268737793,16.195880889892578,103.12754821777344,123.6500015258789,1.321143627166748
2019-03-28,11.456269264221191,16.102073669433594,103.48728942871094,121.9000015258789,1.3152703046798706
2019-03-29,11.452035903930664,16.014291763305664,103.38916778564453,122.01000213623047,1.30565345287323
2019-04-01,11.422407150268555,16.04527473449707,101.92061614990234,121.52999877929688,1.3022867441177368
2019-04-02,11.47108268737793,16.161457061767578,102.10916137695312,121.9800033569336,1.3068991899490356
2019-04-03,11.375843048095703,16.020313262939453,101.22405242919922,121.80000305175781,1.312766671180725
2019-04-04,11.354681015014648,16.048715591430664,101.51087951660156,122.11000061035156,1.3176966905593872
2019-04-05,11.331399917602539,16.001384735107422,101.64202880859375,121.9800033569336,1.3077024221420288
2019-04-08,11.327164649963379,16.043554306030273,101.28144836425781,122.51000213623047,1.3038150072097778
2019-04-09,11.344095230102539,16.098630905151367,101.6010513305664,123.1500015258789,1.306335687637329
2019-04-10,11.373727798461914,16.101211547851562,101.8469009399414,123.52999877929688,1.305721640586853
2019-04-11,11.29753589630127,15.80344295501709,101.2486343383789,121.94999694824219,1.3099292516708374
2019-04-12,11.242508888244629,15.67348861694336,100.52752685546875,121.83000183105469,1.3056023120880127
2019-04-15,11.242508888244629,15.7130765914917,100.78154754638672,121.5999984741211,1.3083868026733398
2019-04-16,11.238275527954102,15.643366813659668,100.15054321289062,120.51000213623047,1.3102725744247437
2019-04-17,11.225577354431152,15.614107131958008,100.1915283203125,120.27999877929688,1.3046314716339111
2019-04-18,11.255206108093262,15.65455436706543,100.71598052978516,120.37000274658203,1.3039339780807495
2019-04-19,,,,,1.2994438409805298
2019-04-22,,,100.23247528076172,120.37000274658203,1.299376368522644
2019-04-23,11.214993476867676,15.568492889404297,100.44556427001953,120.12000274658203,1.2981449365615845
2019-04-24,11.272137641906738,15.675209045410156,101.26506042480469,120.47000122070312,1.2938116788864136
2019-04-25,11.289070129394531,15.677789688110352,101.11754608154297,120.56999969482422,1.2904890775680542
2019-04-26,11.31446647644043,15.683815956115723,101.46173858642578,121.37000274658203,1.289607048034668
2019-04-29,11.293301582336426,15.758688926696777,100.8143310546875,120.83000183105469,1.2920230627059937
2019-04-30,11.26790714263916,15.815492630004883,101.33061218261719,121.19999694824219,1.2932428121566772
2019-05-01,11.310234069824219,15.95060920715332,101.74861145019531,120.4000015258789,1.3039849996566772
2019-05-02,11.22980785369873,15.88261604309082,101.26409912109375,119.94000244140625,1.3053126335144043
2019-05-03,11.217110633850098,15.713936805725098,101.55152893066406,120.6500015258789,1.3033220767974854
2019-05-06,,,101.83075714111328,120.80999755859375,1.3150626420974731
2019-05-07,11.289070129394531,15.905851364135742,102.61090850830078,121.20999908447266,1.3099292516708374
2019-05-08,11.348328590393066,16.0125675201416,102.16744232177734,120.91000366210938,1.3068820238113403
2019-05-09,11.3229341506958,15.942859649658203,102.58625793457031,121.19999694824219,1.3012022972106934
2019-05-10,11.327164649963379,15.873152732849121,102.44664764404297,121.43000030517578,1.3009653091430664
2019-05-13,11.341980934143066,15.917899131774902,103.25143432617188,122.66999816894531,1.3010668754577637
2019-05-14,11.344095230102539,15.930811882019043,102.94759368896484,122.45999908447266,1.2963106632232666
2019-05-15,11.394891738891602,15.96782112121582,103.57992553710938,122.38999938964844,1.2906556129455566
2019-05-16,11.388842582702637,15.969377517700195,103.23503112792969,121.51000213623047,1.2847524881362915
2019-05-17,11.414397239685059,16.066499710083008,103.46497344970703,120.6500015258789,1.2797706127166748
2019-05-20,11.390973091125488,16.081239700317383,103.25143432617188,120.63999938964844,1.2731555700302124
2019-05-21,11.376065254211426,15.990188598632812,103.08716583251953,120.36000061035156,1.2729123830795288
2019-05-22,11.448471069335938,16.173158645629883,103.67845916748047,120.23999786376953,
2019-05-23,11.508100509643555,16.29629135131836,104.8446044921875,121.16999816894531,1.2664159536361694
2019-05-24,11.52087688446045,16.354393005371094,104.93494415283203,121.30000305175781,1.2664639949798584
2019-05-27,,,,,1.2724751234054565
2019-05-28,11.533651351928711,16.396883010864258,105.69044494628906,120.83000183105469,1.2682307958602905
2019-05-29,11.554947853088379,16.53736114501953,106.01071166992188,120.87000274658203,1.2659670114517212
2019-05-30,11.55920696258545,16.596323013305664,106.92227172851562,121.69000244140625,1.2629451751708984
2019-05-31,11.578373908996582,16.513946533203125,108.26084899902344,123.33000183105469,1.2609704732894897
2019-06-03,11.61883544921875,16.563373565673828,108.9849853515625,125.11000061035156,1.2639508247375488
2019-06-04,11.580503463745117,16.429834365844727,107.74242401123047,125.1500015258789,1.2664159536361694
2019-06-05,11.61883544921875,16.54082679748535,107.13349151611328,125.47000122070312,1.2702767848968506
2019-06-06,11.67420482635498,16.759347915649414,107.47909545898438,125.87999725341797,1.2688584327697754
2019-06-07,11.708276748657227,16.8634090423584,108.40898132324219,126.58999633789062,1.269841194152832
2019-06-10,11.67420482635498,16.816579818725586,107.3885726928711,125.33000183105469,1.2722970247268677
2019-06-11,11.640130043029785,16.685640335083008,107.45441436767578,125.18000030517578,1.2691160440444946
2019-06-12,11.580503463745117,16.439373016357422,107.53668212890625,125.83000183105469,1.2724426984786987
2019-06-13,11.644389152526855,16.56597328186035,107.90702056884766,126.5999984741211,1.2693415880203247
2019-06-14,11.644389152526855,16.575511932373047,108.17859649658203,126.55999755859375,1.268005609512329
2019-06-17,11.628417015075684,16.52435302734375,108.36784362792969,126.4800033569336,1.2596044540405273
2019-06-18,11.67420482635498,16.585052490234375,108.91094207763672,127.12000274658203,1.2541544437408447
2019-06-19,11.623095512390137,16.609331130981445,109.06729888916016,127.88999938964844,1.2566603422164917
2019-06-20,11.67846393585205,16.663095474243164,109.35529327392578,131.11000061035156,1.2656625509262085
2019-06-21,11.642260551452637,16.552968978881836,108.15388488769531,131.97999572753906,1.2707933187484741
2019-06-24,11.665684700012207,16.617137908935547,108.9603042602539,133.94000244140625,1.2750873565673828
2019-06-25,11.686979293823242,16.60586166381836,109.29767608642578,134.1999969482422,1.2739664316177368
2019-06-26,11.620964050292969,16.4705867767334,108.59822845458984,132.97000122070312,1.2690677642822266
2019-06-27,11.61883544921875,16.428964614868164,109.36351013183594,132.83999633789062,1.269841194152832
2019-06-28,11.614577293395996,16.370866775512695,109.28946685791016,133.1999969482422,1.267748475074768
2019-07-01,11.6571683883667,16.521751403808594,109.03389739990234,130.6199951171875,1.2694543600082397
2019-07-02,11.712536811828613,16.76455307006836,109.87486267089844,133.41000366210938,1.2644623517990112
2019-07-03,11.810494422912598,16.82698631286621,110.65818786621094,133.6300048828125,1.25982666015625
2019-07-04,11.831791877746582,16.769756317138672,,,1.2582731246948242
2019-07-05,11.733831405639648,16.624073028564453,109.19054412841797,132.13999938964844,1.2583048343658447
2019-07-08,11.772161483764648,16.715124130249023,109.33894348144531,131.2899932861328,1.2525520324707031
2019-07-09,11.763644218444824,16.741138458251953,109.29768371582031,131.75,1.2516427040100098
2019-07-10,11.729573249816895,16.624073028564453,108.69581604003906,133.8300018310547,1.2458575963974
2019-07-11,11.648649215698242,16.40989112854004,107.24468994140625,132.6999969482422,1.2508130073547363
2019-07-12,11.644389152526855,16.441974639892578,107.36837005615234,133.52999877929688,1.2523481845855713
2019-07-15,11.708276748657227,16.593725204467773,107.98676300048828,133.52999877929688,1.2571974992752075
2019-07-16,11.682722091674805,16.612804412841797,107.66517639160156,132.39999389648438,1.251799464225769
2019-07-17,11.729573249816895,16.779293060302734,108.8277359008789,134.5800018310547,1.2412029504776
2019-07-18,11.72531509399414,16.631879806518555,108.83599853515625,136.47999572753906,1.2434717416763306
2019-07-19,11.767902374267578,16.676971435546875,108.58039855957031,134.47000122070312,1.2541857957839966
2019-07-22,11.797718048095703,16.732467651367188,108.78653717041016,134.4499969482422,1.2512825727462769
2019-07-23,11.827531814575195,16.793169021606445,108.19284057617188,133.69000244140625,1.2474894523620605
2019-07-24,11.823273658752441,16.742874145507812,108.6628646850586,134.3699951171875,1.243904948234558
2019-07-25,11.767902374267578,16.545164108276367,108.1434097290039,133.4199981689453,1.2485953569412231
2019-07-26,11.797718048095703,16.665699005126953,108.39897918701172,133.63999938964844,1.2453454732894897
2019-07-29,11.819013595581055,16.738540649414062,108.43196105957031,134.52999877929688,1.2376697063446045
2019-07-30,11.780681610107422,16.702117919921875,108.69581604003906,134.97999572753906,1.2217471599578857
2019-07-31,11.85947322845459,17.003883361816406,109.56980895996094,133.2100067138672,1.2161602973937988
2019-08-01,11.89141845703125,17.100135803222656,111.74586486816406,136.41000366210938,1.215376853942871
2019-08-02,11.92974853515625,17.1304874420166,112.77859497070312,135.88999938964844,1.2124298810958862
2019-08-05,12.006412506103516,17.28396987915039,114.72834777832031,137.7899932861328,1.215214490890503
2019-08-06,12.014930725097656,17.267499923706055,115.6453628540039,138.91000366210938,1.2158203125
2019-08-07,12.100113868713379,17.347272872924805,115.68667602539062,141.02000427246094,1.2169743776321411
2019-08-08,12.01706314086914,17.154767990112305,115.93448638916016,141.72999572753906,1.2143291234970093
2019-08-09,12.066040992736816,17.1556339263916,115.70323181152344,141.25999450683594,1.2143733501434326
2019-08-12,12.044746398925781,17.17644691467285,118.11551666259766,142.6300048828125,1.2021976709365845
2019-08-13,12.074559211730957,17.251890182495117,117.71076202392578,141.77999877929688,1.207875370979309
2019-08-14,12.168258666992188,17.52503776550293,120.36271667480469,142.75,1.2064181566238403
2019-08-15,12.298161506652832,17.800357818603516,121.70114135742188,143.6999969482422,1.2060399055480957
2019-08-16,12.206591606140137,17.767839431762695,120.72625732421875,142.77999877929688,1.209160566329956
2019-08-19,12.170391082763672,17.681127548217773,118.99955749511719,141.11000061035156,1.2161011695861816
2019-08-20,12.2023344039917,17.787353515625,120.23047637939453,142.2100067138672,1.2131506204605103
2019-08-21,12.210850715637207,17.91525650024414,119.42916870117188,141.75999450683594,1.2162343263626099
2019-08-22,12.12140941619873,17.8046932220459,118.63602447509766,141.39999389648438,1.213224172592163
2019-08-23,12.129928588867188,17.707141876220703,120.58576202392578,144.1699981689453,1.2251899242401123
2019-08-26,,,120.0983657836914,144.19000244140625,1.2262415885925293
2019-08-27,12.206591606140137,17.904415130615234,121.94888305664062,145.57000732421875,1.222195029258728
2019-08-28,12.287513732910156,18.02798843383789,122.10591125488281,145.16000366210938,1.2283201217651367
2019-08-29,12.304550170898438,18.07784652709961,121.6432876586914,144.1199951171875,1.2218515872955322
2019-08-30,12.270477294921875,17.770008087158203,121.67633819580078,143.75,1.218650221824646
2019-09-02,12.363115310668945,18.02798843383789,,,1.21592378616333
2019-09-03,12.424869537353516,18.20574951171875,121.83352661132812,145.75,1.2066656351089478
2019-09-04,12.278996467590332,17.440492630004883,122.01560974121094,146.66000366210938,1.2090436220169067
2019-09-05,12.061781883239746,16.906763076782227,119.80587768554688,143.13999938964844,1.2248897552490234
2019-09-06,12.232145309448242,17.375457763671875,120.65835571289062,141.9199981689453,1.2323921918869019
2019-09-09,12.129928588867188,17.163440704345703,118.51478576660156,141.38999938964844,1.2283051013946533
2019-09-10,12.078819274902344,17.204195022583008,116.43746185302734,140.17999267578125,1.2345373630523682
2019-09-11,12.091596603393555,17.403640747070312,116.23056030273438,141.02999877929688,1.2354830503463745
2019-09-12,12.078819274902344,17.352476119995117,115.4692153930664,141.32000732421875,1.233471393585205
2019-09-13,11.944658279418945,16.93624496459961,113.00286865234375,140.14999389648438,1.2329391241073608
2019-09-16,12.038358688354492,17.29437828063965,114.4429702758789,141.32000732421875,1.2497344017028809
2019-09-17,12.040486335754395,17.178180694580078,115.06364440917969,141.60000610351562,1.2428536415100098
2019-09-18,12.159741401672363,17.29437828063965,115.55189514160156,140.7100067138672,1.2502655982971191
2019-09-19,12.146964073181152,17.2813720703125,115.8995132446289,141.27999877929688,1.247053861618042
2019-09-20,12.172517776489258,17.292644500732422,117.4306869506836,142.9499969482422,1.2525050640106201
2019-09-23,12.304550170898438,17.655115127563477,117.40582275390625,143.75,1.2471938133239746
2019-09-24,12.30881118774414,17.698469161987305,118.82109069824219,144.50999450683594,1.243456244468689
2019-09-25,12.319456100463867,17.739656448364258,117.08303833007812,141.8300018310547,1.2485953569412231
2019-09-26,12.315197944641113,17.76133918762207,117.83617401123047,141.7899932861328,1.2359564304351807
2019-09-27,12.31839370727539,17.774343490600586,118.12574768066406,141.05999755859375,1.2331976890563965
2019-09-30,12.334364891052246,17.70063591003418,118.41546630859375,138.8699951171875,1.2293167114257812
2019-10-01,12.338623046875,17.648611068725586,118.7719955444336,139.6300048828125,1.2289994955062866
2019-10-02,12.334364891052246,17.676790237426758,119.06220245361328,141.25999450683594,1.2292261123657227
2019-10-03,12.30881118774414,17.691965103149414,120.14824676513672,141.89999389648438,1.230436086654663
2019-10-04,12.389732360839844,17.819873809814453,121.03529357910156,141.89999389648438,1.2342326641082764
2019-10-07,12.355661392211914,17.743995666503906,120.03219604492188,140.69000244140625,1.2334411144256592
2019-10-08,12.419547080993652,17.757003784179688,120.35546112060547,141.9199981689453,1.2288031578063965
2019-10-09,12.334364891052246,17.577070236206055,119.67565155029297,142.0500030517578,1.2219561338424683
2019-10-10,12.189557075500488,17.235410690307617,117.8931884765625,140.80999755859375,1.2212995290756226
2019-10-11,12.01067066192627,16.811378479003906,116.43397521972656,140.02999877929688,1.2433171272277832
2019-10-14,12.112893104553223,17.048973083496094,117.27965545654297,140.58999633789062,1.261899709701538
2019-10-15,12.044746398925781,16.875547409057617,115.86193084716797,139.61000061035156,1.2611771821975708
2019-10-16,12.027709007263184,16.83565902709961,116.0029067993164,140.41000366210938,1.2760635614395142
2019-10-17,11.993637084960938,16.690841674804688,115.72101593017578,140.61000061035156,1.2823801040649414
2019-10-18,12.006412506103516,16.656158447265625,115.72101593017578,140.4600067138672,1.286860466003418
2019-10-21,11.902067184448242,16.371736526489258,114.85050201416016,139.7899932861328,1.2900229692459106
2019-10-22,11.959565162658691,16.449777603149414,115.52205657958984,140.1999969482422,1.297168254852295
2019-10-23,12.02345085144043,16.633609771728516,115.63813781738281,140.52999877929688,1.2884771823883057
2019-10-24,12.111827850341797,16.772354125976562,115.40599822998047,141.52999877929688,1.2923235893249512
2019-10-25,12.063911437988281,16.65962791442871,114.84223175048828,141.86000061035156,1.2840267419815063
2019-10-28,11.951045989990234,16.31190299987793,113.79757690429688,140.63999938964844,1.283202886581421
2019-10-29,11.934009552001953,16.089046478271484,113.87223052978516,140.25,1.2857435941696167
2019-10-30,12.002155303955078,16.23819351196289,115.53865051269531,141.02000427246094,1.2866700887680054
2019-10-31,12.091596603393555,16.66396141052246,117.0972671508789,142.42999267578125,1.290172815322876
2019-11-01,12.049005508422852,16.54082679748535,116.73681640625,142.55999755859375,1.2939623594284058
2019-11-04,11.948914527893066,16.40989112854004,115.2004165649414,142.14999389648438,1.2937614917755127
2019-11-05,11.874381065368652,16.253803253173828,113.9048080444336,139.85000610351562,1.2891582250595093
2019-11-06,11.925490379333496,16.29889488220215,114.59407043457031,140.4499969482422,1.288062334060669
2019-11-07,11.887158393859863,16.19830322265625,112.517822265625,138.27000427246094,1.2856775522232056
2019-11-08,11.85095500946045,16.276348114013672,112.04444885253906,137.38999938964844,1.2779992818832397
2019-11-11,11.823273658752441,16.26420783996582,112.11920166015625,137.05999755859375,1.2796396017074585
2019-11-12,11.831791877746582,16.210447311401367,112.63411712646484,137.42999267578125,1.2858428955078125
2019-11-13,11.902067184448242,16.376937866210938,113.36491394042969,137.97999572753906,1.285214900970459
2019-11-14,11.950416564941406,16.36585807800293,114.53594207763672,138.55999755859375,1.2853800058364868
2019-11-15,11.91612434387207,16.163488388061523,114.41138458251953,138.2100067138672,1.2881784439086914
2019-11-18,11.898981094360352,16.144298553466797,114.61902618408203,138.6199951171875,1.2921231985092163
2019-11-19,11.89040756225586,16.083236694335938,115.57410430908203,138.69000244140625,1.2950851917266846
2019-11-20,11.898981094360352,16.121618270874023,116.77008819580078,138.75999450683594,1.2929502725601196
2019-11-21,11.852900505065918,16.111148834228516,116.03922271728516,138.0,1.2927078008651733
2019-11-22,11.922554969787598,16.170467376708984,116.1886978149414,137.74000549316406,1.2919896841049194
2019-11-25,11.937557220458984,16.201868057250977,116.52919006347656,137.0800018310547,1.2853471040725708
2019-11-26,12.027570724487305,16.269906997680664,117.21025848388672,137.74000549316406,1.289723515510559
2019-11-27,11.967561721801758,16.071029663085938,116.86972045898438,137.00999450683594,1.2860909700393677
2019-11-28,11.985779762268066,16.151275634765625,,,1.2929919958114624
2019-11-29,11.963274955749512,16.39377212524414,116.62057495117188,137.86000061035156,1.29128897190094
2019-12-02,11.954702377319336,16.392026901245117,115.06563568115234,137.7899932861328,1.29128897190094
2019-12-03,12.01042366027832,16.412961959838867,117.47831726074219,139.11000061035156,1.294062852859497
2019-12-04,11.91612434387207,16.121618270874023,116.30526733398438,138.9199981689453,1.2997816801071167
2019-12-05,11.877547264099121,15.989030838012695,115.73958587646484,139.0,1.311131477355957
2019-12-06,11.905409812927246,16.12859535217285,115.09892272949219,137.6199951171875,1.3158414363861084
2019-12-09,11.91612434387207,16.22280502319336,115.34849548339844,137.5800018310547,1.3139568567276
2019-12-10,11.87111759185791,16.221059799194336,115.35688781738281,137.97000122070312,1.314578652381897
2019-12-11,11.89040756225586,16.328350067138672,116.2636489868164,138.9199981689453,1.3131287097930908
2019-12-12,11.81753921508789,16.191404342651367,114.35021209716797,138.42999267578125,1.3200099468231201
2019-12-13,11.89040756225586,16.1320858001709,115.67295837402344,139.0500030517578,1.347527265548706
2019-12-16,11.838969230651855,15.873888969421387,114.63309478759766,139.0399932861328,1.335327386856079
2019-12-17,11.89040756225586,16.162616729736328,114.47496032714844,139.00999450683594,1.3272457122802734
2019-12-18,11.881834983825684,16.364112854003906,113.534912109375,139.02000427246094,1.3122154474258423
2019-12-19,11.851829528808594,16.174827575683594,113.716552734375,139.3800048828125,1.3087291717529297
2019-12-20,11.881834983825684,16.095447540283203,113.86648559570312,139.52000427246094,1.3017443418502808
2019-12-23,11.907552719116211,16.232398986816406,113.69989013671875,139.9499969482422,1.3005423545837402
2019-12-24,11.892550468444824,16.27601432800293,114.02486419677734,141.27000427246094,1.2944984436035156
2019-12-25,,,,,1.2934937477111816
2019-12-26,,,114.29989624023438,142.3800048828125,1.2973533868789673
2019-12-27,11.928984642028809,16.27601432800293,114.42488098144531,142.3300018310547,1.3002209663391113
2019-12-30,11.77253246307373,15.99251937866211,114.0081787109375,142.6300048828125,1.3091918230056763
2019-12-31,11.828254699707031,16.08672523498535,112.8916244506836,142.89999389648438,1.3113033771514893
2020-01-01,,,,,1.326259970664978
2020-01-02,11.89040756225586,16.371091842651367,114.16648864746094,143.9499969482422,1.3250298500061035
2020-01-03,11.984705924987793,16.540315628051758,115.92475891113281,145.86000061035156,1.3152703046798706
2020-01-06,11.918268203735352,16.439130783081055,115.26643371582031,147.38999938964844,1.308010220527649
2020-01-07,11.924697875976562,16.345796585083008,114.69982147216797,147.97000122070312,1.317002534866333
2020-01-08,11.894692420959473,16.30828857421875,113.94151306152344,146.86000061035156,1.31137216091156
2020-01-09,11.868974685668945,16.170467376708984,114.34150695800781,146.02999877929688,1.3105130195617676
2020-01-10,11.928984642028809,16.276884078979492,115.35810852050781,146.91000366210938,1.3070186376571655
2020-01-13,11.939699172973633,16.35713768005371,115.00812530517578,145.82000732421875,1.3045634031295776
2020-01-14,12.001853942871094,16.54729461669922,115.59974670410156,145.69000244140625,1.2988194227218628
2020-01-15,12.044716835021973,16.70343780517578,116.36637115478516,146.5399932861328,1.3022528886795044
2020-01-16,12.062932968139648,16.670286178588867,115.9997329711914,146.30999755859375,1.3041210174560547
2020-01-17,12.087580680847168,16.6938419342041,115.00812530517578,146.5800018310547,1.3078734874725342
2020-01-20,12.035072326660156,16.569974899291992,,,1.3007283210754395
2020-01-21,12.096153259277344,16.674650192260742,116.21632385253906,146.74000549316406,1.3005592823028564
2020-01-22,12.104724884033203,16.713029861450195,116.62467193603516,146.7899932861328,1.3048017024993896
2020-01-23,12.196882247924805,16.917142868041992,117.4413070678711,147.1199951171875,1.3144749402999878
2020-01-24,12.21617317199707,16.974716186523438,118.39124298095703,147.97999572753906,1.311991572380066
2020-01-27,12.246174812316895,17.084625244140625,120.23270416259766,148.99000549316406,1.3061821460723877
2020-01-28,12.203312873840332,16.870037078857422,119.29115295410156,147.66000366210938,1.3060115575790405
2020-01-29,12.263319969177246,16.94156837463379,120.45773315429688,148.4600067138672,1.3024563789367676
2020-01-30,12.211885452270508,16.809852600097656,120.47438049316406,148.47000122070312,1.3022021055221558
2020-01-31,12.263319969177246,16.78106689453125,121.57433319091797,149.3300018310547,1.3089004755020142
2020-02-03,12.286898612976074,16.849105834960938,121.47576141357422,148.36000061035156,1.31816565990448
2020-02-04,12.194738388061523,16.739198684692383,119.83987426757812,146.42999267578125,1.2997479438781738
2020-02-05,12.100438117980957,16.687732696533203,118.52944946289062,146.61000061035156,1.3032711744308472
2020-02-06,12.147588729858398,16.77496337890625,119.06365203857422,147.39999389648438,1.2997140884399414
2020-02-07,12.162591934204102,16.798513412475586,120.54930877685547,147.7899932861328,1.2930254936218262
2020-02-10,12.20116901397705,16.835147857666016,120.88317108154297,148.1699981689453,1.2891582250595093
2020-02-11,12.220458984375,16.82119369506836,120.27389526367188,147.66000366210938,1.2918227910995483
2020-02-12,12.181880950927734,16.754899978637695,119.66458892822266,147.5399932861328,1.2956557273864746
2020-02-13,12.100438117980957,16.76711082458496,120.12368774414062,148.3800048828125,1.295756459236145
2020-02-14,12.15616226196289,16.79328155517578,120.64949798583984,149.0,1.3046824932098389
2020-02-17,12.128301620483398,16.786300659179688,,,1.3052955865859985
2020-02-18,12.143301963806152,16.805490493774414,121.47576141357422,150.91000366210938,1.3008975982666016
2020-02-19,12.162591934204102,16.822065353393555,121.46741485595703,151.7899932861328,1.3002209663391113
2020-02-20,12.233317375183105,16.9816951751709,122.41899871826172,152.41000366210938,1.2928247451782227
2020-02-21,12.276179313659668,17.10904884338379,123.56246948242188,154.6999969482422,1.2883278131484985
2020-02-24,12.314759254455566,17.175342559814453,125.40703582763672,156.08999633789062,1.29537034034729
2020-02-25,12.349047660827637,17.306184768676758,126.07473754882812,153.3000030517578,1.292657732963562
2020-02-26,12.344762802124023,17.300949096679688,125.40703582763672,153.97000122070312,1.3003394603729248
2020-02-27,12.361908912658691,17.37596893310547,126.76752471923828,154.0,1.2906889915466309
2020-02-28,12.379054069519043,17.112537384033203,129.63037109375,148.3800048828125,1.2888922691345215
2020-03-02,12.383339881896973,17.13870620727539,128.67662048339844,149.1999969482422,1.2807048559188843
2020-03-03,12.503360748291016,17.142196655273438,130.67442321777344,153.88999938964844,1.2767152786254883
2020-03-04,12.447637557983398,17.114282608032227,129.286865234375,154.16000366210938,1.2820841073989868
2020-03-05,12.531219482421875,17.177085876464844,132.50509643554688,157.49000549316406,1.2874983549118042
2020-03-06,12.807689666748047,17.580955505371094,139.40110778808594,157.5500030517578,1.295068383216858
2020-03-09,12.983433723449707,17.580955505371094,143.17926025390625,157.80999755859375,1.3099292516708374
2020-03-10,12.940568923950195,17.136962890625,135.84024047851562,154.47999572753906,1.3075313568115234
2020-03-11,12.794833183288574,16.997398376464844,130.84161376953125,153.92999267578125,1.2909722328186035
2020-03-12,12.730536460876465,17.489364624023438,131.65248107910156,147.7899932861328,1.2818212509155273
2020-03-13,12.481925010681152,16.422557830810547,128.67662048339844,143.27999877929688,1.257023572921753
2020-03-16,12.25903606414795,16.092832565307617,137.0104522705078,141.63999938964844,1.2399870157241821
2020-03-17,12.271894454956055,15.64883804321289,127.87418365478516,143.55999755859375,1.2266627550125122
2020-03-18,11.67180061340332,14.71898078918457,120.66044616699219,140.6999969482422,1.2121652364730835
2020-03-19,12.087580680847168,14.489568710327148,123.94552612304688,138.0399932861328,1.1625338792800903
2020-03-20,12.40048599243164,15.850337982177734,133.26565551757812,140.11000061035156,1.149438500404358
2020-03-23,12.730536460876465,16.486236572265625,138.7574462890625,146.3000030517578,1.162304162979126
2020-03-24,12.520503997802734,16.53333854675293,136.17457580566406,153.39999389648438,1.1595547199249268
2020-03-25,12.486211776733398,16.454830169677734,135.86524963378906,151.3000030517578,1.1792036294937134
2020-03-26,12.550509452819824,16.697328567504883,136.5339813232422,153.24000549316406,1.1851149797439575
2020-03-27,12.597657203674316,17.02007484436035,140.17845153808594,152.25,1.2200626134872437
2020-03-30,12.743396759033203,16.802001953125,139.0249481201172,152.9199981689453,1.245319128036499
2020-03-31,12.636236190795898,16.283864974975586,137.896484375,148.0500030517578,1.2371643781661987
2020-04-01,12.601945877075195,16.630163192749023,139.82855224609375,149.4499969482422,1.2408487796783447
2020-04-02,12.659811019897461,16.695585250854492,140.71583557128906,151.89999389648438,1.238236665725708
2020-04-03,12.679101943969727,16.806365966796875,141.05067443847656,152.64999389648438,1.2394952774047852
2020-04-06,12.621234893798828,16.931100845336914,140.6823272705078,156.8800048828125,1.2220158576965332
2020-04-07,12.531219482421875,16.79328155517578,139.20912170410156,156.0399932861328,1.2240501642227173
2020-04-08,12.68767261505127,16.89097785949707,138.19618225097656,154.64999389648438,1.2338672876358032
2020-04-09,12.83340835571289,17.06892204284668,138.44740295410156,158.69000244140625,1.23931086063385
2020-04-10,,,,,1.2454850673675537
2020-04-13,,,137.1833038330078,161.41000366210938,1.2461059093475342
2020-04-14,12.786259651184082,17.100326538085938,137.1497802734375,162.67999267578125,1.2523951530456543
2020-04-15,12.785187721252441,17.144813537597656,140.78280639648438,161.85000610351562,1.26262629032135
2020-04-16,12.792688369750977,17.15964126586914,142.38168334960938,161.7100067138672,1.252097249031067
2020-04-17,12.807689666748047,17.04624366760254,140.4730224609375,158.57000732421875,1.2487823963165283
2020-04-20,12.756254196166992,16.925867080688477,141.6031494140625,159.6999969482422,1.248751163482666
2020-04-21,12.871987342834473,16.98431396484375,143.3861083984375,158.61000061035156,1.2442762851715088
2020-04-22,12.854842185974121,16.989543914794922,141.9212646484375,161.72999572753906,1.2298610210418701
2020-04-23,12.88913345336914,17.0950927734375,142.6746826171875,163.33999633789062,1.2323921918869019
2020-04-24,12.867701530456543,17.08985710144043,143.00950622558594,162.63999938964844,1.235223650932312
2020-04-27,12.867701530456543,16.995649337768555,140.3474578857422,161.55999755859375,1.2366595268249512
2020-04-28,12.859127044677734,17.06281852722168,141.9630889892578,160.83999633789062,1.2422668933868408
2020-04-29,12.884845733642578,17.08985710144043,141.2264862060547,161.72999572753906,1.2435646057128906
2020-04-30,12.951284408569336,17.253847122192383,139.57737731933594,158.8000030517578,1.2471472024917603
2020-05-01,12.914851188659668,17.210233688354492,140.7726287841797,159.77999877929688,1.2581465244293213
2020-05-04,12.970574378967285,17.274782180786133,140.1104736328125,160.33999633789062,1.2454230785369873
2020-05-05,13.000578880310059,17.343692779541016,139.21359252929688,161.02000427246094,1.244555115699768
2020-05-06,12.965214729309082,17.396032333374023,136.96734619140625,158.9499969482422,1.2444202899932861
2020-05-07,12.987717628479004,17.624570846557617,139.25546264648438,161.38999938964844,1.232559323310852
2020-05-08,,,137.44503784179688,160.4199981689453,1.237593173980713
2020-05-11,12.940568923950195,17.474973678588867,136.3722381591797,159.4199981689453,1.2417423725128174
2020-05-12,12.919137954711914,17.368989944458008,137.77197265625,160.0399932861328,1.2333498001098633
2020-05-13,12.9534273147583,17.40736961364746,138.7358856201172,161.5800018310547,1.2254902124404907
2020-05-14,12.914909362792969,17.590543746948242,140.09375,163.00999450683594,1.224155068397522
2020-05-15,12.89982795715332,17.51786994934082,139.73329162597656,163.92999267578125,1.2233912944793701
2020-05-18,12.826584815979004,17.575220108032227,136.66555786132812,162.69000244140625,1.2085760831832886
2020-05-19,12.843817710876465,17.640888214111328,137.1768341064453,164.25999450683594,1.2200031280517578
2020-05-20,12.908446311950684,17.697803497314453,137.58755493164062,164.64999389648438,1.2255953550338745
2020-05-21,12.964456558227539,17.82695198059082,137.93118286132812,162.25,1.2236906290054321
2020-05-22,12.951532363891602,17.752527236938477,138.76104736328125,163.2100067138672,1.2223445177078247
2020-05-25,,,,,1.218605637550354
2020-05-26,12.867515563964844,17.636512756347656,136.90029907226562,160.88999938964844,1.220137119293213
2020-05-27,12.919217109680176,17.892620086669922,136.64878845214844,161.17999267578125,1.23350191116333
2020-05-28,12.886902809143066,17.903566360473633,136.14588928222656,161.72000122070312,1.2264822721481323
2020-05-29,12.973074913024902,17.99331283569336,137.11814880371094,162.91000366210938,1.2321492433547974
2020-06-01,12.89552116394043,17.96485710144043,136.1949920654297,163.66000366210938,1.2347996234893799
2020-06-02,12.873976707458496,17.9364013671875,135.69984436035156,162.60000610351562,1.248704433441162
2020-06-03,12.766264915466309,17.85321807861328,133.89541625976562,159.60000610351562,1.2581465244293213
2020-06-04,12.701635360717773,17.695613861083984,131.95668029785156,161.27999877929688,1.2575136423110962
2020-06-05,12.615464210510254,17.509986877441406,131.0167236328125,158.00999450683594,1.2609069347381592
2020-06-08,12.671476364135742,17.5511417388916,131.52029418945312,159.72000122070312,1.2725722789764404
2020-06-09,12.736104011535645,17.697803497314453,133.01422119140625,161.25999450683594,1.2735283374786377
2020-06-10,12.848126411437988,17.83570671081543,134.98641967773438,163.57000732421875,1.2711325883865356
2020-06-11,12.960149765014648,17.947345733642578,137.5377960205078,162.38999938964844,1.2710679769515991
2020-06-12,12.925680160522461,17.859785079956055,136.2117156982422,162.6199951171875,1.257703423500061
2020-06-15,12.912755012512207,17.892620086669922,136.2873077392578,162.3300018310547,1.2508755922317505
2020-06-16,12.912755012512207,17.977989196777344,134.19754028320312,162.25,1.2637752294540405
2020-06-17,12.94937801361084,18.20783042907715,134.75149536132812,162.55999755859375,1.258510708808899
2020-06-18,12.830891609191895,17.896997451782227,136.17811584472656,162.24000549316406,1.2552721500396729
2020-06-19,12.774881362915039,17.84227180480957,136.2873077392578,164.02999877929688,1.2426837682724
2020-06-22,12.80935001373291,18.045846939086914,136.30410766601562,165.08999633789062,1.234811782836914
2020-06-23,12.80073070526123,18.00425910949707,135.37252807617188,166.47999572753906,1.250156283378601
2020-06-24,12.88259506225586,18.048038482666016,136.82443237304688,165.89999389648438,1.2524893283843994
2020-06-25,12.973074913024902,18.102758407592773,137.2189178466797,165.8000030517578,1.2412954568862915
2020-06-26,12.886902809143066,18.037092208862305,138.68760681152344,166.5399932861328,1.2425447702407837
2020-06-29,12.925680160522461,18.14872932434082,138.25120544433594,166.6300048828125,1.2342174053192139
2020-06-30,12.89552116394043,18.09400749206543,137.5797576904297,167.3699951171875,1.2310571670532227
2020-07-01,12.826584815979004,18.12683868408203,137.31259155273438,166.6199951171875,1.2389271259307861
2020-07-02,12.878286361694336,18.20345687866211,137.45538330078125,166.97999572753906,1.2464786767959595
2020-07-03,12.852435111999512,18.212209701538086,,,1.2466403245925903
2020-07-06,12.878286361694336,18.234100341796875,136.8924560546875,167.97999572753906,1.247551679611206
2020-07-07,12.878286361694336,18.16843032836914,138.8165740966797,169.0399932861328,1.249547004699707
2020-07-08,12.865361213684082,18.076492309570312,138.26202392578125,170.08999633789062,1.2542802095413208
2020-07-09,12.921371459960938,17.92545509338379,140.4635009765625,169.6300048828125,1.2613521814346313
2020-07-10,12.925680160522461,17.83570671081543,139.75762939453125,169.19000244140625,1.2605094909667969
2020-07-13,12.865361213684082,17.872920989990234,140.21978759765625,169.39999389648438,1.2627506256103516
2020-07-14,12.904139518737793,18.085250854492188,140.4214324951172,170.19000244140625,1.255177617073059
2020-07-15,12.825505256652832,18.00425910949707,139.76605224609375,170.33999633789062,1.25692880153656
2020-07-16,12.839509963989258,17.91012954711914,140.42984008789062,168.72999572753906,1.2591001987457275
2020-07-17,12.833046913146973,17.71750259399414,140.13577270507812,170.1199951171875,1.2559500932693481
2020-07-20,12.85459041595459,17.741580963134766,140.48028564453125,170.94000244140625,1.2571184635162354
2020-07-21,12.87613296508789,17.82695198059082,140.5642852783203,173.0,1.266175389289856
2020-07-22,12.93429946899414,17.945158004760742,140.9844207763672,175.6300048828125,1.2730745077133179
2020-07-23,12.91706371307373,17.953908920288086,142.6313018798828,177.17999267578125,1.2729934453964233
2020-07-24,12.86320686340332,18.019580841064453,142.62290954589844,178.6999969482422,1.2730745077133179
2020-07-27,12.938606262207031,18.181562423706055,142.09356689453125,182.22999572753906,1.2795906066894531
2020-07-28,12.938606262207031,18.16843032836914,143.07666015625,183.75,1.2889753580093384
2020-07-29,12.912755012512207,18.146543502807617,142.8329620361328,185.1300048828125,1.292373776435852
2020-07-30,12.942914962768555,18.282255172729492,143.7740478515625,183.75999450683594,1.298246145248413
2020-07-31,12.942914962768555,18.21658706665039,143.681640625,185.42999267578125,1.311785101890564
2020-08-03,12.938606262207031,18.181562423706055,142.9582061767578,185.63999938964844,1.3101695775985718
2020-08-04,12.955841064453125,18.181562423706055,144.32093811035156,189.58999633789062,1.3078734874725342
2020-08-05,12.865361213684082,17.99331283569336,143.05918884277344,191.35000610351562,1.3086093664169312
2020-08-06,12.940759658813477,18.00644874572754,143.8582305908203,193.88999938964844,1.3126804828643799
2020-08-07,12.852435111999512,17.958290100097656,142.8992919921875,190.80999755859375,1.3138015270233154
2020-08-10,12.856742858886719,18.028337478637695,142.25997924804688,190.14999389648438,1.3052273988723755
2020-08-11,12.745798110961914,17.86635398864746,140.5692596435547,179.94000244140625,1.3077194690704346
2020-08-12,12.684401512145996,17.684667587280273,139.2906951904297,179.10000610351562,1.3050740957260132
2020-08-13,12.67363166809082,17.603675842285156,137.8017578125,183.3300018310547,1.3048017024993896
2020-08-14,12.662858009338379,17.319110870361328,137.263427734375,182.5399932861328,1.3070528507232666
2020-08-17,12.714561462402344,17.46183204650879,137.60830688476562,186.5,1.3107001781463623
2020-08-18,12.701635360717773,17.425933837890625,138.59237670898438,188.17999267578125,1.3107877969741821
2020-08-19,12.665014266967773,17.317358016967773,137.7260284423828,182.24000549316406,1.325398564338684
2020-08-20,12.654243469238281,17.235929489135742,138.97097778320312,183.5,1.311079978942871
2020-08-21,12.695172309875488,17.416303634643555,139.80372619628906,182.02999877929688,1.3220343589782715
2020-08-24,12.701635360717773,17.54019546508789,139.57662963867188,181.0,1.3094146251678467
2020-08-25,12.580997467041016,17.392663955688477,138.50833129882812,181.22000122070312,1.307138204574585
2020-08-26,12.546526908874512,17.247312545776367,137.97840881347656,183.36000061035156,1.3152183294296265
2020-08-27,12.494823455810547,17.1615047454834,135.63148498535156,181.24000549316406,1.3219819068908691
2020-08-28,12.550834655761719,17.395288467407227,135.5305633544922,184.38999938964844,1.3199577331542969
2020-08-31,,,136.4306640625,184.8300018310547,1.3356484174728394
2020-09-01,12.55729866027832,17.46796226501465,137.99105834960938,185.0500030517578,1.3364516496658325
2020-09-02,12.671476364135742,17.387407302856445,139.3048095703125,182.6199951171875,1.339943766593933
2020-09-03,12.686556816101074,17.40929412841797,139.70069885253906,181.13999938964844,1.335131287574768
2020-09-04,12.643467903137207,17.36551856994629,137.04788208007812,181.63999938964844,1.3262248039245605
2020-09-07,12.667166709899902,17.436439514160156,,,1.3245735168457031
2020-09-08,12.71886920928955,17.91451072692871,137.8900909423828,181.2899932861328,1.3162224292755127
2020-09-09,12.693017959594727,17.829139709472656,137.51953125,183.0500030517578,1.2968486547470093
2020-09-10,12.662858009338379,17.774415969848633,138.21849060058594,182.4600067138672,1.2999167442321777
2020-09-11,12.78349781036377,17.97142219543457,138.51324462890625,182.4499969482422,1.2808295488357544
2020-09-14,12.746875762939453,17.861974716186523,138.50485229492188,183.88999938964844,1.2806557416915894
2020-09-15,12.736104011535645,17.713123321533203,138.16793823242188,183.4499969482422,1.2849671840667725
2020-09-16,12.757647514343262,17.715314865112305,137.75531005859375,183.97000122070312,1.2884771823883057
2020-09-17,12.757647514343262,17.778793334960938,138.17633056640625,182.9600067138672,1.2959998846054077
2020-09-18,12.766264915466309,17.772228240966797,137.74685668945312,183.1999969482422,1.2975554466247559
2020-09-21,12.817965507507324,17.774415969848633,138.44589233398438,179.52000427246094,1.2932761907577515
2020-09-22,12.761955261230469,17.699989318847656,138.33636474609375,178.64999389648438,1.2820513248443604
2020-09-23,12.725333213806152,17.64964485168457,138.52162170410156,174.7899932861328,1.2744048833847046
2020-09-24,12.727487564086914,17.507801055908203,139.05221557617188,175.44000244140625,1.2717468738555908
2020-09-25,12.80504035949707,17.66497039794922,139.05221557617188,174.94000244140625,1.2757054567337036
2020-09-28,12.772727012634277,17.66497039794922,138.65638732910156,176.6999969482422,1.2766826152801514
2020-09-29,12.80504035949707,17.802871704101562,138.81637573242188,178.19000244140625,1.2873492240905762
2020-09-30,12.714561462402344,17.66497039794922,137.48583984375,177.1199951171875,1.2866535186767578
2020-10-01,12.684401512145996,17.732826232910156,137.71258544921875,178.6999969482422,1.2917560338974
2020-10-02,12.671476364135742,17.625566482543945,137.19833374023438,178.5399932861328,1.2886265516281128
2020-10-05,12.60684871673584,17.524873733520508,134.51759338378906,179.41000366210938,1.2931090593338013
2020-10-06,12.591766357421875,17.332242965698242,135.2425994873047,177.3000030517578,1.2992581129074097
2020-10-07,12.576687812805176,17.245559692382812,134.25631713867188,177.22000122070312,1.2883278131484985
2020-10-08,12.591766357421875,17.396162033081055,134.9812774658203,177.85000610351562,1.2917560338974
2020-10-09,12.63485336303711,17.519182205200195,134.95594787597656,181.0800018310547,1.29404616355896
2020-10-12,12.628390312194824,17.48809814453125,135.38587951660156,180.55999755859375,1.3031693696975708
2020-10-13,12.693017959594727,17.62994384765625,136.35533142089844,177.72000122070312,1.3065747022628784
2020-10-14,12.726410865783691,17.75690269470215,136.6672821044922,178.27000427246094,1.2935272455215454
2020-10-15,12.79642391204834,17.907941818237305,136.4312744140625,178.9199981689453,1.3012362718582153
2020-10-16,12.80504035949707,17.96266746520996,136.05191040039062,178.3000030517578,1.2902060747146606
2020-10-19,12.813657760620117,18.00644874572754,135.5376434326172,178.38999938964844,1.2927746772766113
2020-10-20,12.770573616027832,17.896997451782227,134.24790954589844,179.25,1.2948671579360962
2020-10-21,12.662858009338379,17.735013961791992,133.78421020507812,180.60000610351562,1.2954038381576538
2020-10-22,12.619772911071777,17.64964485168457,132.3932647705078,178.8300018310547,1.3131976127624512
2020-10-23,12.624080657958984,17.730636596679688,133.20254516601562,178.63999938964844,1.307805061340332
2020-10-26,12.604692459106445,17.66058921813965,134.4417266845703,178.5500030517578,1.3054660558700562
2020-10-27,12.72317886352539,17.79630470275879,135.34376525878906,179.02000427246094,1.301574945449829
2020-10-28,12.766264915466309,17.892620086669922,135.47024536132812,176.1300048828125,1.303186297416687
2020-10-29,12.742568969726562,17.94077491760254,134.15513610839844,175.39999389648438,1.2989881038665771
2020-10-30,12.641315460205078,17.73939323425293,132.8316650390625,176.1999969482422,1.2931926250457764
2020-11-02,12.721024513244629,17.90137481689453,133.8265838623047,177.91000366210938,1.2926744222640991
2020-11-03,12.624080657958984,17.822572708129883,133.0502166748047,178.9199981689453,1.2923903465270996
2020-11-04,12.761955261230469,18.013011932373047,135.93638610839844,178.82000732421875,1.3121638298034668
2020-11-05,12.68871021270752,17.79630470275879,136.1726837158203,182.92999267578125,1.2966804504394531
2020-11-06,12.615464210510254,17.59929847717285,134.5270538330078,183.19000244140625,1.3139395713806152
2020-11-09,12.451738357543945,17.309476852416992,131.69993591308594,175.0800018310547,1.318061351776123
2020-11-10,12.421579360961914,16.98551368713379,130.9405059814453,175.66000366210938,1.3169677257537842
2020-11-11,12.389265060424805,16.916339874267578,131.41302490234375,174.89999389648438,1.3261544704437256
2020-11-12,12.506540298461914,17.12781524658203,133.6493377685547,175.9600067138672,1.3224189281463623
2020-11-13,12.519525527954102,17.102357864379883,133.47215270996094,177.16000366210938,1.3121638298034668
2020-11-16,12.497884750366211,17.1506404876709,133.15147399902344,177.14999389648438,1.3220518827438354
2020-11-17,12.529260635375977,17.21296501159668,134.0206756591797,176.5,1.322209119796753
2020-11-18,12.50870418548584,17.209457397460938,134.4088897705078,175.49000549316406,1.3259083032608032
2020-11-19,12.515196800231934,17.237546920776367,135.1009063720703,175.16000366210938,1.325644612312317
2020-11-20,12.567126274108887,17.436819076538086,136.29925537109375,175.69000244140625,1.3249244689941406
2020-11-23,12.545489311218262,17.299877166748047,135.6747589111328,172.22999572753906,1.3305126428604126
2020-11-24,12.562799453735352,17.160295486450195,134.32449340820312,169.58999633789062,1.332906723022461
2020-11-25,12.579025268554688,17.523727416992188,133.91094970703125,169.50999450683594,1.3363267183303833
2020-11-26,12.647185325622559,17.7216854095459,,,1.3385447263717651
2020-11-27,12.63636589050293,17.734851837158203,135.2105712890625,167.7899932861328,1.3354523181915283
2020-11-30,12.601746559143066,17.840192794799805,135.04183959960938,166.6699981689453,1.333191156387329
2020-12-01,12.517359733581543,17.68437385559082,133.0507354736328,170.17999267578125,1.3336889743804932
2020-12-02,12.510868072509766,17.58342170715332,131.9947052001953,171.4600067138672,1.3422638177871704
2020-12-03,12.53467082977295,17.52021598815918,133.05911254882812,172.80999755859375,1.3370771408081055
2020-12-04,12.52385139465332,17.572010040283203,131.10768127441406,172.32000732421875,1.345496654510498
2020-12-07,12.638528823852539,17.813858032226562,132.29043579101562,174.88999938964844,1.3417415618896484
2020-12-08,12.69262409210205,18.011377334594727,132.91552734375,175.5,1.3357375860214233
2020-12-09,12.701277732849121,17.925783157348633,132.47622680664062,172.5,1.3365589380264282
2020-12-10,12.794320106506348,18.05965805053711,133.65048217773438,172.1699981689453,1.3367018699645996
2020-12-11,12.83975887298584,18.103551864624023,134.1236114501953,172.49000549316406,1.3305658102035522
2020-12-14,12.7791748046875,17.949926376342773,133.75186157226562,171.5399932861328,1.3318239450454712
2020-12-15,12.662331581115723,17.829221725463867,133.30416870117188,173.94000244140625,1.3330844640731812
2020-12-16,12.640692710876465,17.80946922302246,132.94932556152344,174.89999389648438,1.3444474935531616
2020-12-17,12.670988082885742,17.776548385620117,132.59754943847656,176.74000549316406,1.3502929210662842
2020-12-18,12.71209716796875,17.853363037109375,132.20005798339844,176.44000244140625,1.3570178747177124
2020-12-21,12.798646926879883,18.046489715576172,132.72438049316406,175.8800048828125,1.3401951789855957
2020-12-22,12.83975887298584,18.081602096557617,133.40940856933594,174.49000549316406,1.3449536561965942
2020-12-23,12.61040210723877,17.556209564208984,132.48757934570312,175.64999389648438,1.339943766593933
2020-12-24,12.685050964355469,17.697542190551758,133.01190185546875,176.35000610351562,1.3505300283432007
2020-12-25,,,,,1.3552008867263794
2020-12-28,,,133.0710906982422,175.7100067138672,1.3572388887405396
2020-12-29,12.772683143615723,17.8270263671875,132.9020233154297,176.35000610351562,1.3466018438339233
2020-12-30,12.766191482543945,17.776548385620117,133.1894989013672,177.6999969482422,1.3499903678894043
2020-12-31,12.783501625061035,17.868724822998047,133.38397216796875,178.36000061035156,1.36306631565094
2021-01-01,,,,,1.3673007488250732
2021-01-04,12.820287704467773,17.879697799682617,133.22328186035156,182.3300018310547,1.3684196472167969
2021-01-05,12.748881340026855,17.609756469726562,132.2339630126953,182.8699951171875,1.3571596145629883
2021-01-06,12.678559303283691,17.378881454467773,129.5194091796875,179.89999389648438,1.3629549741744995
2021-01-07,12.60823917388916,17.20857810974121,128.3777618408203,179.47999572753906,1.3625277280807495
2021-01-08,12.632039070129395,17.282318115234375,127.9634017944336,173.33999633789062,1.3569625616073608
2021-01-11,12.580107688903809,17.206823348999023,127.75196838378906,173.0,1.3516253232955933
2021-01-12,12.54116153717041,17.18838882446289,127.65055847167969,174.1199951171875,1.3524113893508911
2021-01-13,12.612566947937012,17.37800407409668,129.08815002441406,173.3699951171875,1.3670539855957031
2021-01-14,12.629873275756836,17.478078842163086,127.8788070678711,173.27999877929688,1.364926815032959
2021-01-15,12.629873275756836,17.388538360595703,128.38619995117188,171.1300048828125,1.3683634996414185
2021-01-18,12.634201049804688,17.405216217041016,,,1.357533574104309
2021-01-19,12.647185325622559,17.379758834838867,128.8005828857422,172.5800018310547,1.3581236600875854
2021-01-20,12.606073379516602,17.135717391967773,128.92745971679688,175.38999938964844,1.3644241094589233
2021-01-21,12.573617935180664,17.089189529418945,128.0225830078125,175.27999877929688,1.3668484687805176
2021-01-22,12.590926170349121,17.18838882446289,128.4369659423828,173.89999389648438,1.3729474544525146
2021-01-25,12.664493560791016,17.36307716369629,129.95065307617188,174.0500030517578,1.3688204288482666
2021-01-26,12.65367603302002,17.41838264465332,129.70550537109375,173.6199951171875,1.3678992986679077
2021-01-27,12.685050964355469,17.493881225585938,130.03524780273438,172.52000427246094,1.374154806137085
2021-01-28,12.647185325622559,17.48334312438965,129.31642150878906,172.67999267578125,1.3669419288635254
2021-01-29,12.59958267211914,17.351667404174805,128.53842163085938,172.61000061035156,1.3725008964538574
2021-02-01,12.590926170349121,17.36396026611328,128.6874237060547,174.22999572753906,1.3697690963745117
2021-02-02,12.551980018615723,17.262128829956055,127.85774230957031,172.11000061035156,1.3678767681121826
2021-02-03,12.504376411437988,17.227014541625977,126.72329711914062,171.85000610351562,1.3659336566925049
2021-02-04,12.400517463684082,17.08831214904785,126.3846435546875,168.14999389648438,1.364908218383789
2021-02-05,12.309638023376465,16.969802856445312,125.32637023925781,169.80999755859375,1.3676148653030396
2021-02-08,12.346423149108887,17.046171188354492,125.87661743164062,171.52000427246094,1.3738716840744019
2021-02-09,12.372387886047363,17.032129287719727,125.9697494506836,172.0800018310547,1.374570369720459
2021-02-10,12.3334379196167,17.062854766845703,126.80789947509766,172.7100067138672,1.3817994594573975
2021-02-11,12.347502708435059,17.061098098754883,126.11367797851562,171.2100067138672,1.3832597732543945
2021-02-12,12.283671379089355,16.984725952148438,124.54745483398438,170.69000244140625,1.381024718284607
2021-02-15,12.185222625732422,16.875873565673828,,,1.3871549367904663
2021-02-16,12.106245040893555,16.758237838745117,122.65098571777344,168.24000549316406,1.3914785385131836
2021-02-17,12.199287414550781,16.835491180419922,123.42984008789062,166.3300018310547,1.388811707496643
2021-02-18,12.123554229736328,16.565113067626953,122.93035125732422,166.32000732421875,1.3866355419158936
2021-02-19,12.056477546691895,16.50014877319336,121.29637908935547,167.00999450683594,1.3967455625534058
2021-02-22,12.05864143371582,16.45098876953125,120.3735580444336,169.50999450683594,1.403114914894104
2021-02-23,11.974255561828613,16.382518768310547,120.0264892578125,169.1199951171875,1.4071228504180908
2021-02-24,11.900688171386719,16.260496139526367,119.23904418945312,169.0,1.412030577659607
2021-02-25,11.87039566040039,16.559844970703125,117.29186248779297,165.82000732421875,1.4148274660110474
2021-02-26,11.87039566040039,16.459768295288086,121.16943359375,161.80999755859375,1.4008152484893799
2021-03-01,11.948290824890137,16.547555923461914,119.56902313232422,161.52999877929688,1.3972529172897339
2021-03-02,12.071625709533691,16.682741165161133,119.57756805419922,162.41000366210938,1.3929517269134521
2021-03-03,11.950453758239746,16.551063537597656,118.28059387207031,160.6199951171875,1.3954981565475464
2021-03-04,12.0023832321167,16.749460220336914,117.51777648925781,159.0399932861328,1.3926994800567627
2021-03-05,12.004547119140625,16.77404022216797,117.74661254882812,159.13999938964844,1.3894098997116089
2021-03-08,12.003466606140137,16.730146408081055,116.83113098144531,157.49000549316406,1.385367751121521
2021-03-09,12.052151679992676,16.884647369384766,118.45011901855469,160.83999633789062,1.3823610544204712
2021-03-10,12.060805320739746,16.924152374267578,118.6875228881836,161.66000366210938,1.3890432119369507
2021-03-11,12.028350830078125,16.88640594482422,117.83130645751953,161.52000427246094,1.3931456804275513
2021-03-12,11.892032623291016,16.70732307434082,115.33080291748047,161.49000549316406,1.3989927768707275
2021-03-15,11.952617645263672,16.92766571044922,116.00889587402344,162.1999969482422,1.3929517269134521
2021-03-16,11.955862998962402,16.92766571044922,115.542724609375,162.35000610351562,1.3899120092391968
2021-03-17,11.90501594543457,16.870603561401367,114.67809295654297,163.50999450683594,1.3902212381362915
2021-03-18,11.84875774383545,16.759992599487305,113.51685333251953,162.55999755859375,1.3975849151611328
2021-03-19,11.898524284362793,16.828466415405273,114.22039031982422,163.24000549316406,1.3925055265426636
2021-03-22,11.917997360229492,16.810909271240234,115.50032806396484,163.0,1.3832597732543945
2021-03-23,12.006711959838867,16.946979522705078,116.54293060302734,161.80999755859375,1.3862512111663818
2021-03-24,12.014286041259766,17.055831909179688,117.170166015625,162.3699951171875,1.3730417490005493
2021-03-25,12.06946086883545,17.209457397460938,116.24625396728516,161.77999877929688,1.3688879013061523
2021-03-26,12.011038780212402,17.0953369140625,115.83941650390625,162.24000549316406,1.374910593032837
2021-03-29,11.976418495178223,16.963655471801758,114.85610961914062,160.30999755859375,1.3791011571884155
2021-03-30,11.89635944366455,16.6915225982666,115.45795440673828,157.57000732421875,1.3775053024291992
2021-03-31,11.874723434448242,16.752971649169922,114.81371307373047,159.9600067138672,1.3746649026870728
2021-04-01,11.924488067626953,17.000524520874023,116.71931457519531,161.97999572753906,1.3786258697509766
2021-04-02,,,,,1.383508563041687
2021-04-05,,,116.21004486083984,161.9199981689453,1.383125901222229
2021-04-06,11.95694351196289,16.967166900634766,116.99944305419922,163.22000122070312,1.3914011716842651
2021-04-07,11.969926834106445,16.926786422729492,116.18456268310547,162.75999450683594,1.383125901222229
2021-04-08,12.011038780212402,16.94434356689453,117.14366149902344,164.50999450683594,1.3743815422058105
2021-04-09,11.974255561828613,16.852169036865234,116.71931457519531,163.27000427246094,1.373437762260437
2021-04-12,11.974255561828613,16.94961166381836,116.66836547851562,162.27999877929688,1.3712154626846313
2021-04-13,11.976418495178223,16.93995475769043,117.54266357421875,163.42999267578125,1.3753834962844849
2021-04-14,11.941798210144043,16.842512130737305,117.16915130615234,162.72000122070312,1.3759700059890747
2021-04-15,12.047822952270508,17.039152145385742,119.12993621826172,165.35000610351562,1.3779228925704956
2021-04-16,11.995892524719238,16.951366424560547,118.20474243164062,166.35000610351562,1.3785498142242432
2021-04-19,12.017531394958496,17.116403579711914,117.86524963378906,165.88999938964844,1.3818453550338745
2021-04-20,12.047822952270508,17.084800720214844,118.40840911865234,166.47999572753906,1.3993842601776123
2021-04-21,12.021859169006348,17.04442024230957,118.64611053466797,168.1300048828125,1.3938837051391602
2021-04-22,12.034839630126953,17.050565719604492,119.16385650634766,167.0399932861328,1.3931845426559448
2021-04-23,12.039167404174805,17.018959045410156,118.88378143310547,166.39999389648438,1.3840255737304688
2021-04-26,12.030513763427734,17.028615951538086,118.71401977539062,166.83999633789062,1.3866355419158936
2021-04-27,12.006711959838867,16.958391189575195,117.6784896850586,166.4199981689453,1.3895643949508667
2021-04-28,11.98074722290039,16.881139755249023,117.75482940673828,166.91000366210938,1.390356421470642
2021-04-29,11.926651954650879,16.83724594116211,117.40681457519531,166.22000122070312,1.395673394203186
2021-04-30,11.935306549072266,16.875873565673828,117.6784896850586,165.66000366210938,1.3952839374542236
2021-05-03,,,117.74903106689453,167.80999755859375,1.3819791078567505
2021-05-04,12.008874893188477,17.083044052124023,118.54804992675781,166.5800018310547,1.3903758525848389
2021-05-05,11.959108352661133,17.0496883392334,118.74359893798828,167.27000427246094,1.388811707496643
2021-05-06,11.978584289550781,17.09358024597168,118.93907928466797,170.05999755859375,1.3909753561019897
2021-05-07,11.995892524719238,17.02334976196289,118.3525161743164,171.58999633789062,1.389854073524475
2021-05-10,11.974255561828613,16.989992141723633,117.15402221679688,172.11000061035156,1.4041197299957275
2021-05-11,11.889867782592773,16.78106117248535,116.49091339111328,172.13999938964844,1.4131278991699219
2021-05-12,11.831446647644043,16.7283935546875,115.26687622070312,170.42999267578125,1.4138271808624268
2021-05-13,11.806243896484375,16.756481170654297,115.4454116821289,171.1300048828125,1.4063708782196045
2021-05-14,11.858386993408203,16.80739974975586,116.52487182617188,172.69000244140625,1.4050863981246948
2021-05-17,11.860559463500977,16.861825942993164,116.27838897705078,174.6999969482422,1.4101786613464355
2021-05-18,11.858386993408203,16.88640594482422,115.98091888427734,175.0399932861328,1.4148674011230469
2021-05-19,11.877941131591797,16.94785499572754,115.70038604736328,175.16000366210938,1.41880202293396
2021-05-20,11.884461402893066,16.889917373657227,116.65245056152344,175.9600067138672,1.4106162786483765
2021-05-21,11.886632919311523,17.037397384643555,117.02648162841797,176.0399932861328,1.4185603857040405
2021-05-24,11.936603546142578,17.160295486450195,117.45995330810547,176.35000610351562,1.4142870903015137
2021-05-25,11.975712776184082,17.222623825073242,118.54804992675781,177.9499969482422,1.415608525276184
2021-05-26,12.021337509155273,17.337623596191406,118.34406280517578,177.63999938964844,1.4143872261047363
2021-05-27,11.964848518371582,17.209457397460938,117.86802673339844,177.7100067138672,1.4116119146347046
2021-05-28,11.984402656555176,17.385026931762695,117.6810073852539,178.3800048828125,1.4203739166259766
2021-05-31,,,,,1.4180374145507812
2021-06-01,11.932258605957031,17.298995971679688,117.65464782714844,177.89999389648438,1.4226775169372559
2021-06-02,11.958331108093262,17.451744079589844,117.9270248413086,178.77000427246094,1.4157087802886963
2021-06-03,11.908361434936523,17.381513595581055,117.48431396484375,175.27000427246094,1.4171934127807617
2021-06-04,11.964848518371582,17.40960693359375,119.09326171875,177.16000366210938,1.4109944105148315
2021-06-07,11.940948486328125,17.416629791259766,118.72724151611328,177.8699951171875,1.4164307117462158
2021-06-08,11.98657512664795,17.50090217590332,119.56149291992188,177.32000732421875,1.41765558719635
2021-06-09,12.045235633850098,17.614147186279297,120.61707305908203,176.97999572753906,1.414987564086914
2021-06-10,12.014820098876953,17.546550750732422,121.34063720703125,177.74000549316406,1.4112334251403809
2021-06-11,12.075654983520508,17.695348739624023,121.14480590820312,175.74000549316406,1.4170126914978027
2021-06-14,12.03654670715332,17.688762664794922,120.21700286865234,174.7100067138672,1.411930799484253
2021-06-15,12.021337509155273,17.67998504638672,120.07229614257812,174.0500030517578,1.4109944105148315
2021-06-16,12.049581527709961,17.558401107788086,119.9700927734375,171.11000061035156,1.4081531763076782
2021-06-17,12.012646675109863,17.399072647094727,121.76631164550781,165.85000610351562,1.3990709781646729
2021-06-18,12.097380638122559,17.51143455505371,124.05623626708984,164.92999267578125,1.3938642740249634
2021-06-21,12.079999923706055,17.385026931762695,121.97909545898438,166.9499969482422,1.381711721420288
2021-06-22,12.025683403015137,17.244569778442383,122.27703857421875,166.25,1.392540454864502
2021-06-23,12.02350902557373,17.4025821685791,121.96210479736328,166.13999938964844,1.3949919939041138
2021-06-24,12.071309089660645,17.457012176513672,122.1578598022461,166.0399932861328,1.3967455625534058
2021-06-25,12.0191650390625,17.388538360595703,120.8894271850586,166.58999633789062,1.3916915655136108
2021-06-28,12.084345817565918,17.460519790649414,122.13233184814453,166.5800018310547,1.389506459236145
2021-06-29,12.071309089660645,17.411361694335938,122.33660125732422,164.8300018310547,1.3879058361053467
2021-06-30,12.077826499938965,17.370101928710938,122.88148498535156,165.6300048828125,1.3842746019363403
2021-07-01,12.066963195800781,17.296361923217773,122.88819122314453,166.1999969482422,1.3829153776168823
2021-07-02,12.097380638122559,17.340255737304688,123.62979888916016,167.2899932861328,1.3759511709213257
2021-07-05,12.088690757751465,17.332355499267578,,,1.383125901222229
2021-07-06,12.186460494995117,17.59000587463379,125.078857421875,168.1199951171875,1.3856172561645508
2021-07-07,12.240775108337402,17.80727195739746,126.18698120117188,168.75999450683594,1.3805670738220215
2021-07-08,12.240775108337402,17.81605339050293,126.68138122558594,168.64999389648438,1.3801099061965942
2021-07-09,12.170164108276367,17.636093139648438,124.89990234375,169.2100067138672,1.3790820837020874
2021-07-12,12.203842163085938,17.677793502807617,124.73790740966797,169.0,1.3899506330490112
2021-07-13,12.241862297058105,17.75460433959961,123.7833023071289,169.22000122070312,1.3886960744857788
2021-07-14,12.249467849731445,17.820444107055664,125.18971252441406,171.0399932861328,1.3806052207946777
2021-07-15,12.186460494995117,17.758989334106445,126.57052612304688,171.07000732421875,1.385809302330017
2021-07-16,12.238604545593262,17.917007446289062,126.33187866210938,169.41000366210938,1.3829728364944458
2021-07-19,12.371136665344238,18.145248413085938,129.10215759277344,169.61000061035156,1.3763866424560547
2021-07-20,12.401554107666016,18.22864532470703,127.85763549804688,169.38999938964844,1.3669979572296143
2021-07-21,12.336373329162598,18.197917938232422,126.23808288574219,168.75999450683594,1.3633265495300293
2021-07-22,12.392863273620605,18.391048431396484,127.43141174316406,169.08999633789062,1.3714035749435425
2021-07-23,12.390689849853516,18.48322296142578,126.57905578613281,168.55999755859375,1.377389669418335
2021-07-26,12.401554107666016,18.553451538085938,126.20396423339844,168.16000366210938,1.3757808208465576
2021-07-27,12.438488960266113,18.48760986328125,127.5508041381836,168.44000244140625,1.3829153776168823
2021-07-28,12.401554107666016,18.441524505615234,127.55925750732422,169.2899932861328,1.3882719278335571
2021-07-29,12.405899047851562,18.50078010559082,126.85186767578125,171.1699981689453,1.3906852006912231
2021-07-30,12.406986236572266,18.426164627075195,127.44847869873047,169.82000732421875,1.3964334726333618
2021-08-02,12.460214614868164,18.51833724975586,128.58523559570312,169.61000061035156,1.3896223306655884
2021-08-03,12.486288070678711,18.61270523071289,128.65353393554688,169.49000549316406,1.3892748355865479
2021-08-04,12.499323844909668,18.73341178894043,128.91806030273438,169.52999877929688,1.391788363456726
2021-08-05,12.492805480957031,18.772912979125977,128.26092529296875,168.86000061035156,1.3890432119369507
2021-08-06,12.371136665344238,18.69390869140625,126.11884307861328,164.63999938964844,1.3927576541900635
2021-08-09,12.468905448913574,18.91337013244629,125.66657257080078,161.72000122070312,1.3868471384048462
2021-08-10,12.458043098449707,18.79924964904785,125.08625030517578,161.77000427246094,1.3849073648452759
2021-08-11,12.455870628356934,18.742191314697266,125.00945281982422,164.0,1.3836042881011963
2021-08-12,12.415677070617676,18.6412353515625,124.80464935302734,164.0399932861328,1.3866932392120361
2021-08-13,12.438488960266113,18.65879249572754,126.77601623535156,166.38999938964844,1.3811582326889038
2021-08-16,12.449352264404297,18.59295654296875,127.08329772949219,167.22000122070312,1.3863856792449951
2021-08-17,12.468905448913574,18.69829559326172,127.0320053100586,166.97000122070312,1.3842746019363403
2021-08-18,12.441747665405273,18.69829559326172,127.45877075195312,167.10000610351562,1.3740416765213013
2021-08-19,12.479769706726074,18.746578216552734,128.39749145507812,166.61000061035156,1.3743815422058105
2021-08-20,12.490632057189941,18.808029174804688,128.4828643798828,166.6999969482422,1.3630849123001099
2021-08-23,12.473250389099121,18.88922882080078,128.39749145507812,168.72999572753906,1.3625277280807495
2021-08-24,12.47216510772705,19.020906448364258,127.39900207519531,168.64999389648438,1.37247633934021
2021-08-25,12.375481605529785,18.836559295654297,126.3407974243164,167.47999572753906,1.3725517988204956
2021-08-26,12.366791725158691,18.884841918945312,126.69068908691406,167.6699981689453,1.3766520023345947
2021-08-27,12.399381637573242,18.935317993164062,127.55265045166016,170.19000244140625,1.3702384233474731
2021-08-30,,,127.8854751586914,169.35000610351562,1.3762996196746826
2021-08-31,12.316818237304688,18.544673919677734,127.01494598388672,169.69000244140625,1.376045823097229
2021-09-01,12.349410057067871,18.540283203125,127.22772979736328,169.6999969482422,1.3753398656845093
2021-09-02,12.375481605529785,18.575397491455078,127.78316497802734,169.25,1.3771638870239258
2021-09-03,12.31464672088623,18.430551528930664,126.62109375,171.05999755859375,1.383680820465088
2021-09-06,12.348323822021484,18.58417510986328,,,1.3859245777130127
2021-09-07,12.273367881774902,18.654401779174805,125.55289459228516,167.7100067138672,1.3839489221572876
2021-09-08,12.292919158935547,18.810224533081055,126.40733337402344,167.2899932861328,1.3779798746109009
2021-09-09,12.31464672088623,18.871671676635742,127.9370346069336,168.02999877929688,1.3767657279968262
2021-09-10,12.292919158935547,18.85630989074707,126.8090591430664,167.17999267578125,1.3839681148529053
2021-09-13,12.310301780700684,18.922239303588867,127.57807159423828,167.74000549316406,1.3840830326080322
2021-09-14,12.321165084838867,18.91337013244629,129.12477111816406,168.82000732421875,1.3838149309158325
2021-09-15,12.288576126098633,18.981403350830078,128.671875,167.8300018310547,1.381024718284607
2021-09-16,12.225569725036621,18.746578216552734,128.08221435546875,164.02999877929688,1.3848881721496582
2021-09-17,12.177769660949707,18.588563919067383,127.46699523925781,163.77000427246094,1.3797005414962769
2021-09-20,12.240775108337402,18.729021072387695,129.0478515625,164.94000244140625,1.3729662895202637
2021-09-21,12.236433029174805,18.6456241607666,128.93675231933594,166.0399932861328,1.366269588470459
2021-09-22,12.227742195129395,18.6456241607666,129.70578002929688,165.4199981689453,1.3657469749450684
2021-09-23,12.097380638122559,18.3317928314209,126.7748794555664,163.50999450683594,1.3617113828659058
2021-09-24,12.04306411743164,18.307649612426758,125.53582763671875,163.3000030517578,1.3722503185272217
2021-09-27,12.008301734924316,18.456884384155273,125.07433319091797,163.63999938964844,1.3669044971466064
2021-09-28,11.940948486328125,18.101356506347656,123.12606811523438,162.0500030517578,1.3701633214950562
2021-09-29,11.9279146194458,17.848974227905273,123.33968353271484,161.32000732421875,1.354224443435669
2021-09-30,11.862732887268066,17.73704719543457,123.32271575927734,164.22000122070312,1.3426424264907837
2021-10-01,11.880115509033203,17.938949584960938,124.36051940917969,164.58999633789062,1.346982717514038
2021-10-04,11.888806343078613,18.105743408203125,124.04389190673828,165.36000061035156,1.3570915460586548
2021-10-05,11.77582836151123,18.096965789794922,122.84605407714844,164.58999633789062,1.3607479333877563
2021-10-06,11.797554016113281,17.98503875732422,123.53912353515625,165.02999877929688,1.3627691268920898
2021-10-07,11.797554016113281,18.0311279296875,122.24713897705078,164.16000366210938,1.3592127561569214
2021-10-08,11.686747550964355,17.80727195739746,121.39156341552734,164.22999572753906,1.3620266914367676
2021-10-11,11.662848472595215,17.73704719543457,121.08353424072266,163.9199981689453,1.361655831336975
2021-10-12,11.745409965515137,18.064044952392578,123.15406799316406,164.66000366210938,1.3590649366378784
2021-10-13,11.871423721313477,18.26375961303711,124.35187530517578,167.58999633789062,1.3578838109970093
2021-10-14,11.949640274047852,18.689517974853516,124.81393432617188,168.0,1.366923213005066
2021-10-15,11.851868629455566,18.502973556518555,124.08666229248047,165.3300018310547,1.3668859004974365
2021-10-18,11.829055786132812,18.391048431396484,124.66851806640625,164.9199981689453,1.376159429550171
2021-10-19,11.832316398620605,18.502973556518555,122.94872283935547,165.4499969482422,1.373645305633545
2021-10-20,11.797554016113281,18.553451538085938,122.11882019042969,166.89999389648438,1.3793197870254517
2021-10-21,11.73671817779541,18.59295654296875,121.97334289550781,166.75,1.3822999000549316
2021-10-22,11.810590744018555,18.772912979125977,123.31663513183594,167.77000427246094,1.379120111465454
2021-10-25,11.836661338806152,18.69829559326172,123.1284408569336,168.92999267578125,1.3762730360031128
2021-10-26,11.89749526977539,18.654401779174805,124.1465835571289,167.67999267578125,1.37644362449646
2021-10-27,12.139747619628906,19.0494384765625,126.40534210205078,168.1199951171875,1.3766140937805176
2021-10-28,12.179943084716797,19.152584075927734,125.97757720947266,168.0800018310547,1.3732868432998657
2021-10-29,12.121280670166016,18.61928939819336,126.36258697509766,166.64999389648438,1.380071759223938
2021-11-01,12.088690757751465,18.610511779785156,125.4527587890625,167.52000427246094,1.36832594871521
2021-11-02,12.062620162963867,18.808029174804688,126.00957489013672,167.16000366210938,1.365541934967041
2021-11-03,12.012646675109863,18.71146583557129,124.70747375488281,165.77000427246094,1.3617392778396606
2021-11-04,12.140835762023926,18.9528751373291,126.01820373535156,167.64999389648438,1.3694878816604614
2021-11-05,12.312475204467773,19.28207015991211,127.9028549194336,169.83999633789062,1.3508602380752563
2021-11-08,12.31464672088623,19.268901824951172,127.66301727294922,170.4499969482422,1.349127173423767
2021-11-09,12.399381637573242,19.514699935913086,129.32498168945312,171.2899932861328,1.3564507961273193
2021-11-10,12.221222877502441,19.10430335998535,126.96053314208984,173.14999389648438,1.3560001850128174
2021-11-11,12.209968566894531,19.064802169799805,126.77202606201172,174.1199951171875,1.3412736654281616
2021-11-12,12.196881294250488,19.12844467163086,126.2152328491211,174.4499969482422,1.3366482257843018
2021-11-15,12.168526649475098,19.20745277404785,124.6303482055664,174.17999267578125,1.341705560684204
2021-11-16,12.129265785217285,18.961650848388672,124.31340026855469,172.9199981689453,1.3408420085906982
2021-11-17,12.127083778381348,18.9462890625,125.298583984375,174.5,1.3424620628356934
2021-11-18,12.199060440063477,19.257930755615234,125.76969909667969,173.94000244140625,1.34916353225708
2021-11-19,12.27540111541748,19.36107635498047,127.0976333618164,172.61000061035156,1.3499648571014404
2021-11-22,12.201244354248047,19.0494384765625,125.60696411132812,168.74000549316406,1.3434540033340454
2021-11-23,12.188157081604004,19.073577880859375,123.79082489013672,167.27999877929688,1.3397642374038696
2021-11-24,12.153257369995117,19.084552764892578,125.77833557128906,167.1199951171875,1.337595820426941
2021-11-25,12.225235939025879,19.163558959960938,,,1.333066701889038
2021-11-26,12.432443618774414,19.62882423400879,128.95657348632812,166.85000610351562,1.331416130065918
2021-11-29,12.395364761352539,19.541038513183594,127.92003631591797,166.6199951171875,1.334098219871521
2021-11-30,12.506601333618164,19.745136260986328,129.86468505859375,165.5,1.3315047025680542
2021-12-01,12.428080558776855,19.782447814941406,130.6658477783203,166.16000366210938,1.3295927047729492
2021-12-02,12.462979316711426,19.775863647460938,130.82876586914062,165.24000549316406,1.3280000686645508
2021-12-03,12.50987434387207,19.865842819213867,132.38978576660156,166.6300048828125,1.3299994468688965
2021-12-06,12.550224304199219,19.826339721679688,130.57142639160156,166.22000122070312,1.3237318992614746
2021-12-07,12.602571487426758,19.83072853088379,129.51644897460938,166.80999755859375,1.326435923576355
2021-12-08,12.59384822845459,19.71660614013672,127.27775573730469,166.89999389648438,1.3246086835861206
2021-12-09,12.532774925231934,19.5629825592041,127.98970031738281,165.8800048828125,1.3210039138793945
2021-12-10,12.554588317871094,19.720996856689453,127.680908203125,166.5800018310547,1.3224014043807983
2021-12-13,12.568764686584473,19.62882423400879,129.56793212890625,167.0,1.3257148265838623
2021-12-14,12.507692337036133,19.124055862426758,129.25917053222656,165.44000244140625,1.3213530778884888
2021-12-15,12.467341423034668,18.825586318969727,128.01541137695312,166.14999389648438,1.323050618171692
2021-12-16,12.430262565612793,18.926538467407227,128.0652313232422,168.16000366210938,1.3263126611709595
2021-12-17,12.395364761352539,18.99237823486328,129.51641845703125,167.8000030517578,1.3323739767074585
2021-12-20,12.37573528289795,19.047245025634766,128.5460968017578,167.08999633789062,1.3229438066482544
2021-12-21,12.233959197998047,18.829975128173828,128.05662536621094,167.02000427246094,1.3210004568099976
2021-12-22,12.221963882446289,18.891427993774414,128.64918518066406,168.58999633789062,1.3269639015197754
2021-12-23,12.176159858703613,18.772912979125977,127.53285217285156,168.97000122070312,1.3352025747299194
2021-12-24,12.190337181091309,18.803638458251953,,,1.3406623601913452
2021-12-27,,,127.84197998046875,169.3699951171875,1.3404303789138794
2021-12-28,,,127.33529663085938,168.63999938964844,1.344266653060913
2021-12-29,12.105274200439453,18.474443435668945,125.94428253173828,168.58999633789062,1.3433277606964111
2021-12-30,12.166345596313477,18.55125617980957,127.00038146972656,169.8000030517578,1.349879264831543
2021-12-31,12.140170097351074,18.59734344482422,127.24945068359375,170.9600067138672,1.349837303161621
2022-01-03,,,123.90914154052734,168.3300018310547,1.3522284030914307
2022-01-04,12.00275993347168,18.564422607421875,123.39393615722656,169.57000732421875,1.3483266830444336
2022-01-05,12.018028259277344,18.52272605895996,122.72413635253906,169.05999755859375,1.353143334388733
2022-01-06,11.913333892822266,18.206697463989258,123.04191589355469,166.99000549316406,1.3555645942687988
2022-01-07,11.887160301208496,18.066240310668945,122.15740203857422,167.75,1.353363037109375
2022-01-10,11.865349769592285,18.11452293395996,122.4580078125,168.25999450683594,1.3592311143875122
2022-01-11,11.926420211791992,18.391048431396484,123.27374267578125,170.2899932861328,1.3580313920974731
2022-01-12,11.943868637084961,18.555644989013672,122.80145263671875,170.74000549316406,1.3633265495300293
2022-01-13,11.983128547668457,18.65879249572754,123.89201354980469,170.16000366210938,1.3709993362426758
2022-01-14,11.943868637084961,18.54686737060547,122.02005004882812,169.6699981689453,1.3713659048080444
2022-01-17,11.876255989074707,18.3427677154541,,,1.367353081703186
2022-01-18,11.834813117980957,18.215476989746094,120.30266571044922,169.38999938964844,1.364800214767456
2022-01-19,11.771561622619629,18.046489715576172,121.13561248779297,172.0800018310547,1.3600261211395264
2022-01-20,11.813003540039062,18.039905548095703,121.88267517089844,171.64999389648438,1.3608589172363281
2022-01-21,11.876255989074707,18.072824478149414,123.33381652832031,171.08999633789062,1.359767198562622
2022-01-24,11.943868637084961,18.53369903564453,122.32061004638672,172.02999877929688,1.3555830717086792
2022-01-25,11.913333892822266,18.434940338134766,122.12310028076172,172.5800018310547,1.3489269018173218
2022-01-26,11.843538284301758,18.26375961303711,120.64613342285156,169.7899932861328,1.3510775566101074
2022-01-27,11.795553207397461,18.3427677154541,122.86157989501953,167.60000610351562,1.3468012809753418
2022-01-28,11.791192054748535,18.351543426513672,122.90446472167969,167.10000610351562,1.3388315439224243
2022-01-31,11.679952621459961,18.08818817138672,122.26911163330078,168.08999633789062,1.3403388261795044
2022-02-01,11.70394515991211,18.16719627380371,121.86319732666016,168.22999572753906,1.3445378541946411
2022-02-02,11.797735214233398,18.399824142456055,122.27597045898438,168.83999633789062,1.352539300918579
2022-02-03,11.642873764038086,17.960899353027344,121.32147979736328,168.60000610351562,1.3565024137496948
2022-02-04,11.594888687133789,17.758989334106445,119.53289794921875,168.86000061035156,1.359841227531433
2022-02-07,11.579621315002441,17.743627548217773,119.61030578613281,170.11000061035156,1.3533447980880737
2022-02-08,11.470563888549805,17.523727416992188,118.81066131591797,170.6300048828125,1.353780746459961
2022-02-09,11.55126667022705,17.81605339050293,119.03421020507812,171.2100067138672,1.3547565937042236
2022-02-10,11.424760818481445,17.640480041503906,117.14237213134766,170.55999755859375,1.3533265590667725
2022-02-11,11.40295124053955,17.57903480529785,118.87939453125,173.80999755859375,1.3551788330078125
2022-02-14,11.370232582092285,17.574642181396484,117.40042114257812,174.74000549316406,1.3569625616073608
2022-02-15,11.411673545837402,17.521093368530273,116.06753540039062,173.0800018310547,1.3532898426055908
2022-02-16,11.461840629577637,17.636093139648438,116.75548553466797,174.86000061035156,1.3541145324707031
2022-02-17,11.509824752807617,17.886280059814453,117.62394714355469,177.25,1.3584926128387451
2022-02-18,11.612338066101074,18.25497817993164,118.8622055053711,177.1199951171875,1.3618782758712769
2022-02-21,11.60688591003418,18.355932235717773,,,1.359342098236084
2022-02-22,11.518550872802734,18.072824478149414,119.1717300415039,177.49000549316406,1.3596007823944092
2022-02-23,11.506553649902344,17.965290069580078,117.52940368652344,178.2899932861328,1.3589357137680054
2022-02-24,11.496737480163574,18.096965789794922,117.60679626464844,177.13999938964844,1.3545730113983154
2022-02-25,11.455297470092773,17.881893157958984,117.69279479980469,176.5500030517578,1.337327480316162
2022-02-28,11.518550872802734,18.01357078552246,120.27243041992188,178.3800048828125,1.337327480316162
2022-03-01,11.90897274017334,19.005544662475586,121.66299438476562,181.6199951171875,1.3422818183898926
2022-03-02,11.70394515991211,18.588563919067383,117.50420379638672,179.72999572753906,1.3335111141204834
2022-03-03,11.61561107635498,18.338375091552734,118.70101928710938,180.8000030517578,1.33969247341156
2022-03-04,11.745386123657227,18.69390869140625,120.75030517578125,183.67999267578125,1.3350956439971924
2022-03-07,11.621063232421875,18.59295654296875,119.82901763916016,186.41000366210938,1.3212482929229736
2022-03-08,11.47165584564209,18.467859268188477,118.62352752685547,191.50999450683594,1.3112295866012573
2022-03-09,11.407312393188477,18.274730682373047,117.46111297607422,185.82000732421875,1.3099292516708374
2022-03-10,11.372414588928223,18.061853408813477,115.77356719970703,186.39999389648438,1.3185653686523438
2022-03-11,11.389863967895508,18.14963722229004,116.1610107421875,185.08999633789062,1.3103240728378296
2022-03-14,11.264447212219238,17.840192794799805,113.44877624511719,182.3000030517578,1.3050298690795898
2022-03-15,11.320067405700684,17.644872665405273,113.250732421875,178.88999938964844,1.3011853694915771
2022-03-16,11.241545677185059,17.451744079589844,114.3614730834961,180.00999450683594,1.304648518562317
2022-03-17,11.289531707763672,17.46491241455078,113.50907897949219,180.88999938964844,1.3141123056411743
2022-03-18,11.354965209960938,17.4851016998291,114.8952865600586,179.3000030517578,1.3160406351089478
2022-03-21,11.206646919250488,17.047931671142578,112.23472595214844,180.6699981689453,1.3160839080810547
2022-03-22,11.141214370727539,16.93381118774414,110.79679107666016,179.36000061035156,1.3168290853500366
2022-03-23,11.206646919250488,17.102357864379883,113.22496032714844,181.80999755859375,1.3266470432281494
2022-03-24,11.211010932922363,17.31831169128418,112.33805084228516,183.1300048828125,1.3206027746200562
2022-03-25,11.16302490234375,17.142738342285156,110.77961730957031,182.3800048828125,1.3195745944976807
2022-03-28,11.276443481445312,17.439453125,111.72673797607422,179.05999755859375,1.317627191543579
2022-03-29,11.232820510864258,17.19540786743164,112.57052612304688,179.13999938964844,1.3103584051132202
2022-03-30,11.228458404541016,17.138349533081055,113.44877624511719,180.5800018310547,1.3093804121017456
2022-03-31,11.267718315124512,17.52460289001465,113.72428894042969,180.64999389648438,1.3138878345489502
2022-04-01,11.302618026733398,17.649261474609375,114.1572036743164,179.5,1.314699649810791
2022-04-04,11.383318901062012,17.796300888061523,113.36384582519531,180.3699951171875,1.3103755712509155
2022-04-05,11.29825496673584,17.574642181396484,110.80265808105469,179.24000549316406,1.3114582300186157
2022-04-06,11.202284812927246,17.2831974029541,109.90583801269531,179.66000366210938,1.3077365159988403
2022-04-07,11.167387962341309,16.94434356689453,109.07798767089844,180.33999633789062,1.307206630706787
2022-04-08,11.13685131072998,16.816177368164062,107.89656829833984,181.47000122070312,1.3069332838058472
2022-04-11,11.02779483795166,16.577402114868164,106.18914794921875,182.3699951171875,1.303220272064209
2022-04-12,11.067055702209473,16.703811645507812,106.04253387451172,183.77000427246094,1.3024225234985352
2022-04-13,11.053969383239746,16.733659744262695,106.25813293457031,184.64999389648438,1.3002548217773438
2022-04-14,10.957999229431152,16.48434829711914,104.12811279296875,184.0399932861328,1.312026023864746
2022-04-15,,,,,1.3070015907287598
2022-04-18,,,103.61070251464844,184.61000061035156,1.3057557344436646
2022-04-19,10.853303909301758,16.252593994140625,102.8346176147461,181.82000732421875,1.3009822368621826
2022-04-20,10.927462577819824,16.392173767089844,104.90425872802734,182.7100067138672,1.301371693611145
2022-04-21,10.870755195617676,16.460643768310547,104.12811279296875,182.05999755859375,1.3068820238113403
2022-04-22,10.94491195678711,16.74419403076172,103.4727554321289,180.2899932861328,1.302626132965088
2022-04-25,11.053969383239746,16.818809509277344,104.50758361816406,177.0500030517578,1.2830876111984253
2022-04-26,11.123763084411621,16.901329040527344,105.55963134765625,177.32000732421875,1.2739989757537842
2022-04-27,11.073598861694336,16.577402114868164,104.20573425292969,175.97999572753906,1.2583998441696167
2022-04-28,10.997259140014648,16.487857818603516,104.36095428466797,176.92999267578125,1.2541857957839966
2022-04-29,10.957999229431152,16.41411781311035,103.007080078125,176.91000366210938,1.2463854551315308
2022-05-02,,,101.22159576416016,173.6300048828125,1.2573871612548828
2022-05-03,10.914376258850098,16.271907806396484,101.90397644042969,174.08999633789062,1.2498282194137573
2022-05-04,10.901290893554688,16.13496208190918,102.46549224853516,175.8000030517578,1.2500405311584473
2022-05-05,10.883840560913086,15.9602689743042,99.65807342529297,175.1300048828125,1.261813759803772
2022-05-06,10.840217590332031,15.603859901428223,98.18958282470703,175.4199981689453,1.2364147901535034
2022-05-09,10.870755195617676,15.704813003540039,99.05342864990234,172.8800048828125,1.2326656579971313
2022-05-10,11.00162124633789,16.05595588684082,99.9517822265625,171.4199981689453,1.2338824272155762
2022-05-11,10.940549850463867,16.2929744720459,101.87811279296875,172.82000732421875,1.2309207916259766
2022-05-12,11.12411117553711,16.907472610473633,101.68804931640625,170.1699981689453,1.2234212160110474
2022-05-13,11.08247184753418,16.775794982910156,100.18500518798828,168.7899932861328,1.220613718032837
2022-05-16,11.100004196166992,16.923274993896484,100.08134460449219,170.39999389648438,1.2258507013320923
2022-05-17,10.935641288757324,16.593202590942383,98.87199401855469,169.3300018310547,1.2324832677841187
2022-05-18,10.953174591064453,16.226259231567383,100.97972106933594,169.4199981689453,1.2484394311904907
2022-05-19,10.963033676147461,15.952369689941406,101.22159576416016,171.91000366210938,1.2345831394195557
2022-05-20,10.915919303894043,15.73992919921875,102.37045288085938,172.02999877929688,1.2462146282196045
2022-05-23,10.839214324951172,15.50466251373291,100.68603515625,172.8300018310547,1.2504063844680786
2022-05-24,10.940022468566895,15.660921096801758,102.67277526855469,174.1300048828125,1.256754994392395
2022-05-25,10.88304328918457,15.797866821289062,103.07878112792969,173.0800018310547,1.2542959451675415
2022-05-26,10.812914848327637,15.693401336669922,102.61233520507812,172.75999450683594,1.258610486984253
2022-05-27,10.87427806854248,15.785575866699219,102.8628158569336,172.85000610351562,1.261734127998352
2022-05-30,10.781139373779297,15.781187057495117,,,1.262833595275879
2022-05-31,10.6463623046875,15.102606773376465,100.68603515625,171.13999938964844,1.2647020816802979
2022-06-01,10.620062828063965,15.247452735900879,100.57093811035156,172.22999572753906,1.2608909606933594
2022-06-02,,,100.62283325195312,174.35000610351562,1.2483147382736206
2022-06-03,,,100.40650939941406,172.5800018310547,1.2579249143600464
2022-06-06,10.508296012878418,14.981461524963379,98.55467224121094,171.82000732421875,1.249230146408081
2022-06-07,10.582808494567871,15.165809631347656,99.61904907226562,172.94000244140625,1.2523481845855713
2022-06-08,10.54007339477539,15.018330574035645,98.73640441894531,172.77999877929688,1.2587324380874634
2022-06-09,10.492955207824707,15.004284858703613,99.06522369384766,172.22999572753906,1.254028558731079
2022-06-10,10.378996849060059,14.800622940063477,98.45081329345703,174.5399932861328,1.2492972612380981
2022-06-13,10.33078384399414,14.633830070495605,95.36154174804688,169.92999267578125,1.2274909019470215
2022-06-14,10.238739967346191,14.430170059204102,94.15869140625,168.57000732421875,1.2144765853881836
2022-06-15,10.343934059143066,14.618030548095703,95.91534423828125,170.77000427246094,1.201258897781372
2022-06-16,10.302294731140137,14.52585506439209,96.67683410644531,172.69000244140625,1.2174336910247803
2022-06-17,10.291336059570312,14.250207901000977,96.98838806152344,171.27000427246094,1.2354830503463745
2022-06-20,10.155463218688965,13.959639549255371,,,1.2228227853775024
2022-06-21,10.107248306274414,13.968417167663574,95.34420776367188,170.6300048828125,1.225174903869629
2022-06-22,10.26065444946289,14.282689094543457,97.9662094116211,171.30999755859375,1.2266627550125122
2022-06-23,10.422825813293457,14.512686729431152,98.77099609375,170.25999450683594,1.225084900856018
2022-06-24,10.455700874328613,14.708447456359863,97.40373229980469,170.08999633789062,1.2260762453079224
2022-06-27,10.351603507995605,14.320436477661133,96.57300567626953,169.89999389648438,1.228244662284851
2022-06-28,10.247506141662598,13.961396217346191,97.02301788330078,169.6199951171875,1.2267379760742188
2022-06-29,10.345029830932617,14.008798599243164,98.537353515625,169.49000549316406,1.2189769744873047
2022-06-30,10.422825813293457,14.348526954650879,99.40269470214844,168.4600067138672,1.2131799459457397
2022-07-01,10.606914520263672,14.8453950881958,100.42323303222656,168.32000732421875,1.2160863876342773
2022-07-04,10.456795692443848,14.518832206726074,,,1.2102727890014648
2022-07-05,10.571849822998047,14.675969123840332,101.21226501464844,164.75,1.211445689201355
2022-07-06,10.519254684448242,14.402955055236816,99.51280975341797,162.13999938964844,1.19491446018219
2022-07-07,10.508296012878418,14.445969581604004,98.6370849609375,162.22999572753906,1.1923214197158813
2022-07-08,10.399816513061523,14.181736946105957,97.5445785522461,162.3000030517578,1.2028049230575562
2022-07-11,10.435976028442383,14.23353099822998,99.2267074584961,161.42999267578125,1.2016630172729492
2022-07-12,10.484189987182617,14.349408149719238,99.8163070678711,160.8300018310547,1.1900936365127563
2022-07-13,10.532404899597168,14.36345100402832,100.96085357666016,161.60000610351562,1.1877753734588623
2022-07-14,10.50172233581543,14.300247192382812,100.13710021972656,159.3300018310547,1.186380386352539
2022-07-15,10.479805946350098,14.214216232299805,100.70069122314453,159.00999450683594,1.1839643716812134
2022-07-18,10.403104782104492,14.021088600158691,99.65153503417969,159.16000366210938,1.1888344287872314
2022-07-19,10.357081413269043,13.731396675109863,99.11398315429688,159.5399932861328,1.194828748703003
2022-07-20,10.392145156860352,13.90345573425293,99.37409973144531,158.0399932861328,1.2003505229949951
2022-07-21,10.519254684448242,14.178224563598633,101.09088134765625,160.27000427246094,1.1971746683120728
2022-07-22,10.633213996887207,14.366085052490234,102.7903060913086,160.6699981689453,1.1996161937713623
2022-07-25,10.576233863830566,14.105363845825195,101.78453063964844,160.22999572753906,1.1986957788467407
2022-07-26,10.615679740905762,14.260743141174316,101.86256408691406,160.0399932861328,1.2055164575576782
2022-07-27,10.560892105102539,14.307270050048828,101.29027557373047,161.6699981689453,1.2036880254745483
2022-07-28,10.703341484069824,14.797114372253418,102.0966567993164,163.63999938964844,1.2163082361221313
2022-07-29,10.72087287902832,15.090315818786621,101.81922912597656,164.10000610351562,1.2173447608947754
2022-08-01,10.843597412109375,15.481839179992676,104.27135467529297,165.02999877929688,1.2167373895645142
2022-08-02,10.839214324951172,15.4555025100708,102.06501770019531,164.0500030517578,1.2254151105880737
2022-08-03,10.751555442810059,15.297489166259766,103.67200469970703,164.4499969482422,1.2142995595932007
2022-08-04,10.782236099243164,15.446724891662598,103.63725280761719,167.1699981689453,1.2138278484344482
2022-08-05,10.610201835632324,14.979704856872559,101.17032623291016,165.2899932861328,1.215849757194519
2022-08-08,10.716489791870117,15.231650352478027,102.80342102050781,166.69000244140625,1.2059526443481445
2022-08-09,10.712105751037598,15.081538200378418,102.40380096435547,167.1999969482422,1.208473801612854
2022-08-10,10.712105751037598,15.062224388122559,101.73497772216797,166.77999877929688,1.207423210144043
2022-08-11,10.589383125305176,14.86031723022461,99.36356353759766,166.33999633789062,1.2212995290756226
2022-08-12,10.523636817932129,14.58642578125,100.37120056152344,167.8699951171875,1.2196162939071655
2022-08-15,10.628829956054688,14.84100341796875,100.28433227539062,165.7100067138672,1.2127974033355713
2022-08-16,10.523636817932129,14.754974365234375,100.70128631591797,165.4199981689453,1.205690860748291
2022-08-17,10.396527290344238,14.865584373474121,99.65021514892578,164.35000610351562,1.209818959236145
2022-08-18,10.383380889892578,14.912109375,99.79788970947266,163.9199981689453,1.2045146226882935
2022-08-19,10.265037536621094,14.785699844360352,98.19090270996094,162.72000122070312,1.193274736404419
2022-08-22,10.16203784942627,14.801501274108887,97.8608169555664,161.63999938964844,1.1818095445632935
2022-08-23,10.111631393432617,14.314292907714844,97.322265625,162.77000427246094,1.1766505241394043
2022-08-24,10.032737731933594,14.036890029907227,96.6099853515625,163.25,1.18327796459198
2022-08-25,10.080950736999512,14.422268867492676,97.95639038085938,163.75,1.1791757345199585
2022-08-26,10.094100952148438,14.561846733093262,98.6947250366211,161.75999450683594,1.1824007034301758
2022-08-29,,,97.8781967163086,161.86000061035156,1.1694538593292236
2022-08-30,10.002057075500488,14.296734809875488,98.1214370727539,160.50999450683594,1.172250509262085
2022-08-31,9.888099670410156,13.979829788208008,97.18328857421875,159.27000427246094,1.1659767627716064
2022-09-01,9.77194881439209,13.590062141418457,95.40403747558594,157.8699951171875,1.1598505973815918
2022-09-02,9.723734855651855,13.520712852478027,95.94375610351562,159.25999450683594,1.154894471168518
2022-09-05,9.774139404296875,13.751587867736816,,,1.1474601030349731
2022-09-06,9.651415824890137,13.592696189880371,93.56732940673828,158.3300018310547,1.156644344329834
2022-09-07,9.668946266174316,13.685748100280762,95.04715728759766,159.94000244140625,1.151185154914856
2022-09-08,9.541840553283691,13.382011413574219,94.07221221923828,158.97999572753906,1.1519808769226074
2022-09-09,9.574710845947266,13.396934509277344,94.2811279296875,159.82000732421875,1.1521600484848022
2022-09-12,9.622925758361816,13.22136402130127,93.50639343261719,160.6300048828125,1.1619395017623901
2022-09-13,9.572522163391113,12.974685668945312,93.7239990234375,158.5399932861328,1.1689754724502563
2022-09-14,9.620734214782715,13.08178424835205,94.04611206054688,157.92999267578125,1.1506155729293823
2022-09-15,9.573617935180664,12.969419479370117,93.98516845703125,154.97999572753906,1.1544944047927856
2022-09-16,9.572522163391113,13.045793533325195,93.20173645019531,155.83999633789062,1.1452654600143433
2022-09-19,,,93.41934204101562,155.9600067138672,1.1433144807815552
2022-09-20,9.449795722961426,12.921136856079102,92.48794555664062,155.07000732421875,1.1443217992782593
2022-09-21,9.454179763793945,12.985221862792969,94.03741455078125,155.7899932861328,1.138057827949524
2022-09-22,9.265708923339844,12.463774681091309,91.63488006591797,155.6999969482422,1.1255937814712524
2022-09-23,9.020258903503418,11.944086074829102,92.00918579101562,153.00999450683594,1.126417875289917
2022-09-26,8.748512268066406,10.920506477355957,90.25080108642578,151.22999572753906,1.0797386169433594
2022-09-27,8.38253116607666,9.759106636047363,87.87440490722656,151.5399932861328,1.077284336090088
2022-09-28,8.985196113586426,11.2470703125,90.81661987304688,154.69000244140625,1.072754144668579
2022-09-29,8.97642993927002,11.729010581970215,90.3465805053711,154.66000366210938,1.0835996866226196
2022-09-30,9.12545394897461,12.792093276977539,89.18014526367188,154.6699981689453,1.1169440746307373
2022-10-03,9.105729103088379,12.289959907531738,90.59718322753906,158.42999267578125,1.114057183265686
2022-10-04,9.03341007232666,11.9879789352417,90.3441390991211,160.6999969482422,1.1334141492843628
2022-10-05,8.919449806213379,11.374358177185059,89.48030090332031,159.80999755859375,1.1451343297958374
2022-10-06,8.79672622680664,11.496378898620605,88.98294067382812,159.6300048828125,1.13553786277771
2022-10-07,8.726597785949707,11.131193161010742,88.11912536621094,157.8800048828125,1.1162084341049194
2022-10-10,8.511829376220703,9.969792366027832,86.74919128417969,155.47999572753906,1.1072726249694824
2022-10-11,8.535935401916504,10.043532371520996,87.1331558227539,155.16000366210938,1.1076405048370361
2022-10-12,8.527170181274414,10.251583099365234,87.5606689453125,155.99000549316406,1.0967799425125122
2022-10-13,8.68057632446289,10.153263092041016,86.72303771972656,154.91000366210938,1.11055588722229
2022-10-14,8.566617965698242,10.054944038391113,86.00753021240234,152.97999572753906,1.1303905248641968
2022-10-17,8.884387969970703,11.00039291381836,85.58871459960938,153.4199981689453,1.124416708946228
2022-10-18,8.930407524108887,11.29798412322998,85.7894287109375,153.75,1.1353960037231445
2022-10-19,9.09915542602539,12.051183700561523,84.2275161743164,151.69000244140625,1.134429931640625
2022-10-20,9.09915542602539,12.070497512817383,82.78781127929688,151.4499969482422,1.1211013793945312
2022-10-21,8.936982154846191,11.995001792907715,81.29576110839844,154.14999389648438,1.1221455335617065
2022-10-24,9.204346656799316,12.808771133422852,80.6239013671875,153.64999389648438,1.1344685554504395
2022-10-25,9.287625312805176,12.615643501281738,82.97107696533203,154.0,1.1307740211486816
2022-10-26,9.327071189880371,12.567361831665039,84.16646575927734,154.97999572753906,1.146223783493042
2022-10-27,9.462945938110352,12.740300178527832,85.0477294921875,154.74000549316406,1.1638191938400269
2022-10-28,9.436646461486816,12.603354454040527,84.46311950683594,153.16000366210938,1.1566041707992554
2022-10-31,9.375284194946289,12.3593111038208,83.86106872558594,151.91000366210938,1.159595012664795
2022-11-01,9.42788028717041,12.611255645751953,84.644775390625,153.4600067138672,1.146815299987793
2022-11-02,9.458562850952148,12.464654922485352,84.27741241455078,152.38999938964844,1.1489498615264893
2022-11-03,9.357751846313477,12.467286109924316,83.82257080078125,151.80999755859375,1.1384334564208984
2022-11-04,9.318305969238281,12.504157066345215,82.414306640625,156.47000122070312,1.1171187162399292
2022-11-07,9.256943702697754,12.282059669494629,81.59210205078125,155.85000610351562,1.1331573724746704
2022-11-08,9.333647727966309,12.384767532348633,82.48428344726562,159.4499969482422,1.1517950296401978
2022-11-09,9.454179763793945,12.734153747558594,82.75542449951172,158.64999389648438,1.1552680730819702
2022-11-10,9.625117301940918,13.017702102661133,85.9393539428711,163.47999572753906,1.1368157863616943
2022-11-11,9.533074378967285,12.821939468383789,85.62447357177734,164.55999755859375,1.1695632934570312
2022-11-14,9.533074378967285,12.98697566986084,85.4145278930664,164.9199981689453,1.1799131631851196
2022-11-15,9.594435691833496,13.029112815856934,86.79656219482422,165.5,1.175249695777893
2022-11-16,9.732500076293945,13.123922348022461,88.69464111328125,165.1199951171875,1.1880435943603516
2022-11-17,9.670079231262207,13.087051391601562,87.75873565673828,163.9199981689453,1.191525936126709
2022-11-18,9.650215148925781,13.069494247436523,87.1551742553711,162.7899932861328,1.1860145330429077
2022-11-21,9.712018966674805,13.231898307800293,87.52254486083984,161.8800048828125,1.1886366605758667
2022-11-22,9.707603454589844,13.039648056030273,88.76464080810547,162.07000732421875,1.1827600002288818
2022-11-23,9.833418846130371,13.231019020080566,90.3128433227539,163.0800018310547,1.1894567012786865
2022-11-24,9.76940631866455,13.07125186920166,,,1.2073503732681274
2022-11-25,9.707603454589844,13.015067100524902,90.00670623779297,163.22000122070312,1.2113430500030518
2022-11-28,9.694360733032227,12.929917335510254,90.26036071777344,161.92999267578125,1.2054728269577026
2022-11-29,9.712018966674805,12.918503761291504,89.20198059082031,162.72999572753906,1.1960291862487793
2022-11-30,9.64579963684082,12.811405181884766,89.85802459716797,164.80999755859375,1.1946860551834106
2022-12-01,9.694360733032227,12.92552661895752,92.72856903076172,167.83999633789062,1.207749843597412
2022-12-02,9.619312286376953,12.690261840820312,93.89476013183594,167.25999450683594,1.2259259223937988
2022-12-05,9.667871475219727,12.781558990478516,92.57953643798828,164.38999938964844,1.2297248840332031
2022-12-06,9.694360733032227,12.762246131896973,93.77196502685547,164.83999633789062,1.2192445993423462
2022-12-07,9.676701545715332,12.716597557067871,95.98148345947266,166.3300018310547,1.2133007049560547
2022-12-08,9.650215148925781,12.526103019714355,95.71842956542969,166.47000122070312,1.2212398052215576
2022-12-09,9.575166702270508,12.461141586303711,93.22835540771484,167.05999755859375,1.2236007452011108
2022-12-12,9.522192001342773,12.337364196777344,93.52648162841797,165.67999267578125,1.2239153385162354
2022-12-13,9.451560020446777,12.170572280883789,94.4295425415039,168.50999450683594,1.2270842790603638
2022-12-14,9.44714641571045,12.198662757873535,94.83287048339844,168.10000610351562,1.235666275024414
2022-12-15,9.517777442932129,12.44797420501709,95.20289611816406,165.35000610351562,1.2419428825378418
2022-12-16,9.451560020446777,12.57262897491455,94.13941955566406,166.7899932861328,1.2189176082611084
2022-12-19,9.345609664916992,12.354043960571289,92.5573959350586,166.32000732421875,1.2160272598266602
2022-12-20,9.270562171936035,12.160037994384766,90.91385650634766,169.0800018310547,1.2153326272964478
2022-12-21,9.310293197631836,12.177595138549805,91.1423568725586,168.8000030517578,1.2189176082611084
2022-12-22,9.290428161621094,12.254846572875977,91.12476348876953,166.75999450683594,1.2077397108078003
2022-12-23,9.27939224243164,12.184617042541504,89.78883361816406,167.25999450683594,1.203992486000061
2022-12-26,,,,,1.206000566482544
2022-12-27,,,88.01345825195312,168.6699981689453,1.2084153890609741
2022-12-28,9.248490333557129,12.123167991638184,87.4948959350586,167.91000366210938,1.2027326822280884
2022-12-29,9.248490333557129,12.131946563720703,88.48806762695312,168.85000610351562,1.2028483152389526
2022-12-30,9.261734008789062,12.223244667053223,87.50370025634766,169.63999938964844,1.2056326866149902
2023-01-02,,,,,1.2120330333709717
2023-01-03,9.261734008789062,12.158283233642578,89.17362976074219,171.05999755859375,1.206287145614624
2023-01-04,9.367682456970215,12.286449432373047,90.39524841308594,172.6699981689453,1.1969740390777588
2023-01-05,9.305878639221191,12.10385513305664,90.77322387695312,170.52000427246094,1.2057054042816162
2023-01-06,9.350025177001953,12.058206558227539,92.44313049316406,173.7100067138672,1.1912277936935425
2023-01-09,9.27497673034668,11.900193214416504,92.93531036376953,174.10000610351562,1.2116365432739258
2023-01-10,9.301465034484863,12.145992279052734,91.39723205566406,174.74000549316406,1.2184869050979614
2023-01-11,9.433900833129883,12.388279914855957,92.88258361816406,174.6199951171875,1.2154507637023926
2023-01-12,9.50011920928955,12.574384689331055,94.71070861816406,176.63999938964844,1.2159533500671387
2023-01-13,9.478047370910645,12.454996109008789,93.82303619384766,178.75999450683594,1.2217769622802734
2023-01-16,9.469217300415039,12.449729919433594,,,1.2226732969284058
2023-01-17,9.495704650878906,12.583163261413574,93.21659088134766,177.58999633789062,1.2207776308059692
2023-01-18,9.495704650878906,12.488354682922363,95.47533416748047,177.0800018310547,1.228471040725708
2023-01-19,9.54867935180664,12.567361831665039,94.87769317626953,179.88999938964844,1.2347661256790161
2023-01-20,9.473630905151367,12.449729919433594,93.339599609375,179.2899932861328,1.2393262386322021
2023-01-23,9.474736213684082,12.457630157470703,92.9001693725586,179.6300048828125,1.240633249282837
2023-01-24,9.546472549438477,12.628812789916992,94.2361068725586,180.27999877929688,1.2379761934280396
2023-01-25,9.561923027038574,12.570874214172363,94.4646224975586,181.11000061035156,1.232923984527588
2023-01-26,9.519984245300293,12.548927307128906,94.0251693725586,179.47000122070312,1.2412492036819458
2023-01-27,9.491290092468262,12.562095642089844,93.78787231445312,179.22000122070312,1.2415266036987305
2023-01-30,9.491290092468262,12.634078979492188,93.4450912475586,178.75999450683594,1.2400301694869995
2023-01-31,9.495704650878906,12.574384689331055,94.19214630126953,179.41000366210938,1.2353609800338745
2023-02-01,9.482460975646973,12.504157066345215,95.32447052001953,181.6699981689453,1.2308903932571411
2023-02-02,9.716432571411133,13.00979995727539,95.44782257080078,177.89999389648438,1.2390038967132568
2023-02-03,9.641385078430176,12.776291847229004,94.02031707763672,173.4600067138672,1.222299575805664
2023-02-06,9.531021118164062,12.67094898223877,93.32423400878906,173.82000732421875,1.2045146226882935
2023-02-07,9.493496894836426,12.597209930419922,92.57523345947266,173.97999572753906,1.2026747465133667
2023-02-08,9.469217300415039,12.465530395507812,93.01579284667969,174.41000366210938,1.2054582834243774
2023-02-09,9.491290092468262,12.598965644836426,92.13463592529297,173.02999877929688,1.2071462869644165
2023-02-10,9.422863960266113,12.473432540893555,91.10366821289062,173.36000061035156,1.2116806507110596
2023-02-13,9.41182804107666,12.457630157470703,91.87029266357422,172.47999572753906,1.2052258253097534
2023-02-14,9.336780548095703,12.279425621032715,91.65880584716797,172.61000061035156,1.215214490890503
2023-02-15,9.350025177001953,12.288204193115234,90.8041000366211,170.88999938964844,1.2174336910247803
2023-02-16,9.354439735412598,12.277669906616211,89.51757049560547,170.75,1.2039779424667358
2023-02-17,9.308086395263672,12.131946563720703,90.21366882324219,171.25999450683594,1.197533130645752
2023-02-20,9.3522310256958,12.218853950500488,,,1.2029786109924316
2023-02-21,9.248490333557129,12.044160842895508,88.46015930175781,170.6199951171875,1.2039200067520142
2023-02-22,9.283805847167969,12.102099418640137,89.27085876464844,169.66000366210938,1.2109322547912598
2023-02-23,9.27718448638916,12.067862510681152,90.14321899414062,169.57000732421875,1.204993486404419
2023-02-24,9.222002983093262,11.973053932189941,88.97126770019531,168.35000610351562,1.2017786502838135
2023-02-27,9.169028282165527,11.915116310119629,89.21796417236328,169.00999450683594,1.1952428817749023
2023-02-28,9.169028282165527,11.956375122070312,89.6233139038086,169.77999877929688,1.2061562538146973
2023-03-01,9.124882698059082,11.80538558959961,88.66048431396484,170.75999450683594,1.2033549547195435
2023-03-02,9.116052627563477,11.80538558959961,87.87429809570312,170.66000366210938,1.2029930353164673
2023-03-03,9.138126373291016,11.840497970581055,90.00314331054688,172.49000549316406,1.1951572895050049
2023-03-06,9.138126373291016,11.872101783752441,89.3053207397461,171.6199951171875,1.2028483152389526
2023-03-07,9.162405014038086,11.893171310424805,89.85298919677734,168.6199951171875,1.2026457786560059
2023-03-08,9.22641658782959,12.015192031860352,89.9413070678711,168.5399932861328,1.1827740669250488
2023-03-09,9.204344749450684,12.021336555480957,90.16217041015625,170.1999969482422,1.1850166320800781
2023-03-10,9.292634963989258,12.218853950500488,93.27149963378906,173.8699951171875,1.192250370979309
2023-03-13,9.470320701599121,12.4971342086792,93.48351287841797,177.86000061035156,1.2079336643218994
2023-03-14,9.400792121887207,12.349655151367188,91.94647216796875,176.8300018310547,1.2171372175216675
2023-03-15,9.528814315795898,12.593696594238281,93.72200012207031,178.2100067138672,1.215214490890503
2023-03-16,9.508947372436523,12.388279914855957,92.98882293701172,178.57000732421875,1.20692777633667
2023-03-17,9.553092956542969,12.552438735961914,94.38448333740234,183.77000427246094,1.2110495567321777
2023-03-20,9.539849281311035,12.43041706085205,93.55419158935547,183.83999633789062,1.2187690734863281
2023-03-21,9.495704650878906,12.425149917602539,92.75033569335938,180.3699951171875,1.2276264429092407
2023-03-22,9.429487228393555,12.259235382080078,93.98702239990234,183.44000244140625,1.2225087881088257
2023-03-23,9.497912406921387,12.411103248596191,93.98702239990234,185.74000549316406,1.227973222732544
2023-03-24,9.553092956542969,12.534005165100098,94.38448333740234,183.64999389648438,1.228154182434082
2023-03-27,9.505637168884277,12.514690399169922,92.1673355102539,181.9499969482422,1.2246003150939941
2023-03-28,9.478047370910645,12.541027069091797,92.33515930175781,183.44000244140625,1.229755163192749
2023-03-29,9.473630905151367,12.69465160369873,92.14967346191406,182.52999877929688,1.2330456972122192
2023-03-30,9.438315391540527,12.728887557983398,92.57365417480469,184.17999267578125,1.2313603162765503
2023-03-31,9.442728996276855,12.704307556152344,93.96051788330078,183.22000122070312,1.2387275695800781
2023-04-03,9.54867935180664,12.92552661895752,94.40242004394531,184.5399932861328,1.228697419166565
2023-04-04,9.528814315795898,12.88514518737793,94.87177276611328,187.97999572753906,1.2423131465911865
2023-04-05,9.522192001342773,12.778047561645508,95.86358642578125,187.8300018310547,1.249843716621399
2023-04-06,9.531021118164062,12.686749458312988,96.11156463623047,186.49000549316406,1.2463078498840332
2023-04-07,,,,,1.243900179862976
2023-04-10,,,94.56181335449219,185.11000061035156,1.2431625127792358
2023-04-11,9.444937705993652,12.569117546081543,94.75663757324219,186.27999877929688,1.239218831062317
2023-04-12,9.433900833129883,12.453241348266602,94.65921783447266,187.19000244140625,1.2431007623672485
2023-04-13,9.394170761108398,12.386523246765137,93.91532897949219,189.72000122070312,1.2492660284042358
2023-04-14,9.341194152832031,12.328585624694824,93.05632781982422,186.36000061035156,1.2525300979614258
2023-04-17,9.301465034484863,12.279425621032715,91.94934844970703,185.52999877929688,1.2400178909301758
2023-04-18,9.268356323242188,12.08980941772461,92.27702331542969,186.25,1.2375471591949463
2023-04-19,9.199930191040039,12.012557983398438,92.1884765625,185.36000061035156,1.2425447702407837
2023-04-20,9.26614761352539,12.146869659423828,92.97662353515625,186.08999633789062,1.2428845167160034
2023-04-21,9.26614761352539,12.196907043457031,92.45413970947266,184.25,1.2440905570983887
2023-04-24,9.261734008789062,12.246068000793457,93.34856414794922,184.80999755859375,1.2449734210968018
2023-04-25,9.32795238494873,12.224998474121094,94.72122192382812,185.75,1.25
2023-04-26,9.27939224243164,12.109121322631836,93.71163177490234,184.74000549316406,1.2414803504943848
2023-04-27,9.217586517333984,12.043282508850098,92.78178405761719,184.75,1.2471472024917603
2023-04-28,9.27497673034668,12.163549423217773,94.27841186523438,184.8000030517578,1.249750018119812
2023-05-01,,,91.5599365234375,183.97000122070312,1.2557607889175415
2023-05-02,9.319123268127441,12.167060852050781,93.84160614013672,187.52000427246094,1.2485953569412231
2023-05-03,9.297049522399902,12.073129653930664,94.36544036865234,189.11000061035156,1.2476606369018555
2023-05-04,9.32795238494873,12.066986083984375,93.43321990966797,190.44000244140625,1.256897211074829
2023-05-05,9.230831146240234,11.923016548156738,93.12249755859375,187.4600067138672,1.2583364248275757
2023-05-08,,,91.81742858886719,187.69000244140625,1.2630568742752075
2023-05-09,9.195515632629395,11.877368927001953,91.48892211914062,189.02000427246094,1.2612725496292114
2023-05-10,9.217586517333984,11.996757507324219,92.37673950195312,188.75,1.2624667882919312
2023-05-11,9.286012649536133,12.14247989654541,93.35331726074219,187.1300048828125,1.2626996040344238
2023-05-12,9.233039855957031,11.991490364074707,92.57203674316406,186.80999755859375,1.2508130073547363
2023-05-15,9.195515632629395,11.842254638671875,91.61322021484375,187.2100067138672,1.2450973987579346
2023-05-16,9.182271003723145,11.77904987335205,91.33799743652344,184.8699951171875,1.2525207996368408
2023-05-17,9.182271003723145,11.772904396057129,91.07164001464844,184.22999572753906,1.2484394311904907
2023-05-18,9.087357521057129,11.619279861450195,90.39690399169922,181.83999633789062,1.2482805252075195
2023-05-19,9.067545890808105,11.501646041870117,89.7576904296875,183.63999938964844,1.2412338256835938
2023-05-22,9.02961540222168,11.456876754760742,89.43806457519531,183.2100067138672,1.2461059093475342
2023-05-23,8.95821762084961,11.31729793548584,89.69554138183594,183.42999267578125,1.243440866470337
2023-05-24,8.933674812316895,11.413861274719238,89.25162506103516,181.9499969482422,1.2417269945144653
2023-05-25,8.848889350891113,11.218100547790527,89.0296859741211,180.1999969482422,1.2371032238006592
2023-05-26,8.83773422241211,11.197909355163574,89.74881744384766,180.9199981689453,1.2318304777145386
2023-05-29,,,,,1.2346898317337036
2023-05-30,8.89797592163086,11.314663887023926,90.64549255371094,182.0399932861328,1.234933853149414
2023-05-31,8.962679862976074,11.432295799255371,91.43567657470703,182.32000732421875,1.241187572479248
2023-06-01,9.002840995788574,11.461264610290527,91.79439544677734,183.75999450683594,1.244694471359253
2023-06-02,9.0006103515625,11.486722946166992,90.78848266601562,181.0500030517578,1.2525991201400757
2023-06-05,8.953754425048828,11.526227951049805,90.61936950683594,182.13999938964844,1.2430236339569092
2023-06-06,8.98052978515625,11.661417007446289,91.15348815917969,182.33999633789062,1.2433171272277832
2023-06-07,8.953754425048828,11.695652961730957,89.80038452148438,180.14999389648438,1.2428536415100098
2023-06-08,8.94260025024414,11.65439224243164,90.85079956054688,182.52999877929688,1.2445859909057617
2023-06-09,8.95487117767334,11.625423431396484,90.72618865966797,182.0399932861328,1.2559500932693481
2023-06-12,8.890167236328125,11.481456756591797,90.99324035644531,181.8800048828125,1.25809907913208
2023-06-13,8.81988525390625,11.445465087890625,90.09414672851562,180.5399932861328,1.2515331506729126
2023-06-14,8.871201515197754,11.61225700378418,90.81520080566406,180.63999938964844,1.2606843709945679
2023-06-15,8.886820793151855,11.6737060546875,91.68756866455078,181.91000366210938,1.26708984375
2023-06-16,8.891282081604004,11.64210319519043,91.33151245117188,181.6300048828125,1.278576135635376
2023-06-19,8.84331226348877,11.527982711791992,,,1.2830382585525513
2023-06-20,8.933674812316895,11.72462272644043,91.96350860595703,179.75,1.2794759273529053
2023-06-21,8.875663757324219,11.678096771240234,92.18606567382812,179.49000549316406,1.276535987854004
2023-06-22,8.906899452209473,11.689508438110352,91.07334899902344,177.7100067138672,1.2772045135498047
2023-06-23,8.931442260742188,11.749200820922852,91.98131561279297,178.1999969482422,1.2747135162353516
2023-06-26,8.967141151428223,11.855422973632812,92.0792465209961,178.50999450683594,1.2729610204696655
2023-06-27,8.94036865234375,11.747446060180664,91.83887481689453,177.69000244140625,1.2711971998214722
2023-06-28,8.968256950378418,11.815919876098633,92.2305679321289,177.27999877929688,1.2744698524475098
2023-06-29,8.92921257019043,11.75534725189209,90.56594848632812,177.08999633789062,1.2642544507980347
2023-06-30,8.926980972290039,11.808018684387207,91.63417053222656,178.27000427246094,1.2614636421203613
2023-07-03,8.902438163757324,11.704431533813477,91.11467742919922,178.47000122070312,1.2693254947662354
2023-07-04,8.924750328063965,11.717598915100098,,,1.269293189048767
2023-07-05,8.868968963623047,11.65439224243164,90.24888610839844,177.83999633789062,1.2717629671096802
2023-07-06,8.761874198913574,11.378747940063477,88.97247314453125,177.30999755859375,1.2704542875289917
2023-07-07,8.746254920959473,11.351532936096191,88.43694305419922,178.63999938964844,1.2742749452590942
2023-07-10,8.752948760986328,11.380501747131348,88.55297088623047,178.77999877929688,1.2838947772979736
2023-07-11,8.74848461151123,11.324320793151855,89.00819396972656,179.4499969482422,1.2864713668823242
2023-07-12,8.824346542358398,11.487601280212402,89.99895477294922,181.8800048828125,1.2934770584106445
2023-07-13,8.880125999450684,11.50954818725586,90.94507598876953,182.00999450683594,1.29962956905365
2023-07-14,8.884587287902832,11.49374771118164,90.40953063964844,181.42999267578125,1.3128528594970703
2023-07-17,8.873432159423828,11.455998420715332,90.45415496826172,181.55999755859375,1.3090204000473022
2023-07-18,8.944828987121582,11.587676048278809,90.86476135253906,183.63999938964844,1.307172417640686
2023-07-19,9.040772438049316,11.854543685913086,91.8912124633789,183.6699981689453,1.303508996963501
2023-07-20,9.0006103515625,11.79485034942627,90.77548217773438,182.74000549316406,1.2939791679382324
2023-07-21,9.007303237915039,11.815040588378906,90.8022689819336,182.17999267578125,1.2872332334518433
2023-07-24,9.013998031616211,11.840497970581055,90.47201538085938,181.39999389648438,1.2853471040725708
2023-07-25,9.002840995788574,11.784316062927246,90.30242919921875,182.41000366210938,1.281262755393982
2023-07-26,8.996148109436035,11.803627967834473,90.39167785644531,183.3000030517578,1.2893908023834229
2023-07-27,8.98052978515625,11.757981300354004,88.63331604003906,180.4199981689453,1.292724609375
2023-07-28,8.964911460876465,11.728133201599121,89.0885238647461,181.86000061035156,1.2793776988983154
2023-07-31,8.982760429382324,11.71408748626709,89.30271911621094,182.35000610351562,1.2853965759277344
2023-08-01,8.926980972290039,11.678974151611328,87.8393325805664,180.4600067138672,1.283400535583496
2023-08-02,8.938138961791992,11.647370338439941,86.8995590209961,179.60000610351562,1.2795741558074951
2023-08-03,8.87789535522461,11.49199104309082,84.8946762084961,179.5399932861328,1.2720379829406738
2023-08-04,8.924750328063965,11.622790336608887,86.39833068847656,180.19000244140625,1.2716336250305176
2023-08-07,8.884587287902832,11.515691757202148,85.54804229736328,179.77999877929688,1.2747948169708252
2023-08-08,8.924750328063965,11.619279861450195,86.54154968261719,178.63999938964844,1.2782002687454224
2023-08-09,8.94260025024414,11.606989860534668,86.98906707763672,177.7899932861328,1.2741613388061523
2023-08-10,8.943714141845703,11.556072235107422,85.55696868896484,177.60000610351562,1.2720056772232056
2023-08-11,8.808728218078613,11.324320793151855,85.3600845336914,177.60000610351562,1.2670094966888428
2023-08-14,8.799803733825684,11.292717933654785,85.1721420288086,177.05999755859375,1.2695027589797974
2023-08-15,8.79757308959961,11.220733642578125,84.65298461914062,176.58999633789062,1.2685203552246094
2023-08-16,8.744023323059082,11.153138160705566,83.99066162109375,175.57000732421875,1.2701315879821777
2023-08-17,8.683782577514648,10.988980293273926,83.63265991210938,175.3000030517578,1.2728151082992554
2023-08-18,8.730636596679688,11.08554458618164,83.92800903320312,175.3300018310547,1.275022268295288
2023-08-21,8.692706108093262,10.999513626098633,82.80919647216797,175.80999755859375,1.2741937637329102
2023-08-22,8.739561080932617,11.071499824523926,83.44470977783203,176.10000610351562,1.2760798931121826
2023-08-23,8.860045433044434,11.322565078735352,85.51224517822266,177.88999938964844,1.2731555700302124
2023-08-24,8.906899452209473,11.438441276550293,84.94834899902344,177.85000610351562,1.2720541954040527
2023-08-25,8.895744323730469,11.487601280212402,85.225830078125,177.6199951171875,1.2592872381210327
2023-08-28,,,85.31532287597656,178.1300048828125,1.2589701414108276
2023-08-29,8.92251968383789,11.492868423461914,86.201416015625,179.8699951171875,1.2611136436462402
2023-08-30,8.911361694335938,11.494624137878418,86.11190032958984,180.32000732421875,1.2636793851852417
2023-08-31,8.94929313659668,11.549051284790039,86.49677276611328,180.02000427246094,1.271179437637329
2023-09-01,8.902438163757324,11.485845565795898,85.1493148803711,180.11000061035156,1.2672826051712036
2023-09-04,8.866739273071289,11.374358177185059,,,1.2591445446014404
2023-09-05,8.83773422241211,11.287450790405273,83.9553451538086,178.63999938964844,1.2623074054718018
2023-09-06,8.817651748657227,11.267260551452637,84.16179656982422,177.8300018310547,1.2570552825927734
2023-09-07,8.88235855102539,11.385770797729492,84.39522552490234,178.02000427246094,1.2498750686645508
2023-09-08,8.920287132263184,11.45073127746582,84.7183837890625,178.0800018310547,1.2475050687789917
2023-09-11,8.866739273071289,11.32783317565918,84.1079330444336,178.41000366210938,1.2489992380142212
2023-09-12,8.909131050109863,11.368213653564453,84.59273529052734,177.49000549316406,1.2508755922317505
2023-09-13,8.962679862976074,11.549051284790039,84.57475280761719,177.0800018310547,1.2491724491119385
2023-09-14,9.00953483581543,11.64473819732666,83.96431732177734,177.1699981689453,1.248953938484192
2023-09-15,8.94260025024414,11.533248901367188,83.45259857177734,178.33999633789062,1.2401869297027588
2023-09-18,8.915823936462402,11.415616989135742,83.92837524414062,179.38999938964844,1.2397565841674805
2023-09-19,8.94036865234375,11.452486991882324,83.30896759033203,179.22000122070312,1.2383747100830078
2023-09-20,9.007303237915039,11.591188430786133,83.56930541992188,179.35000610351562,1.2393569946289062
2023-09-21,8.973836898803711,11.431419372558594,81.42373657226562,178.0500030517578,1.2328935861587524
2023-09-22,8.993916511535645,11.496378898620605,82.07909393310547,178.6199951171875,1.2294225692749023
2023-09-25,8.935905456542969,11.362946510314941,80.05918884277344,177.6999969482422,1.2241849899291992
2023-09-26,8.92921257019043,11.359435081481934,79.78089904785156,176.27999877929688,1.2213143110275269
2023-09-27,8.909131050109863,11.305007934570312,79.3679428100586,174.10000610351562,1.2146830558776855
2023-09-28,8.815421104431152,11.086421966552734,79.6103286743164,173.22999572753906,1.2135332822799683
2023-09-29,8.851119995117188,11.138216018676758,79.61931610107422,171.4499969482422,1.2204796075820923
2023-10-02,8.784184455871582,10.964400291442871,78.2864761352539,169.64999389648438,1.2193039655685425
2023-10-03,8.760757446289062,10.911727905273438,76.6024169921875,169.16000366210938,1.209116816520691
2023-10-04,8.765219688415527,10.896804809570312,77.68309783935547,169.13999938964844,1.2078461647033691
2023-10-05,8.795339584350586,10.945088386535645,77.29585266113281,168.8300018310547,1.2137395143508911
2023-10-06,8.768567085266113,10.849401473999023,76.35926818847656,169.6999969482422,1.2187690734863281
2023-10-09,8.822115898132324,10.980201721191406,78.15137481689453,172.82000732421875,1.222090482711792
2023-10-10,8.862277030944824,11.067986488342285,78.04330444335938,172.52999877929688,1.2250398397445679
2023-10-11,8.94929313659668,11.266382217407227,79.67334747314453,173.7899932861328,1.229135513305664
2023-10-12,8.891282081604004,11.107490539550781,77.51197052001953,173.25999450683594,1.2316333055496216
2023-10-13,8.906899452209473,11.171573638916016,78.89885711669922,178.8300018310547,1.2183235883712769
2023-10-16,8.853351593017578,11.027605056762695,77.62904357910156,177.9600067138672,1.215376853942871
2023-10-17,8.824346542358398,11.00390338897705,76.77350616455078,178.2899932861328,1.2211503982543945
2023-10-18,8.750717163085938,10.909974098205566,76.09806823730469,180.8699951171875,1.2178784608840942
2023-10-19,8.72840404510498,10.774784088134766,74.54007720947266,183.08999633789062,1.214343786239624
2023-10-20,8.730636596679688,10.786194801330566,74.96336364746094,183.58999633789062,1.2137248516082764
2023-10-23,8.766334533691406,10.866081237792969,75.86393737792969,182.97000122070312,1.2163970470428467
2023-10-24,8.80315113067627,10.942455291748047,76.86355590820312,182.9499969482422,1.2250248193740845
2023-10-25,8.761874198913574,10.863447189331055,75.15247344970703,183.72000122070312,1.216189980506897
2023-10-26,8.766334533691406,10.862568855285645,76.30521392822266,184.00999450683594,1.210345983505249
2023-10-27,8.809843063354492,10.949477195739746,75.98101043701172,186.14999389648438,1.213710069656372
2023-10-30,8.79757308959961,10.953866004943848,75.63877868652344,185.10000610351562,1.2113723754882812
2023-10-31,8.83773422241211,11.015316009521484,75.26954650878906,184.08999633789062,1.2165746688842773
2023-11-01,8.844427108764648,11.071499824523926,76.90157318115234,183.50999450683594,1.215214490890503
2023-11-02,8.92921257019043,11.233901023864746,78.6546630859375,184.1199951171875,1.2182197570800781
2023-11-03,8.991684913635254,11.403326034545898,79.18783569335938,184.7899932861328,1.2191851139068604
2023-11-06,8.932558059692383,11.2470703125,78.41971588134766,183.35000610351562,1.237378716468811
2023-11-07,9.002840995788574,11.412105560302734,79.576416015625,182.58999633789062,1.2345526218414307
2023-11-08,9.053043365478516,11.525349617004395,80.93190002441406,180.77000427246094,1.2291808128356934
2023-11-09,9.022921562194824,11.438441276550293,79.07035827636719,181.49000549316406,1.2285012006759644
2023-11-10,8.987221717834473,11.357678413391113,79.51316833496094,179.50999450683594,1.2217023372650146
2023-11-13,9.0006103515625,11.413861274719238,79.33240509033203,180.50999450683594,1.2228227853775024
2023-11-14,9.136712074279785,11.700041770935059,81.13069152832031,182.1199951171875,1.228063702583313
2023-11-15,9.076471328735352,11.588555335998535,79.99207305908203,181.63999938964844,1.2494533061981201
2023-11-16,9.150160789489746,11.64595890045166,80.98611450195312,183.69000244140625,1.2422360181808472
2023-11-17,9.15921401977539,11.632733345031738,81.36565399169922,183.6699981689453,1.2414957284927368
2023-11-20,9.145633697509766,11.673295021057129,81.86266326904297,183.3699951171875,1.2454540729522705
2023-11-21,9.168265342712402,11.70856761932373,81.82653045654297,185.35000610351562,1.2509069442749023
2023-11-22,9.095843315124512,11.515453338623047,82.11569213867188,184.55999755859375,1.2544218301773071
2023-11-23,9.050580024719238,11.428154945373535,,,1.2490007877349854
2023-11-24,9.025684356689453,11.372601509094238,81.14877319335938,185.52000427246094,1.2533526420593262
2023-11-27,9.066423416137695,11.512807846069336,82.50428009033203,186.77000427246094,1.2600330114364624
2023-11-28,9.10263442993164,11.58687973022461,82.66692352294922,189.25999450683594,1.2634397745132446
2023-11-29,9.15921401977539,11.609806060791016,83.70613861083984,189.5399932861328,1.2712295055389404
2023-11-30,9.091316223144531,11.4263916015625,82.73921203613281,188.75,1.2696397304534912
2023-12-01,9.111685752868652,11.422863960266113,84.29753112792969,192.00999450683594,1.2631685733795166
2023-12-04,9.07094955444336,11.262375831604004,83.9621353149414,187.86000061035156,1.2713103294372559
2023-12-05,9.186373710632324,11.489880561828613,85.76612091064453,187.14999389648438,1.2634079456329346
2023-12-06,9.249741554260254,11.667122840881348,86.90831756591797,187.83999633789062,1.2594457864761353
2023-12-07,9.247479438781738,11.714739799499512,86.40972900390625,188.14999389648438,1.2558711767196655
2023-12-08,9.199951171875,11.653895378112793,85.70263671875,185.63999938964844,1.258954405784607
2023-12-11,9.166003227233887,11.512807846069336,85.52133178710938,183.58999633789062,1.2554770708084106
2023-12-12,9.247479438781738,11.664477348327637,85.77517700195312,183.49000549316406,1.2554612159729004
2023-12-13,9.35611343383789,11.865527153015137,87.78763580322266,187.6300048828125,1.2570710182189941
2023-12-14,9.394586563110352,11.96605396270752,90.07125854492188,188.72999572753906,1.2622915506362915
2023-12-15,9.500958442687988,12.167104721069336,90.1712875366211,187.0,1.2771391868591309
2023-12-18,9.487378120422363,12.18826675415039,89.45282745361328,187.85000610351562,1.2672343254089355
2023-12-19,9.525853157043457,12.284384727478027,89.9348373413086,189.1300048828125,1.2651821374893188
2023-12-20,9.591487884521484,12.406072616577148,90.54417419433594,188.10000610351562,1.2732689380645752
2023-12-21,9.60959243774414,12.361100196838379,89.9712142944336,189.42999267578125,1.2641266584396362
2023-12-22,9.636752128601074,12.36286449432373,89.56197357177734,190.27000427246094,1.268499493598938
2023-12-25,,,,,1.2677003145217896
2023-12-26,,,89.81661224365234,191.72000122070312,1.27048659324646
2023-12-27,9.668437004089355,12.42282772064209,91.40815734863281,192.58999633789062,1.272718071937561
2023-12-28,9.629961013793945,12.290556907653809,90.74425506591797,191.47000122070312,1.2800819873809814
2023-12-29,9.591487884521484,12.242939949035645,89.92577362060547,191.1699981689453,1.2733986377716064
2024-01-01,,,,,1.272999882698059
2024-01-02,9.478326797485352,12.02072525024414,89.40737915039062,190.72000122070312,1.2728800773620605
2024-01-03,9.469273567199707,11.96869945526123,89.78023529052734,189.1300048828125,1.2623074054718018
2024-01-04,9.426273345947266,11.856710433959961,88.41609191894531,189.32000732421875,1.2674272060394287
2024-01-05,9.38553524017334,11.823202133178711,87.5702896118164,189.35000610351562,1.2684078216552734
2024-01-08,9.399113655090332,11.759713172912598,88.43426513671875,187.8699951171875,1.271779179573059
2024-01-09,9.371956825256348,11.703277587890625,87.87041473388672,187.92999267578125,1.274518609046936
2024-01-10,9.374218940734863,11.6768217086792,87.46117401123047,187.5,1.2712942361831665
2024-01-11,9.344797134399414,11.617742538452148,87.95226287841797,187.8699951171875,1.274518609046936
2024-01-12,9.399113655090332,11.70504093170166,87.77944946289062,189.7100067138672,1.2777756452560425
2024-01-15,9.371956825256348,11.573651313781738,,,1.273658275604248
2024-01-16,9.358375549316406,11.53132438659668,86.2333984375,187.91000366210938,1.2716174125671387
2024-01-17,9.23390007019043,11.301175117492676,86.09701538085938,185.83999633789062,1.26385498046875
2024-01-18,9.274637222290039,11.374364852905273,85.29668426513672,187.3699951171875,1.2676842212677002
2024-01-19,9.297269821166992,11.422863960266113,85.56950378417969,187.92999267578125,1.2709871530532837
2024-01-22,9.319901466369629,11.466073036193848,86.07879638671875,187.22000122070312,1.2699863910675049
2024-01-23,9.247479438781738,11.339092254638672,85.39671325683594,187.9499969482422,1.2706964015960693
2024-01-24,9.240690231323242,11.309992790222168,84.89651489257812,186.39999389648438,1.269196629524231
2024-01-25,9.265584945678711,11.376128196716309,85.4512939453125,187.13999938964844,1.271876335144043
2024-01-26,9.254268646240234,11.359374046325684,85.28758239746094,187.00999450683594,1.270825743675232
2024-01-29,9.308586120605469,11.472245216369629,86.269775390625,188.3300018310547,1.2697607278823853
2024-01-30,9.297269821166992,11.481062889099121,87.0519027709961,188.58999633789062,1.2713264226913452
2024-01-31,9.387798309326172,11.656540870666504,87.90678405761719,188.4499969482422,1.269551157951355
2024-02-01,9.421746253967285,11.70504093170166,89.63114929199219,190.41000366210938,1.2678449153900146
2024-02-02,9.297269821166992,11.501343727111816,87.6513442993164,188.61000061035156,1.27472984790802
2024-02-05,9.220320701599121,11.38230037689209,85.88133239746094,187.57000732421875,1.2621959447860718
2024-02-06,9.2859525680542,11.489880561828613,86.72069549560547,188.5500030517578,1.2534469366073608
2024-02-07,9.272375106811523,11.482827186584473,86.301025390625,188.5,1.2606525421142578
2024-02-08,9.236162185668945,11.420219421386719,85.7992172241211,188.3300018310547,1.2627378702163696
2024-02-09,9.224846839904785,11.41580867767334,85.6258544921875,187.60000610351562,1.2620525360107422
2024-02-12,9.24521541595459,11.420219421386719,85.72622680664062,187.11000061035156,1.2637271881103516
2024-02-13,9.186373710632324,11.384946823120117,84.25733947753906,184.52999877929688,1.2627538442611694
2024-02-14,9.238426208496094,11.474889755249023,84.68612670898438,184.4199981689453,1.2590652704238892
2024-02-15,9.231636047363281,11.41228199005127,85.12406921386719,185.66000366210938,1.2568340301513672
2024-02-16,9.202214241027832,11.377010345458984,84.63139343261719,186.33999633789062,1.259921908378601
2024-02-19,9.204477310180664,11.350556373596191,,,1.2611136436462402
2024-02-20,9.254268646240234,11.403464317321777,84.70437622070312,187.47000122070312,1.2587641477584839
2024-02-21,9.206741333007812,11.368192672729492,84.10221862792969,187.47999572753906,1.2627378702163696
2024-02-22,9.218057632446289,11.357610702514648,84.51278686523438,187.55999755859375,1.2638070583343506
2024-02-23,9.265584945678711,11.41580867767334,85.64411926269531,188.6199951171875,1.266367793083191
2024-02-26,9.222583770751953,11.380537986755371,85.38865661621094,188.1999969482422,1.2672665119171143
2024-02-27,9.204477310180664,11.403464317321777,84.78648376464844,188.0,1.268455982208252
2024-02-28,9.199951171875,11.452845573425293,85.3248062133789,188.33999633789062,1.268166422843933
2024-02-29,9.263320922851562,11.683877944946289,85.92694854736328,189.30999755859375,1.2663036584854126
2024-03-01,9.270110130310059,11.625678062438965,86.46235656738281,192.88999938964844,1.2625465393066406
2024-03-04,9.272375106811523,11.653895378112793,86.11456298828125,196.00999450683594,1.26603102684021
2024-03-05,9.36742877960205,11.794102668762207,87.34098815917969,197.19000244140625,1.269196629524231
2024-03-06,9.374218940734863,11.778230667114258,87.85350799560547,198.80999755859375,1.27048659324646
2024-03-07,9.390061378479004,11.847892761230469,87.77115631103516,199.94000244140625,1.2735446691513062
2024-03-08,9.399113655090332,11.787047386169434,87.61556243896484,201.6300048828125,1.2815583944320679
2024-03-11,9.394586563110352,11.800274848937988,87.56980895996094,202.0,1.2855123281478882
2024-03-12,9.412693977355957,11.819674491882324,86.83758544921875,199.7899932861328,1.2819806337356567
2024-03-13,9.358375549316406,11.763239860534668,86.41658020019531,201.19000244140625,1.2795906066894531
2024-03-14,9.319901466369629,11.729731559753418,85.08952331542969,200.35000610351562,1.2802129983901978
2024-03-15,9.315374374389648,11.710330963134766,85.06204223632812,199.7100067138672,1.2745835781097412
2024-03-18,9.315374374389648,11.747365951538086,84.8057861328125,200.02999877929688,1.2731393575668335
2024-03-19,9.331216812133789,11.779111862182617,85.04373931884766,199.8000030517578,1.272718071937561
2024-03-20,9.371956825256348,11.858473777770996,85.01628112792969,202.17999267578125,1.2719409465789795
2024-03-21,9.374218940734863,11.846129417419434,85.1993179321289,201.97000122070312,1.2798361778259277
2024-03-22,9.417219161987305,11.902565002441406,86.01390838623047,200.35000610351562,1.2661913633346558
2024-03-25,9.378744125366211,11.869937896728516,85.58373260498047,200.99000549316406,1.25979483127594
2024-03-26,9.394586563110352,11.945773124694824,85.8216781616211,201.63999938964844,1.2637910842895508
2024-03-27,9.424009323120117,11.946654319763184,86.67286682128906,203.10000610351562,1.2628495693206787
2024-03-28,9.433062553405762,11.967817306518555,86.59965515136719,205.72000122070312,1.261670470237732
2024-03-29,,,,,1.26262629032135
2024-04-01,,,84.98534393310547,207.82000732421875,1.2637271881103516
2024-04-02,9.319901466369629,11.741193771362305,84.51702880859375,210.88999938964844,1.2545477151870728
2024-04-03,9.326691627502441,11.787930488586426,84.49864196777344,212.74000549316406,1.2576876878738403
2024-04-04,9.35611343383789,11.810855865478516,85.10472106933594,211.52000427246094,1.2651821374893188
2024-04-05,9.32895565032959,11.73854923248291,83.92015075683594,215.13999938964844,1.26401948928833
2024-04-08,9.326691627502441,11.70856761932373,83.91096496582031,216.47999572753906,1.2625305652618408
2024-04-09,9.360640525817871,11.826729774475098,84.69149780273438,217.6699981689453,1.2658709287643433
2024-04-10,9.2859525680542,11.715621948242188,82.84578704833984,215.61000061035156,1.2677645683288574
2024-04-11,9.222583770751953,11.576297760009766,82.46930694580078,219.8000030517578,1.2537612915039062
2024-04-12,9.290480613708496,11.70856761932373,82.91008758544922,216.88999938964844,1.2554770708084106
2024-04-15,9.209005355834961,11.649487495422363,81.62448120117188,220.9499969482422,1.2461835145950317
2024-04-16,9.179582595825195,11.683877944946289,81.08269500732422,221.22000122070312,1.2447409629821777
2024-04-17,9.204477310180664,11.67858600616455,81.98262023925781,219.58999633789062,1.2431007623672485
2024-04-18,9.211267471313477,11.653895378112793,81.56938934326172,220.33999633789062,1.2453765869140625
2024-04-19,9.236162185668945,11.690932273864746,81.86324310302734,221.02999877929688,1.2437657117843628
2024-04-22,9.24521541595459,11.685640335083008,81.72549438476562,215.57000732421875,1.2375777959823608
2024-04-23,9.220320701599121,11.58687973022461,81.75304412841797,215.0399932861328,1.2350252866744995
2024-04-24,9.170530319213867,11.50046157836914,81.17452239990234,214.63999938964844,1.2453300952911377
2024-04-25,9.145633697509766,11.46342658996582,80.605224609375,215.9199981689453,1.2459505796432495
2024-04-26,9.1727933883667,11.521625518798828,81.02759552001953,216.6199951171875,1.2509069442749023
2024-04-29,9.199951171875,11.590405464172363,81.70712280273438,216.17999267578125,1.2510477304458618
2024-04-30,9.161477088928223,11.548079490661621,81.00923919677734,211.8699951171875,1.2559815645217896
2024-05-01,9.147897720336914,11.470480918884277,81.60635375976562,213.7899932861328,1.2490164041519165
2024-05-02,9.202214241027832,11.512807846069336,81.9565200805664,213.1300048828125,1.2539342641830444
2024-05-03,9.249741554260254,11.599225044250488,82.78585815429688,212.9600067138672,1.2540600299835205
2024-05-06,,,83.10838317871094,215.1999969482422,1.2541072368621826
2024-05-07,9.32895565032959,11.753540992736816,83.61520385742188,214.2100067138672,1.2559815645217896
2024-05-08,9.335742950439453,11.772056579589844,83.10838317871094,213.5800018310547,1.25014066696167
2024-05-09,9.32895565032959,11.772056579589844,83.51383972167969,216.9499969482422,1.2493284940719604
2024-05-10,9.310848236083984,11.74207592010498,83.04388427734375,218.7100067138672,1.2525677680969238
2024-05-13,9.304059028625488,11.749130249023438,83.25582122802734,216.25999450683594,1.2522854804992676
2024-05-14,9.304059028625488,11.764121055603027,83.72578430175781,218.08999633789062,1.2561867237091064
2024-05-15,9.387798309326172,11.937835693359375,84.868408203125,220.88999938964844,1.2585265636444092
2024-05-16,9.389822006225586,12.006736755371094,84.78547668457031,220.02999877929688,1.2690032720565796
2024-05-17,9.348435401916504,11.902532577514648,84.21416473388672,223.66000366210938,1.2672007083892822
2024-05-20,9.316247940063477,11.813600540161133,83.96537780761719,224.55999755859375,1.2706480026245117
2024-05-21,9.330042839050293,11.819889068603516,84.39845275878906,224.22999572753906,1.2710840702056885
2024-05-22,9.274862289428711,11.764193534851074,84.49982452392578,220.11000061035156,1.2711325883865356
2024-05-23,9.251871109008789,11.71568489074707,83.95613861083984,215.72000122070312,1.2721028327941895
2024-05-24,9.263367652893066,11.699516296386719,84.20494079589844,215.9199981689453,1.2694060802459717
2024-05-27,,,,,1.2736095190048218
2024-05-28,9.242673873901367,11.65190601348877,82.99781799316406,218.19000244140625,1.2772371768951416
2024-05-29,9.148408889770508,11.47763442993164,81.9933853149414,216.16000366210938,1.275835633277893
2024-05-30,9.192091941833496,11.545906066894531,82.78585815429688,216.57000732421875,1.2697993516921997
2024-05-31,9.226579666137695,11.697720527648926,83.34796142578125,215.3000030517578,1.27304208278656
2024-06-03,9.295555114746094,11.789346694946289,84.69607543945312,217.22000122070312,1.2743724584579468
2024-06-04,9.325444221496582,11.87738037109375,85.68543243408203,215.27000427246094,1.2810165882110596
2024-06-05,9.323144912719727,11.852228164672852,86.3141860961914,217.82000732421875,1.2773023843765259
2024-06-06,9.346137046813965,11.858515739440918,86.18473815917969,219.42999267578125,1.2794759273529053
2024-06-07,9.288658142089844,11.724669456481934,84.60363006591797,211.60000610351562,1.2793285846710205
2024-06-10,9.2357759475708,11.594413757324219,84.03959655761719,213.5399932861328,1.2729448080062866
2024-06-11,9.270264625549316,11.618668556213379,84.90876007080078,214.14999389648438,1.2726370096206665
2024-06-12,9.376026153564453,11.825278282165527,85.5467300415039,214.72000122070312,1.274047613143921
2024-06-13,9.373726844787598,11.834260940551758,86.80422973632812,212.97000122070312,1.27962327003479
2024-06-14,9.433505058288574,11.951042175292969,87.53470611572266,215.72999572753906,1.2755101919174194
2024-06-17,9.380624771118164,11.819889068603516,86.66556549072266,214.61000061035156,1.2683112621307373
2024-06-18,9.435805320739746,11.970804214477539,87.46072387695312,215.47000122070312,1.2715997695922852
2024-06-19,9.424309730529785,11.938464164733887,,,1.2707449197769165
2024-06-20,9.419711112976074,11.86839771270752,86.8781967163086,218.16000366210938,1.2721998691558838
2024-06-21,9.417410850524902,11.841448783874512,86.8781967163086,214.77999877929688,1.2660471200942993
2024-06-24,9.403617858886719,11.80910873413086,87.22956085205078,215.6300048828125,1.2639029026031494
2024-06-25,9.424309730529785,11.812702178955078,87.37751007080078,214.55999755859375,1.268343448638916
2024-06-26,9.369129180908203,11.733652114868164,86.12926483154297,212.5800018310547,1.268399715423584
2024-06-27,9.38752269744873,11.760601043701172,86.47135925292969,214.99000549316406,1.262179970741272
2024-06-28,9.348435401916504,11.746227264404297,84.86251068115234,215.00999450683594,1.2645741701126099
2024-07-01,9.27716064453125,11.544109344482422,83.39789581298828,215.57000732421875,1.2648621797561646
2024-07-02,9.293255805969238,11.534228324890137,84.04718780517578,215.55999755859375,1.2645741701126099
2024-07-03,9.35073471069336,11.640228271484375,85.15099334716797,217.99000549316406,1.2690355777740479
2024-07-04,9.33694076538086,11.624957084655762,,,1.2747784852981567
2024-07-05,9.401317596435547,11.72017765045166,85.85594177246094,220.92999267578125,1.2755752801895142
2024-07-08,9.399017333984375,11.760601043701172,86.04147338867188,218.19000244140625,1.2806508541107178
2024-07-09,9.359931945800781,11.633041381835938,85.6611557006836,218.55999755859375,1.2815583944320679
2024-07-10,9.380624771118164,11.712092399597168,85.93014526367188,219.36000061035156,1.2787723541259766
2024-07-11,9.440403938293457,11.800125122070312,86.76496124267578,223.25,1.285264492034912
2024-07-12,9.410512924194336,11.791143417358398,87.135986328125,223.11000061035156,1.292373776435852
2024-07-15,9.412813186645508,11.814499855041504,86.13422393798828,223.8300018310547,1.2966804504394531
2024-07-16,9.46109676361084,11.924093246459961,87.34933471679688,228.2899932861328,1.2970000505447388
2024-07-17,9.454197883605957,11.965413093566895,87.3678970336914,227.22999572753906,1.29776930809021
2024-07-18,9.463394165039062,11.951042175292969,86.70003509521484,225.77999877929688,1.3007453680038452
2024-07-19,9.415111541748047,11.818092346191406,86.18985748291016,221.72999572753906,1.2951691150665283
2024-07-22,9.389822006225586,11.737244606018066,85.93944549560547,221.8000030517578,1.2933096885681152
2024-07-23,9.405915260314941,11.784854888916016,85.81883239746094,222.5800018310547,1.2932428121566772
2024-07-24,9.403617858886719,11.771379470825195,84.89127349853516,221.8000030517578,1.2901561260223389
2024-07-25,9.410512924194336,11.748023986816406,85.58695220947266,218.3300018310547,1.289989709854126
2024-07-26,9.424309730529785,11.739041328430176,86.25481414794922,220.6300048828125,1.2856775522232056
2024-07-29,9.454197883605957,11.817193031311035,86.71858215332031,220.32000732421875,1.2868356704711914
2024-07-30,9.470292091369629,11.812702178955078,87.0525131225586,222.52000427246094,1.286041259765625
2024-07-31,9.518574714660645,11.929481506347656,87.94297790527344,226.5500030517578,1.2836971282958984
2024-08-01,9.587550163269043,12.089380264282227,88.70146942138672,225.77000427246094,1.2853139638900757
2024-08-02,9.60594367980957,12.15046501159668,91.46553802490234,225.33999633789062,1.27289617061615
2024-08-05,9.599045753479004,12.00134563446045,91.94947814941406,222.47999572753906,1.278788685798645
2024-08-06,9.569156646728516,12.012125968933105,89.89270782470703,220.6999969482422,1.2788705825805664
2024-08-07,9.548463821411133,11.96900749206543,89.2598648071289,220.5500030517578,1.2684721946716309
2024-08-08,9.546165466308594,11.954633712768555,88.71077728271484,224.00999450683594,1.2680377960205078
2024-08-09,9.562259674072266,11.963617324829102,89.5855941772461,224.55999755859375,1.2747459411621094
2024-08-12,9.569156646728516,11.965413093566895,89.91132354736328,228.41000366210938,1.2750385999679565
2024-08-13,9.59444808959961,12.042669296264648,90.53487396240234,228.05999755859375,1.2771228551864624
2024-08-14,9.656525611877441,12.125312805175781,91.10257720947266,226.1999969482422,1.2866700887680054
2024-08-15,9.592147827148438,12.028295516967773,90.36735534667969,226.91000366210938,1.2828736305236816
2024-08-16,9.587550163269043,12.010329246520996,90.68379974365234,231.99000549316406,1.2859420776367188
2024-08-19,9.589848518371582,11.992362976074219,91.10257720947266,231.61000061035156,1.294716238975525
2024-08-20,9.589848518371582,12.017515182495117,91.82847595214844,232.4600067138672,1.2990386486053467
2024-08-21,9.619738578796387,12.010329246520996,91.88432312011719,232.14999389648438,1.3035430908203125
2024-08-22,9.559961318969727,11.939363479614258,90.97227478027344,229.3699951171875,1.309346079826355
2024-08-23,9.60594367980957,12.010329246520996,91.56790161132812,232.02000427246094,1.3097747564315796
2024-08-26,,,91.3352279663086,232.75999450683594,1.3212658166885376
2024-08-27,9.557661056518555,11.95643138885498,91.1770248413086,233.38999938964844,1.3191741704940796
2024-08-28,9.559961318969727,11.972599983215332,91.06534576416016,231.75,1.3257501125335693
2024-08-29,9.543865203857422,11.871091842651367,90.76754760742188,232.9499969482422,1.3193656206130981
2024-08-30,9.546165466308594,11.907024383544922,89.79962921142578,231.2899932861328,1.3166210651397705
2024-09-02,9.530071258544922,11.834260940551758,,,1.3128528594970703
2024-09-03,9.573755264282227,11.920498847961426,91.26834106445312,230.2899932861328,1.314198613166809
2024-09-04,9.615139961242676,12.006736755371094,92.44479370117188,230.42999267578125,1.3114066123962402
2024-09-05,9.638131141662598,12.035481452941895,92.9676513671875,232.35000610351562,1.3144749402999878
2024-09-06,9.654227256774902,12.008532524108887,92.95832824707031,230.6300048828125,1.317748785018921
2024-09-09,9.664572715759277,12.051651954650879,93.35981750488281,231.60000610351562,1.3133355379104614
2024-09-10,9.69101333618164,12.030091285705566,94.01342010498047,232.6199951171875,1.307138204574585
2024-09-11,9.748492240905762,12.091176986694336,93.93871307373047,232.25,1.3080273866653442
2024-09-12,9.725500106811523,12.085786819458008,93.4998779296875,236.3300018310547,1.3039510250091553
2024-09-13,9.743894577026367,12.139684677124023,93.7519760131836,238.67999267578125,1.313232183456421
2024-09-16,9.755390167236328,12.172922134399414,94.61095428466797,238.66000366210938,1.3137997388839722
2024-09-17,9.734696388244629,12.195380210876465,94.1534652709961,237.33999633789062,1.3210737705230713
2024-09-18,9.69101333618164,12.211549758911133,92.98634338378906,235.50999450683594,1.3167423009872437
2024-09-19,9.65192699432373,12.082193374633789,92.67822265625,239.1699981689453,1.3201146125793457
2024-09-20,9.631235122680664,12.026497840881348,92.32340240478516,242.2100067138672,1.328179955482483
2024-09-23,9.622037887573242,12.019311904907227,92.12732696533203,242.67999267578125,1.331398367881775
2024-09-24,9.628935813903809,12.048057556152344,92.1086654663086,246.07000732421875,1.3349887132644653
2024-09-25,9.569156646728516,11.915108680725098,91.34302520751953,245.72999572753906,1.3427324295043945
2024-09-26,9.569156646728516,11.88636302947998,91.55779266357422,246.97999572753906,1.3315792083740234
2024-09-27,9.571455955505371,11.861210823059082,92.03398132324219,245.02000427246094,1.341381549835205
2024-09-30,9.56685733795166,11.882769584655762,91.59513092041016,243.05999755859375,1.338329792022705
2024-10-01,9.610542297363281,12.033684730529785,92.2564468383789,245.61000061035156,1.3376137018203735
2024-10-02,9.559961318969727,11.895346641540527,91.47901153564453,245.66000366210938,1.327404260635376
2024-10-03,9.573755264282227,11.964516639709473,90.6172103881836,245.49000549316406,1.326611876487732
2024-10-04,9.488686561584473,11.88815975189209,89.50251770019531,245.0,1.3130252361297607
2024-10-07,9.438104629516602,11.86660099029541,88.82809448242188,244.1699981689453,1.3125253915786743
2024-10-08,9.44729995727539,11.80731201171875,88.97795867919922,242.3699951171875,1.3084723949432373
2024-10-09,9.454197883605957,11.791143417358398,88.47213745117188,241.0500030517578,1.309483289718628
2024-10-10,9.426608085632324,11.78754997253418,88.12557983398438,242.82000732421875,1.306830883026123
2024-10-11,9.44729995727539,11.832465171813965,87.76961517333984,245.47000122070312,1.3062163591384888
2024-10-14,9.424309730529785,11.78754997253418,87.83519744873047,245.07000732421875,1.3049037456512451
2024-10-15,9.490984916687012,11.845041275024414,88.90304565429688,245.9199981689453,1.3067454099655151
2024-10-16,9.571455955505371,11.922296524047852,89.2777328491211,247.14999389648438,1.3065917491912842
2024-10-17,9.555360794067383,11.99954891204834,87.86328125,248.6300048828125,1.29902184009552
2024-10-18,9.571455955505371,12.024702072143555,87.92887115478516,251.27000427246094,1.301574945449829
2024-10-21,9.51397705078125,11.904329299926758,86.39266967773438,251.22000122070312,1.3052616119384766
2024-10-22,9.4863862991333,11.900735855102539,86.47695922851562,253.92999267578125,1.298296570777893
2024-10-23,9.451898574829102,11.855820655822754,86.24278259277344,250.8699951171875,1.2982797622680664
2024-10-24,9.442702293395996,11.780364036560059,86.79544830322266,252.8000030517578,1.291372299194336
2024-10-25,9.467992782592773,11.836956977844238,86.30835723876953,253.32000732421875,1.2973365783691406
2024-10-28,9.449599266052246,11.739041328430176,86.07418060302734,253.3300018310547,1.295823574066162
2024-10-29,9.401317596435547,11.70849895477295,86.20531463623047,256.0899963378906,1.2974711656570435
2024-10-30,9.403617858886719,11.751618385314941,86.45823669433594,257.5,1.3014055490493774
2024-10-31,9.320846557617188,11.61687183380127,86.5987319946289,253.50999450683594,1.2959579229354858
2024-11-01,9.311649322509766,11.59261703491211,85.37783813476562,252.47000122070312,1.2897733449935913
2024-11-04,9.300153732299805,11.565668106079102,86.70304870605469,252.8300018310547,1.2953401803970337
2024-11-05,9.270264625549316,11.491108894348145,87.16360473632812,253.39999389648438,1.2954542636871338
2024-11-06,9.251871109008789,11.436312675476074,84.77632141113281,245.6999969482422,1.3043591976165771
2024-11-07,9.27716064453125,11.467753410339355,85.83837127685547,249.64999389648438,1.2883278131484985
2024-11-08,9.330042839050293,11.54680347442627,86.92862701416016,247.9600067138672,1.2982292175292969
2024-11-11,9.35073471069336,11.57824420928955,86.50569152832031,242.13999938964844,1.2917059659957886
2024-11-12,9.30935001373291,11.562973022460938,85.20866394042969,240.0500030517578,1.2874983549118042
2024-11-13,9.290956497192383,11.496500015258789,84.40037536621094,237.6300048828125,1.2739177942276
2024-11-14,9.32380485534668,11.464018821716309,84.88910675048828,237.00999450683594,1.27068030834198
2024-11-15,9.510615348815918,11.464949607849121,84.66353607177734,236.58999633789062,1.266784906387329
2024-11-18,9.508220672607422,11.445405960083008,84.81391143798828,241.08999633789062,1.261765956878662
2024-11-19,9.529775619506836,11.491008758544922,85.24626159667969,243.25,1.2679253816604614
2024-11-20,9.532170295715332,11.462157249450684,84.97370910644531,244.6199951171875,1.2694543600082397
2024-11-21,9.532170295715332,11.463088989257812,84.90790557861328,246.66000366210938,1.2655344009399414
2024-11-22,9.568095207214355,11.531027793884277,84.95490264892578,249.83999633789062,1.2584789991378784
2024-11-25,9.620784759521484,11.616649627685547,87.1541976928711,242.47999572753906,1.2593823671340942
2024-11-26,9.599231719970703,11.567323684692383,86.81584930419922,242.9499969482422,1.2533055543899536
2024-11-27,9.642340660095215,11.614788055419922,87.4173583984375,243.49000549316406,1.2573871612548828
2024-11-28,9.659106254577637,11.6836576461792,,,1.2677645683288574
2024-11-29,9.683056831359863,11.679003715515137,88.31963348388672,245.58999633789062,1.2696800231933594
2024-12-02,9.69503116607666,11.72181510925293,88.53185272216797,243.44000244140625,1.270163893699646
2024-12-03,9.675871849060059,11.652945518493652,87.76789855957031,243.92999267578125,1.265854835510254
2024-12-04,9.68066120147705,11.630608558654785,88.71102905273438,244.6699981689453,1.2674272060394287
2024-12-05,9.651921272277832,11.55429458618164,88.89022827148438,242.86000061035156,1.2701154947280884
2024-12-06,9.647130966186523,11.517998695373535,89.02227020263672,242.9499969482422,1.2759333848953247
2024-12-09,9.656710624694824,11.478909492492676,88.20172882080078,245.36000061035156,1.2749296426773071
2024-12-10,9.618390083312988,11.514274597167969,87.7867660522461,248.58999633789062,1.2749085426330566
2024-12-11,9.608811378479004,11.52078914642334,86.95680236816406,250.9600067138672,1.2780042886734009
2024-12-12,9.599231719970703,11.467741012573242,85.9004898071289,247.27999877929688,1.2766337394714355
2024-12-13,9.558515548706055,11.390495300292969,85.02339172363281,244.2899932861328,1.2677323818206787
2024-12-16,9.529775619506836,11.281606674194336,85.27804565429688,244.8800048828125,1.2627378702163696
2024-12-17,9.491455078125,11.219252586364746,85.48550415039062,243.94000244140625,1.2690355777740479
2024-12-18,9.472293853759766,11.193194389343262,84.41658782958984,239.25999450683594,1.2710840702056885
2024-12-19,9.449542999267578,11.164342880249023,83.1384048461914,239.60000610351562,1.2567708492279053
2024-12-20,9.498640060424805,11.262993812561035,83.6117935180664,242.10000610351562,1.2497968673706055
2024-12-23,9.46989917755127,11.180164337158203,82.84490966796875,240.9600067138672,1.256991982460022
2024-12-24,9.474689483642578,11.09547233581543,83.19522094726562,241.44000244140625,1.2534469366073608
2024-12-25,,,,,1.2536041736602783
2024-12-26,,,83.14787292480469,243.07000732421875,1.254374623298645
2024-12-27,9.42199993133545,11.106640815734863,82.46617126464844,241.39999389648438,1.2529758214950562
2024-12-30,9.433974266052246,11.112224578857422,83.12894439697266,240.6300048828125,1.257880687713623
2024-12-31,9.465109825134277,11.182955741882324,82.68394470214844,242.1300048828125,1.254909873008728
2025-01-02,9.44594955444336,11.168066024780273,82.91116333007812,245.4199981689453,1.2519248723983765
2025-01-03,9.438764572143555,11.15689754486084,82.64606475830078,243.49000549316406,1.2380222082138062
2025-01-06,9.426789283752441,11.127116203308105,82.27681732177734,243.19000244140625,1.2426837682724
2025-01-07,9.39565372467041,11.034978866577148,81.34894561767578,244.55999755859375,1.2510946989059448
2025-01-08,9.323803901672363,10.913991928100586,81.45310974121094,245.86000061035156,1.247785210609436
2025-01-09,9.328594207763672,10.887001991271973,,,1.2359870672225952
2025-01-10,9.302248001098633,10.875834465026855,80.9134292602539,248.2100067138672,1.2299367189407349
2025-01-13,9.283088684082031,10.825578689575195,80.885009765625,245.74000549316406,1.2204945087432861
2025-01-14,9.263928413391113,10.799518585205078,80.75248718261719,247.02999877929688,1.2233314514160156
2025-01-15,9.378889083862305,11.047077178955078,82.14427185058594,248.8800048828125,1.221344232559204
2025-01-16,9.425591468811035,11.195984840393066,82.40937805175781,250.60000610351562,1.2243348360061646
2025-01-17,9.44115924835205,11.19226360321045,82.55139923095703,249.27000427246094,1.2236906290054321
2025-01-20,9.433974266052246,11.15689754486084,,,1.2171002626419067
2025-01-21,9.489059448242188,11.217391967773438,83.28990936279297,253.1300048828125,1.233136773109436
2025-01-22,9.465109825134277,11.218321800231934,82.85438537597656,254.42999267578125,1.2335399389266968
2025-01-23,9.474689483642578,11.246241569519043,82.2105484008789,254.07000732421875,1.231420874595642
2025-01-24,9.460319519042969,11.218321800231934,82.57980346679688,255.64999389648438,1.2353914976119995
2025-01-27,9.50582504272461,11.250894546508789,83.55501556396484,252.99000549316406,1.2459352016448975
2025-01-28,9.486664772033691,11.212738037109375,83.4981918334961,255.17999267578125,1.2460592985153198
2025-01-29,9.474689483642578,11.214598655700684,83.32776641845703,254.1999969482422,1.2441680431365967
2025-01-30,9.524985313415527,11.281606674194336,83.64019775390625,258.04998779296875,1.245530128479004
2025-01-31,9.524985313415527,11.294636726379395,83.09107208251953,258.55999755859375,1.2423903942108154
2025-02-03,9.570489883422852,11.3569917678833,83.76760864257812,259.94000244140625,1.2291958332061768
2025-02-04,9.546540260314941,11.289052963256836,84.02413940429688,262.5,1.2431780099868774
2025-02-05,9.608811378479004,11.439821243286133,85.4113998413086,264.1300048828125,1.2478163242340088
2025-02-06,9.589651107788086,11.40073299407959,85.3733901977539,263.42999267578125,1.2504063844680786
2025-02-07,9.582465171813965,11.36536693572998,84.8222885131836,263.8999938964844,1.2437502145767212
2025-02-10,9.589651107788086,11.383049964904785,84.56574249267578,268.3699951171875,1.2391574382781982
2025-02-11,9.577675819396973,11.35326862335205,84.02413940429688,267.3900146484375,1.2360633611679077
2025-02-12,9.535762786865234,11.266716957092285,82.88394927978516,267.6700134277344,1.245159387588501
2025-02-13,9.584860801696777,11.356060981750488,84.26167297363281,270.30999755859375,1.2450664043426514
2025-02-14,9.592045783996582,11.323487281799316,84.7082748413086,266.2900085449219,1.2563445568084717
2025-02-17,9.565699577331543,11.271369934082031,,,1.2584155797958374
2025-02-18,9.536959648132324,11.220182418823242,83.71058654785156,270.70001220703125,1.262148141860962
2025-02-19,9.5010347366333,11.14479923248291,83.81510162353516,270.8500061035156,1.2625784873962402
2025-02-20,9.515405654907227,11.152243614196777,84.128662109375,270.989990234375,1.2584155797958374
2025-02-21,9.536959648132324,11.184816360473633,85.14535522460938,270.739990234375,1.2670401334762573
2025-02-24,9.540552139282227,11.197845458984375,85.39240264892578,272.2099914550781,1.2649900913238525
2025-02-25,9.582465171813965,11.261133193969727,86.86517333984375,268.6199951171875,1.261781930923462
2025-02-26,9.584860801696777,11.249964714050293,87.37826538085938,269.0299987792969,1.2674431800842285
2025-02-27,9.57528018951416,11.241588592529297,86.7606430053711,264.92999267578125,1.2682307958602905
2025-02-28,9.6016263961792,11.23879623413086,87.82485961914062,263.2699890136719,1.259890079498291
2025-03-03,9.580070495605469,11.172718048095703,88.23471069335938,266.739990234375,1.260398268699646
2025-03-04,9.6016263961792,11.2071533203125,87.14810180664062,269.05999755859375,1.270147681236267
2025-03-05,9.503430366516113,11.056385040283203,86.45228576660156,269.6199951171875,1.2794268131256104
2025-03-06,9.498640060424805,11.078721046447754,86.16633605957031,268.25,1.2891913652420044
2025-03-07,9.517800331115723,11.09547233581543,85.88993072509766,268.3900146484375,1.2885303497314453
2025-03-10,9.520195007324219,11.093611717224121,86.78589630126953,266.0400085449219,1.2932428121566772
2025-03-11,9.497442245483398,10.983792304992676,86.16633605957031,269.1600036621094,1.2875481843948364
2025-03-12,9.457924842834473,10.93167495727539,85.6516342163086,270.3299865722656,1.294481635093689
2025-03-13,9.489059448242188,11.019158363342285,86.40464782714844,275.1300048828125,1.2964283227920532
2025-03-14,9.51301097869873,11.044285774230957,85.9471206665039,275.239990234375,1.2958402633666992
2025-03-17,9.558515548706055,11.098264694213867,86.37604522705078,276.7300109863281,1.2930588722229004
2025-03-18,9.529775619506836,11.058245658874512,86.46183013916016,279.9599914550781,1.2985326051712036
2025-03-19,9.544144630432129,11.1094331741333,86.90982055664062,281.1099853515625,1.3000519275665283
2025-03-20,9.541749954223633,11.11501693725586,86.96700286865234,280.75,1.3010668754577637
2025-03-21,9.484269142150879,10.948426246643066,86.45228576660156,278.489990234375,1.2967981100082397
2025-03-24,9.479479789733887,10.957734107971191,85.56583404541016,277.25,1.2924572229385376
2025-03-25,9.44594955444336,10.91771411895752,85.55632019042969,278.4700012207031,1.2924238443374634
2025-03-26,9.477084159851074,10.984723091125488,84.99394989013672,278.239990234375,1.2943308353424072
2025-03-27,9.443554878234863,10.93725872039795,84.74612426757812,281.9700012207031,1.2877637147903442
2025-03-28,9.493849754333496,10.989376068115234,85.91850280761719,284.05999755859375,1.295202612876892
2025-03-31,9.51301097869873,10.985652923583984,86.76683807373047,288.1400146484375,1.2938284873962402
2025-04-01,9.544144630432129,11.058245658874512,87.51872253417969,287.57000732421875,1.292089819908142
2025-04-02,9.532170295715332,11.004266738891602,87.46133422851562,288.1600036621094,1.292306900024414
2025-04-03,9.630365371704102,11.088027000427246,87.86308288574219,286.4200134277344,1.3046314716339111
2025-04-04,9.69263744354248,11.081512451171875,88.81969451904297,279.7200012207031,1.308866262435913
2025-04-07,9.536959648132324,10.8544282913208,86.1412353515625,273.7099914550781,1.2910722494125366
2025-04-08,9.527379989624023,10.832093238830566,84.51502227783203,275.20001220703125,1.2734960317611694
2025-04-09,9.410024642944336,10.553821563720703,85.01243591308594,285.3800048828125,1.2790995836257935
2025-04-10,9.548934936523438,10.75391674041748,82.66879272460938,292.3500061035156,1.2825446128845215
2025-04-11,9.479479789733887,10.598493576049805,83.11837768554688,297.92999267578125,1.2992074489593506
2025-04-14,9.539355278015137,10.693422317504883,83.71148681640625,296.2300109863281,1.3085237741470337
2025-04-15,9.520195007324219,10.653403282165527,84.00802612304688,297.7799987792969,1.3174536228179932
2025-04-16,9.570489883422852,10.773460388183594,84.47675323486328,307.4700012207031,1.323101282119751
2025-04-17,9.582465171813965,10.892586708068848,83.7306137084961,306.1199951171875,1.3233989477157593
2025-04-21,,,82.26700592041016,315.5899963378906,
2025-04-22,9.59683609008789,10.818131446838379,82.72618865966797,311.1099853515625,1.3379716873168945
2025-04-23,9.594441413879395,10.861873626708984,83.52973175048828,303.6499938964844,1.327316164970398
2025-04-24,9.661500930786133,11.028464317321777,84.40979766845703,308.07000732421875,1.326453447341919
2025-04-25,9.649526596069336,11.04521656036377,85.03157806396484,304.7300109863281,1.3326226472854614
2025-04-28,9.647130966186523,10.990306854248047,85.5672607421875,309.07000732421875,1.3290096521377563
2025-04-29,9.656710624694824,10.99496078491211,86.28470611572266,306.05999755859375,1.3436164855957031
2025-04-30,9.697426795959473,11.035909652709961,85.5864028930664,303.7699890136719,1.3410794734954834
2025-05-01,9.644736289978027,10.953080177307129,85.15243530273438,297.4599914550781,1.3323917388916016
2025-05-02,9.644736289978027,10.951218605041504,84.23072814941406,297.9800109863281,1.3286387920379639
2025-05-05,,,83.76026153564453,306.8800048828125,1.3271929025650024
2025-05-06,9.642340660095215,10.90933895111084,84.0386962890625,315.4800109863281,1.3292568922042847
2025-05-07,9.678266525268555,10.979138374328613,84.39393615722656,310.75,1.335594892501831
2025-05-08,9.623180389404297,10.842329025268555,83.4530258178711,304.6300048828125,1.3294159173965454
2025-05-09,9.594441413879395,10.773460388183594,83.5778579711914,306.8399963378906,1.323539137840271
2025-05-12,9.556120872497559,10.767875671386719,82.80016326904297,298.19000244140625,1.3289036750793457
2025-05-13,9.532170295715332,10.744608879089355,82.46411895751953,299.4599914550781,1.3177834749221802
2025-05-14,9.510615348815918,10.674809455871582,81.9168472290039,293.1600036621094,1.3304418325424194
2025-05-15,9.342963218688965,10.742358207702637,82.6369400024414,297.8399963378906,1.3263479471206665
2025-05-16,9.553757667541504,10.76163101196289,82.85777282714844,294.239990234375,1.3306896686553955
2025-05-19,9.558650970458984,10.72404956817627,82.61772918701172,298.0299987792969,1.3305498361587524
2025-05-20,9.524399757385254,10.701886177062988,82.0224609375,303.5799865722656,1.3360053300857544
2025-05-21,9.47791576385498,10.62865161895752,80.6207046508789,305.82000732421875,1.3397821187973022
2025-05-22,9.485254287719727,10.629615783691406,81.04316711425781,303.1099853515625,1.3419036865234375
2025-05-23,9.49748706817627,10.69803237915039,81.17757415771484,309.75,1.3419216871261597
2025-05-26,,,,,1.3535828590393066
2025-05-27,9.551311492919922,10.781866073608398,82.31050109863281,304.5,1.3565207719802856
2025-05-28,9.517060279846191,10.696105003356934,81.95525360107422,303.80999755859375,1.3513330221176147
2025-05-29,9.583115577697754,10.783793449401855,82.7137451171875,305.6099853515625,1.3431472778320312
2025-05-30,9.575777053833008,10.832937240600586,82.83856201171875,303.6000061035156,1.3498992919921875
2025-06-02,9.556204795837402,10.86762809753418,82.06761169433594,311.6700134277344,1.346728801727295
2025-06-03,9.595349311828613,10.913881301879883,81.92306518554688,308.9100036621094,1.3556748628616333
2025-06-04,9.627153396606445,10.948572158813477,83.25294494628906,310.8999938964844,1.353143334388733
2025-06-05,9.6198148727417,10.942790031433105,83.31077575683594,309.3299865722656,1.3552155494689941
2025-06-06,9.597795486450195,10.931225776672363,82.2507095336914,305.17999267578125,1.3579576015472412
2025-06-09,9.600242614746094,10.941825866699219,82.33744049072266,306.6199951171875,1.3538211584091187
2025-06-10,9.65895938873291,10.958207130432129,82.76146697998047,306.7099914550781,1.3556748628616333
2025-06-11,9.64917278289795,10.985188484191895,83.01202392578125,308.3699951171875,1.3508219718933105
2025-06-12,9.727461814880371,11.158638954162598,84.00460815429688,312.20001220703125,1.3567416667938232
2025-06-13,9.673638343811035,11.056495666503906,83.19512176513672,316.2900085449219,1.3627691268920898
2025-06-16,9.678531646728516,11.116240501403809,82.3567123413086,311.7799987792969,1.3557006120681763
2025-06-17,9.676084518432617,11.106603622436523,83.35894775390625,311.94000244140625,1.3565576076507568
2025-06-18,9.705443382263184,11.195256233215332,83.50349426269531,310.260009765625,1.3430029153823853
2025-06-19,9.66385269165039,11.168274879455566,,,1.3416515588760376
2025-06-20,9.683424949645996,11.19911003112793,83.34931945800781,310.1300048828125,1.3476725816726685
2025-06-23,9.720123291015625,11.318598747253418,83.61913299560547,311.0799865722656,1.3435983657836914
2025-06-24,9.722569465637207,11.23572826385498,84.22626495361328,306.19000244140625,1.3545364141464233
2025-06-25,9.707890510559082,11.228019714355469,84.33228302001953,307.1199951171875,1.361488938331604
2025-06-26,9.73969554901123,11.185620307922363,84.75629425048828,306.7799987792969,1.369187831878662
2025-06-27,9.698103904724121,11.122021675109863,84.21662902832031,301.2200012207031,1.37247633934021
2025-06-30,9.70055103302002,11.085404396057129,85.04541778564453,304.8299865722656,1.3719680309295654
2025-07-01,9.742141723632812,11.15671157836914,85.25625610351562,307.54998779296875,1.3730605840682983
2025-07-02,9.6198148727417,10.927371978759766,84.71459197998047,309.25,1.374721646308899
2025-07-03,9.671192169189453,10.999642372131348,84.12454986572266,307.1400146484375,1.3650014400482178
2025-07-04,9.66385269165039,10.976515769958496,,,1.366829752922058
2025-07-07,9.639387130737305,10.908099174499512,83.32169342041016,307.3699951171875,1.3651504516601562
2025-07-08,9.610028266906738,10.823302268981934,83.21530151367188,304.1600036621094,1.3623607158660889
2025-07-09,9.627153396606445,10.86666488647461,84.08585357666016,305.5199890136719,1.3585295677185059
2025-07-10,9.639387130737305,10.892682075500488,84.14389038085938,306.20001220703125,1.3593051433563232
2025-07-11,9.617368698120117,10.931225776672363,82.983154296875,309.1400146484375,1.3579576015472412
2025-07-14,9.62470817565918,10.940862655639648,82.80905151367188,308.010009765625,1.3493820428848267
2025-07-15,9.605134963989258,10.903281211853027,82.22867584228516,306.7300109863281,1.3428045511245728
2025-07-16,9.607582092285156,10.897500038146973,82.3447494506836,308.260009765625,1.3393335342407227
2025-07-17,9.600242614746094,10.886899948120117,82.32539367675781,307.5899963378906,1.3411099910736084
2025-07-18,9.575777053833008,10.844500541687012,82.4511489868164,308.3900146484375,1.3432555198669434
2025-07-21,9.634493827819824,10.917736053466797,83.186279296875,313.1300048828125,1.341597557067871
2025-07-22,9.65406608581543,10.973625183105469,83.68926239013672,316.1000061035156,1.348945140838623
2025-07-23,9.614921569824219,10.917736053466797,83.2249755859375,312.17999267578125,1.352155327796936
2025-07-24,9.634493827819824,10.952425956726074,83.07988739013672,310.2699890136719,1.3579576015472412
2025-07-25,9.622262001037598,10.906171798706055,83.60222625732422,307.3999938964844,1.3510043621063232
2025-07-28,9.610028266906738,10.893645286560059,83.06053924560547,305.4100036621094,1.344085931777954
2025-07-29,9.634493827819824,10.960134506225586,84.46309661865234,306.25,1.336023211479187
2025-07-30,9.651619911193848,10.97940731048584,84.02782440185547,300.9599914550781,1.3353630304336548
2025-07-31,9.680977821350098,11.036260604858398,84.076171875,302.9599914550781,1.3257676362991333
2025-08-01,9.698103904724121,11.056495666503906,85.2714614868164,309.1099853515625,1.3209865093231201
2025-08-04,9.715229988098145,11.105639457702637,85.50448608398438,310.9100036621094,1.3289920091629028
2025-08-05,9.720123291015625,11.069986343383789,85.76666259765625,311.1600036621094,1.3297518491744995
2025-08-06,9.70055103302002,11.050714492797852,85.2714614868164,310.5,1.3299463987350464
2025-08-07,9.698103904724121,10.999642372131348,85.12580871582031,313.1199951171875,1.3357912302017212
2025-08-08,9.64917278289795,10.917736053466797,84.7568359375,313.04998779296875,1.345152735710144
2025-08-11,9.680977821350098,10.972661972045898,84.85393524169922,308.54998779296875,1.3444474935531616
2025-08-12,9.641833305358887,10.854137420654297,84.42670440673828,308.2699890136719,1.3435261249542236
2025-08-13,9.65895938873291,10.920626640319824,85.12580871582031,309.2099914550781,1.3504207134246826
2025-08-14,9.632046699523926,10.82041072845459,84.49466705322266,307.25,1.3585295677185059
2025-08-15,9.595349311828613,10.735612869262695,83.8926773071289,307.42999267578125,1.3530701398849487
2025-08-18,9.556204795837402,10.621906280517578,83.64993286132812,306.95001220703125,1.3556381464004517
2025-08-19,9.561098098754883,10.657560348510742,84.13540649414062,305.2699890136719,1.3508219718933105
2025-08-20,9.610028266906738,10.717304229736328,84.31988525390625,308.3599853515625,1.348679542541504
2025-08-21,9.578224182128906,10.712485313415527,83.9023666381836,307.2900085449219,1.3466380834579468
2025-08-22,9.597795486450195,10.744284629821777,84.52381896972656,310.5799865722656,1.3419395685195923
2025-08-25,,,84.28106689453125,309.8299865722656,1.35111403465271
2025-08-26,9.568437576293945,10.703813552856445,84.23251342773438,312.0799865722656,1.3453518152236938
2025-08-27,9.570883750915527,10.690322875976562,84.13540649414062,312.7099914550781,1.3478723764419556
2025-08-28,9.595349311828613,10.735612869262695,84.68887329101562,315.0299987792969,1.3503841161727905
2025-08-29,9.578224182128906,10.622870445251465,84.08685302734375,318.07000732421875,1.35111403465271
2025-09-01,9.556204795837402,10.688395500183105,,,1.3503841161727905
2025-09-02,9.521952629089355,10.592034339904785,83.46112060546875,325.5899963378906,1.3547931909561157
2025-09-03,9.570883750915527,10.7230863571167,84.3773193359375,328.1400146484375,1.3383476734161377
2025-09-04,9.590456008911133,10.780901908874512,85.0206069946289,326.69000244140625,1.3441582918167114
2025-09-05,9.644279479980469,10.88400936126709,86.31690979003906,331.04998779296875,1.3444474935531616
2025-09-08,9.683424949645996,10.944716453552246,87.4670181274414,334.82000732421875,1.3492909669876099
2025-09-09,9.668745994567871,10.906171798706055,86.96994018554688,334.05999755859375,1.3553073406219482
2025-09-10,9.661406517028809,10.91580867767334,87.4670181274414,335.260009765625,1.352109670639038
2025-09-11,9.68831729888916,10.966879844665527,88.05181121826172,334.760009765625,1.3534730672836304
2025-09-12,9.646726608276367,10.9052095413208,87.67169952392578,335.4200134277344,1.3576626777648926
2025-09-15,9.661406517028809,10.944716453552246,87.87638092041016,338.9100036621094,1.3553440570831299
2025-09-16,9.661406517028809,10.908099174499512,88.06157684326172,339.5899963378906,1.3602666854858398
2025-09-17,9.678531646728516,10.952425956726074,87.83738708496094,336.9700012207031,1.365392804145813
2025-09-18,9.661406517028809,10.913881301879883,86.93095397949219,335.6199951171875,1.3629734516143799
2025-09-19,9.62470817565918,10.842574119567871,86.76525115966797,339.17999267578125,1.3556013107299805
2025-09-22,9.62470817565918,10.840646743774414,86.45336151123047,345.04998779296875,1.3464748859405518
2025-09-23,9.646726608276367,10.912917137145996,87.05765533447266,346.4599914550781,1.3514974117279053
2025-09-24,9.66385269165039,10.952425956726074,86.72627258300781,343.32000732421875,1.3524478673934937
2025-09-25,9.605134963989258,10.854137420654297,86.72627258300781,344.75,1.3452396392822266
2025-09-26,9.614921569824219,10.887863159179688,86.64830780029297,346.739990234375,1.333653450012207
2025-09-29,9.651619911193848,10.937007904052734,87.35980224609375,352.4599914550781,1.3408241271972656
2025-09-30,9.644279479980469,10.938935279846191,87.10639953613281,355.4700012207031,1.3437248468399048
2025-10-01,9.651619911193848,10.908099174499512,87.33135223388672,356.0299987792969,1.3443390130996704
2025-10-02,9.646726608276367,10.91580867767334,87.58563995361328,354.7900085449219,1.3480178117752075
2025-10-03,9.661406517028809,10.942790031433105,87.41935729980469,357.6400146484375,1.3446643352508545
2025-10-06,9.629600524902344,10.88497257232666,86.72496032714844,364.3800048828125,1.3433817625045776
2025-10-07,9.632046699523926,10.892682075500488,87.2237548828125,366.260009765625,1.3484903573989868
2025-10-08,9.644279479980469,10.937007904052734,87.29222869873047,372.29998779296875,1.3421016931533813
2025-10-09,9.629600524902344,10.881117820739746,87.2237548828125,365.42999267578125,1.3401411771774292
2025-10-10,9.685871124267578,11.024696350097656,88.63217163085938,369.1199951171875,1.3304948806762695
2025-10-13,9.69321060180664,11.020842552185059,88.58325958251953,378.0899963378906,1.3336178064346313
2025-10-14,9.742141723632812,11.08733081817627,88.86691284179688,380.7900085449219,1.3332622051239014
2025-10-15,9.776392936706543,11.185620307922363,88.67130279541016,387.3900146484375,1.3321610689163208
2025-10-16,9.803305625915527,11.24536418914795,89.33638000488281,396.45001220703125,1.3404465913772583
2025-10-17,9.781286239624023,11.189475059509277,89.19945526123047,388.989990234375,1.3445558547973633
2025-10-20,9.805752754211426,11.201037406921387,89.5417709350586,403.1499938964844,1.342588186264038
2025-10-21,9.840003967285156,11.233800888061523,89.98189544677734,377.239990234375,1.3405184745788574
2025-10-22,9.879148483276367,11.30029010772705,90.04058074951172,377.2799987792969,1.336523175239563
2025-10-23,9.879148483276367,11.295472145080566,89.42440795898438,378.7900085449219,1.3351848125457764
2025-10-24,,,89.46353912353516,377.5199890136719,1.332746982574463
2025-10-27,9.903614044189453,11.30896282196045,89.76673126220703,367.010009765625,1.3322391510009766
2025-10-28,9.901167869567871,11.287762641906738,90.00145721435547,364.3800048828125,1.3341000080108643
2025-10-29,9.91584587097168,11.328234672546387,89.09186553955078,363.0,1.3279330730438232
2025-10-30,9.903614044189453,11.299325942993164,88.57349395751953,370.1300048828125,1.3195397853851318
2025-10-31,9.91584587097168,11.333052635192871,88.30940246582031,368.1199951171875,1.3159106969833374
2025-11-03,9.88159465789795,11.278127670288086,88.08855438232422,368.7799987792969,1.3134735822677612
2025-11-04,9.898720741271973,11.304144859313965,88.28488159179688,362.32000732421875,1.3135254383087158
2025-11-05,9.859576225280762,11.191402435302734,87.32290649414062,366.510009765625,1.3021697998046875
2025-11-06,9.893827438354492,11.216456413269043,88.10819244384766,366.07000732421875,1.3052598237991333
2025-11-07,9.866915702819824,11.168274879455566,87.92169189453125,368.30999755859375,1.3140950202941895
2025-11-10,9.879148483276367,11.21452808380127,87.90204620361328,378.3800048828125,1.3142677545547485
2025-11-11,9.937865257263184,11.304144859313965,88.30451202392578,379.8699951171875,1.3172974586486816
2025-11-12,9.913399696350098,11.276199340820312,88.46155548095703,385.989990234375,1.3152875900268555
2025-11-13,9.892499923706055,11.21399974822998,87.73516845703125,382.8699951171875,1.3127838373184204
2025-11-14,9.795000076293945,11.048999786376953,87.23456573486328,375.9599914550781,1.3152183294296265
2025-11-17,9.824999809265137,11.095999717712402,87.45051574707031,371.6499938964844,1.3160146474838257
2025-11-18,9.805000305175781,11.027999877929688,87.42107391357422,374.3500061035156,1.3156163692474365
2025-11-19,9.767499923706055,10.958000183105469,87.24437713623047,374.9599914550781,1.3147515058517456
2025-11-20,9.792499542236328,10.972000122070312,87.58794403076172,374.8500061035156,1.3061821460723877
2025-11-21,9.827500343322754,11.01200008392334,87.85297393798828,374.2699890136719,1.308489441871643
2025-11-24,9.822500228881836,11.015999794006348,88.35359954833984,380.20001220703125,1.3096375465393066
2025-11-25,9.862500190734863,11.041999816894531,88.57936096191406,380.0799865722656,1.3106160163879395
2025-11-26,9.930000305175781,11.241999626159668,88.97199249267578,383.1199951171875,1.315870761871338
2025-11-27,9.90999984741211,11.272000312805176,,,1.3244997262954712
2025-11-28,9.917499542236328,11.229999542236328,88.54991149902344,387.8800048828125,1.3241175413131714
2025-12-01,9.895000457763672,11.163999557495117,87.44756317138672,389.75,1.3239772319793701
2025-12-02,9.895000457763672,11.196999549865723,87.48697662353516,387.239990234375,1.3209341764450073
2025-12-03,9.922499656677246,11.29800033569336,87.73324584960938,386.8800048828125,1.3219469785690308
2025-12-04,9.942500114440918,11.394000053405762,87.2603988647461,387.1300048828125,1.3348817825317383
2025-12-05,9.917499542236328,11.326000213623047,86.85651397705078,386.44000244140625,1.3321788311004639
2025-12-08,9.890000343322754,11.279000282287598,86.57083892822266,385.4200134277344,1.3324593305587769
2025-12-09,9.907500267028809,11.338000297546387,86.65949249267578,387.3999938964844,1.3326793909072876
2025-12-10,9.897500038146973,11.312000274658203,86.99442291259766,389.04998779296875,1.3303532600402832
2025-12-11,9.917499542236328,11.371000289916992,86.876220703125,393.239990234375,1.3388315439224243
2025-12-12,9.880000114440918,11.302000045776367,86.03887176513672,395.44000244140625,1.339046597480774
2025-12-15,9.90999984741211,11.305999755859375,86.09799194335938,395.79998779296875,1.3367732763290405
2025-12-16,9.887499809265137,11.281000137329102,86.57083892822266,395.8900146484375,1.3380612134933472
2025-12-17,9.912500381469727,11.329999923706055,86.49201965332031,399.2900085449219,1.342499852180481
2025-12-18,9.9375,11.345000267028809,86.90576934814453,398.57000732421875,1.3374598026275635
2025-12-19,9.897500038146973,11.277000427246094,86.58140563964844,399.0199890136719,1.3385393619537354
2025-12-22,9.890000343322754,11.239999771118164,86.39350128173828,408.2300109863281,1.3377031087875366
2025-12-23,9.907500267028809,11.279999732971191,86.53195190429688,413.6400146484375,1.3469899892807007
2025-12-24,9.899999618530273,11.244000434875488,87.05608367919922,411.92999267578125,1.3513604402542114
2025-12-26,,,86.76929473876953,416.739990234375,1.3508949279785156
2025-12-29,9.932499885559082,11.338000297546387,87.09564208984375,398.6000061035156,1.349727988243103
2025-12-30,9.927499771118164,11.291999816894531,86.88796997070312,398.8900146484375,1.3510993719100952
2025-12-31,9.912500381469727,11.305999755859375,86.19571685791016,396.30999755859375,1.346719741821289
2026-01-02,9.907500267028809,11.208999633789062,86.06714630126953,398.2799987792969,1.347363829612732
2026-01-05,9.922499656677246,11.20300006866455,86.49239349365234,408.760009765625,1.3437970876693726
2026-01-06,9.944999694824219,11.234000205993652,86.31438446044922,413.17999267578125,1.3533997535705566
2026-01-07,9.9975004196167,11.383999824523926,86.8187484741211,409.2300109863281,1.3500559329986572
2026-01-08,9.99625015258789,11.381999969482422,86.38361358642578,411.489990234375,1.3459312915802002
2026-01-09,10.022500038146973,11.454000473022461,86.95719909667969,414.4700012207031,1.3438005447387695
2026-01-12,10.020000457763672,11.456000328063965,86.70006561279297,422.2300109863281,1.3394231796264648
2026-01-13,10.017499923706055,11.42199993133545,86.8484115600586,421.6300048828125,1.3465656042099
2026-01-14,10.045000076293945,11.534000396728516,87.35277557373047,425.94000244140625,1.3426783084869385
2026-01-15,10.022500038146973,11.473999977111816,87.3329849243164,423.3299865722656,1.344266653060913
2026-01-16,10.015000343322754,11.510000228881836,86.8286361694336,421.2900085449219,1.3381328582763672
2026-01-19,10.007499694824219,11.472000122070312,,,1.3404287099838257
2026-01-20,9.962499618530273,11.449000358581543,85.69135284423828,437.2300109863281,1.3418315649032593
2026-01-21,9.982500076293945,11.434000015258789,86.34405517578125,443.6000061035156,1.344085931777954
2026-01-22,9.970000267028809,11.430000305175781,86.71985626220703,451.7900085449219,1.3419395685195923
2026-01-23,9.9399995803833,11.406000137329102,86.95719909667969,458.0,1.3501288890838623
2026-01-26,9.949999809265137,11.430000305175781,87.37254333496094,464.70001220703125,1.3662508726119995
2026-01-27,9.9375,11.458000183105469,86.8286361694336,476.1000061035156,1.3677457571029663
2026-01-28,9.920000076293945,11.428000450134277,86.63084411621094,494.55999755859375,1.3824374675750732
2026-01-29,9.942500114440918,11.406000137329102,86.65062713623047,495.8999938964844,1.382533073425293
2026-01-30,9.9375,11.423999786376953,86.16604614257812,444.95001220703125,1.380643367767334
2026-02-02,9.944999694824219,11.37600040435791,85.91985321044922,427.1300048828125,1.3679141998291016
2026-02-03,9.942500114440918,11.380000114440918,86.12832641601562,454.2900085449219,1.367315649986267
2026-02-04,9.912500381469727,11.345999717712402,85.90992736816406,453.9700012207031,1.3697504997253418
2026-02-05,9.907500267028809,11.288000106811523,86.84307861328125,441.8800048828125,1.3644611835479736
2026-02-06,9.922499656677246,11.289999961853027,86.90264129638672,455.4599914550781,1.3520822525024414
2026-02-09,9.927499771118164,11.293999671936035,86.88278198242188,467.0299987792969,1.3608959913253784
2026-02-10,9.947500228881836,11.35200023651123,87.88543701171875,462.3999938964844,1.368344783782959
2026-02-11,9.967499732971191,11.387999534606934,87.41885375976562,467.6300048828125,1.3634566068649292
2026-02-12,9.987500190734863,11.432000160217285,88.58033752441406,451.3900146484375,1.362399697303772
2026-02-13,10.017499923706055,11.477999687194824,89.0667724609375,462.6199951171875,1.3620266914367676
2026-02-16,10.022500038146973,11.513999938964844,,,1.3647778034210205
2026-02-17,10.045000076293945,11.557999610900879,89.21568298339844,448.20001220703125,1.3627691268920898
2026-02-18,10.047499656677246,11.571999549865723,88.8781509399414,458.2799987792969,1.3564472198486328
2026-02-19,10.050000190734863,11.583999633789062,88.96749877929688,459.55999755859375,1.349582314491272
2026-02-20,10.067500114440918,11.600000381469727,88.759033203125,468.6199951171875,1.3461124897003174
2026-02-23,10.09749984741211,11.67199993133545,89.08662414550781,481.2799987792969,1.3533265590667725
2026-02-24,10.104999542236328,11.680000305175781,89.2454605102539,474.6099853515625,1.34969162940979
2026-02-25,10.095000267028809,11.657999992370605,89.2553939819336,473.4200134277344,1.3497462272644043
2026-02-26,10.130000114440918,11.741999626159668,89.61276245117188,477.4800109863281,1.3558034896850586
2026-02-27,10.15999984741211,11.843999862670898,90.15876007080078,483.75,1.3491452932357788
2026-03-02,10.107500076293945,11.753999710083008,89.25337982177734,490.0,1.3406623601913452
2026-03-03,10.022500038146973,11.765999794006348,89.0740966796875,468.1400146484375,1.3410578966140747
2026-03-04,10.067500114440918,11.71399974822998,88.79521179199219,471.79998779296875,1.3353630304336548
2026-03-05,9.979999542236328,11.57800006866455,88.4366455078125,466.1300048828125,1.3369520902633667
2026-03-06,9.925000190734863,11.53600025177002,88.10795593261719,473.510009765625,1.3357375860214233
2026-03-09,9.922499656677246,11.675999641418457,88.87489318847656,472.5299987792969,1.3301055431365967
2026-03-10,9.982500076293945,11.628000259399414,87.92867279052734,477.8599853515625,1.3424980640411377
2026-03-11,9.895000457763672,11.572999954223633,86.793212890625,476.239990234375,1.3419036865234375
2026-03-12,9.829999923706055,11.565999984741211,86.62388610839844,466.8800048828125,1.338186502456665
2026-03-13,9.802499771118164,11.446000099182129,86.19560241699219,460.8399963378906,1.335250735282898
2026-03-16,9.832500457763672,11.479999542236328,86.86293029785156,460.42999267578125,1.3247665166854858
2026-03-17,9.897500038146973,11.618000030517578,87.10197448730469,459.2699890136719,1.3314337730407715
2026-03-18,9.859999656677246,11.609999656677246,86.61392211914062,444.739990234375,1.335951805114746
2026-03-19,9.819999694824219,11.517999649047852,87.14181518554688,426.4100036621094,1.32650625705719
2026-03-20,9.699999809265137,11.277999877929688,85.4884262084961,413.3800048828125,1.342570185661316
2026-03-23,9.739999771118164,11.326000213623047,86.04619598388672,404.0400085449219,1.3331555128097534
2026-03-24,9.732500076293945,11.331999778747559,85.66770935058594,404.1300048828125,1.342426061630249
2026-03-25,9.8125,11.477999687194824,86.49440002441406,416.2900085449219,1.3416335582733154
2026-03-26,9.717499732971191,11.342000007629395,85.7673110961914,400.6400146484375,1.336362361907959
2026-03-27,9.712499618530273,11.27400016784668,85.29917907714844,414.70001220703125,1.3335645198822021
2026-03-30,9.739999771118164,11.347999572753906,86.43463897705078,414.5799865722656,1.3238370418548584
2026-03-31,9.762499809265137,11.454000473022461,86.34500122070312,430.2900085449219,1.3172800540924072
2026-04-01,9.829999923706055,11.477999687194824,86.26000213623047,437.82000732421875,1.324327826499939
2026-04-02,9.819999694824219,11.51200008392334,86.79000091552734,429.4100036621094,1.3302648067474365
2026-04-03,,,,,1.3230313062667847
