0,uk_2yr,uk_5yr,uk_10yr,uk_30yr
2016-01-04,0.6110933547630246,1.297485429833607,1.9341765876574684,2.6844956202192582
2016-01-05,0.59333894857567,1.2829281695222308,1.9298847775404322,2.679990351271712
2016-01-06,0.5349824897863344,1.2102658731699942,1.8442504150958423,2.6144652501589167
2016-01-07,0.5409979023420506,1.2099174233457635,1.8585904498586783,2.6519828914796144
2016-01-08,0.518128197509055,1.1685968852592907,1.821300206088241,2.6339754700903018
2016-01-11,0.5121120765204888,1.1692653964205069,1.8261001599838618,2.6483402482383114
2016-01-12,0.5030028895378932,1.1509122837371666,1.8124595333669071,2.625672015659013
2016-01-13,0.4918966102821289,1.1337299503131903,1.8027667493611985,2.6118262326330504
2016-01-14,0.4843620298232984,1.1174578398685777,1.7900454490494244,2.6060351159229023
2016-01-15,0.4215761862993889,1.0348077768272912,1.7139353965814188,2.5558891651559477
2016-01-18,0.4502327801219289,1.0698911808774136,1.7531268624590575,2.5870589774955968
2016-01-19,0.46748856247396064,1.0963672065304215,1.7707029303588897,2.6006328954473052
2016-01-20,0.4194600408446374,1.0366712516750636,1.6838959247558833,2.5243544267884443
2016-01-21,0.44183335491655495,1.0809497241214143,1.7352982785197693,2.5621431328269746
2016-01-22,0.4596181100958885,1.1213311422200023,1.7779577746654127,2.58365378689058
2016-01-25,0.42936849845674563,1.090208114783175,1.7467167251674014,2.541432419581324
2016-01-26,0.43828277205956767,1.0964800150594052,1.7539035478471654,2.5302692154604847
2016-01-27,0.43424588542976167,1.0936496897429093,1.7558026416164298,2.5251834942301485
2016-01-28,0.41779931701757644,1.0652068025234007,1.7280827213995988,2.5064950419468874
2016-01-29,0.3435747617510172,0.957343547806697,1.6355418243194333,2.443342791123487
2016-02-01,0.40487198930390134,1.0181767889416409,1.6975498706244525,2.509635652867739
2016-02-02,0.3667625013073226,0.9480292427190602,1.6200333028134675,2.460493514599312
2016-02-03,0.33933254335706675,0.9017987747874804,1.5779517365645133,2.421865627974805
2016-02-04,0.359567956553169,0.9350681225328629,1.6360208847235829,2.4664520890536985
2016-02-05,0.37009110344129337,0.9390967963020209,1.6383466895359935,2.4782728734826405
2016-02-08,0.27486307257926346,0.7923628650824297,1.4715145121799023,2.347267067085005
2016-02-09,0.29678770576419006,0.8038718893833602,1.4813316921372206,2.3658853445147066
2016-02-10,0.32180906275378945,0.8224897607909167,1.4893900968254081,2.3767087857125646
2016-02-11,0.2332226882622242,0.6821275329540587,1.344798338877704,2.274095378375717
2016-02-12,0.3409272656820536,0.8086272875184927,1.4708337443036434,2.3697191332612917
2016-02-15,0.3379940658717113,0.8249836748972879,1.4923700643133526,2.3933036403738708
2016-02-16,0.31855364559653737,0.8166694731041639,1.494464115692686,2.403194413742274
2016-02-17,0.3421536201024237,0.856356327955368,1.556856186238989,2.458998466993846
2016-02-18,0.32207365202056787,0.8202683366415412,1.5120390422515742,2.4427908619722354
2016-02-19,0.31108013258879735,0.7916801348240078,1.4770157689911907,2.416238985386188
2016-02-22,0.298837542277117,0.785227364934525,1.4720723785523293,2.4170302250029168
2016-02-23,0.29720349124282514,0.793593025824188,1.4997202179361513,2.437247852022797
2016-02-24,0.26454526577184184,0.7243313651100738,1.4213447976733853,2.4016864472449546
2016-02-25,0.25771821310343257,0.7319808395131525,1.4430696166590935,2.4480845473833557
2016-02-26,0.28678643881896754,0.7598190730184878,1.488181362146282,2.477525871819523
2016-02-29,0.25125175443182673,0.6908751569440639,1.4095625740452777,2.4126755337912553
2016-03-01,0.2939819902285792,0.7406022650595683,1.468473642975503,2.442669175594928
2016-03-02,0.3369987966781385,0.8088749092723118,1.5435991334139878,2.46233680384485
2016-03-03,0.3379818050863106,0.811327442008033,1.5293184245479703,2.4202678636449946
2016-03-04,0.3607944392694718,0.843794747441169,1.5715902486801205,2.4513199586892473
2016-03-07,0.35176125426676363,0.8313361336525862,1.5594414771530318,2.4633364662501496
2016-03-08,0.3156254106751978,0.7622304710649328,1.4501190356101814,2.322635066567384
2016-03-09,0.3590224937390556,0.8491562164305486,1.5536717287275796,2.401148568264811
2016-03-10,0.4221255961133378,0.9187424554066679,1.612311632272268,2.4159279351149534
2016-03-11,0.46344276814358054,0.9725605096526477,1.6593228850958386,2.447741594287023
2016-03-14,0.4469625658269354,0.9526527074067899,1.6284555319425202,2.403046285467824
2016-03-15,0.4269241402506189,0.9218951389987391,1.6125418622995908,2.401353263609183
2016-03-16,0.41017235818569825,0.9023056874136316,1.5988912988755757,2.414633756127266
2016-03-17,0.3775325755922499,0.843670133262371,1.5393356141818575,2.3843602710931577
2016-03-18,0.3818836854214319,0.8474549633576112,1.5474985759135378,2.383969986298327
2016-03-21,0.391857787443378,0.858896576819957,1.5641814409187005,2.4116510205233657
2016-03-22,0.37413831264237124,0.8387049745093975,1.5428578740939105,2.404382219435495
2016-03-23,0.35947109988115256,0.8366668269214135,1.5355039792364054,2.3886113889586245
2016-03-24,0.39070806860002133,0.860182921310134,1.551815371156669,2.4224116252878356
2016-03-29,0.36722358248490394,0.8250697303931114,1.5061304013532908,2.404542951410492
2016-03-30,0.38374220911165063,0.8506389332750333,1.5431106097515295,2.4340581364744662
2016-03-31,0.34111316133310843,0.8063505084995294,1.504136741895292,2.3731694198796585
2016-04-01,0.3356393425524142,0.812134927264311,1.5226312845189818,2.395133161504677
2016-04-04,0.3291648539556391,0.8058710141872563,1.5181076276094854,2.384771424120971
2016-04-05,0.30553322168585423,0.7586523070055086,1.4628983068025276,2.351648947735364
2016-04-06,0.29685082833370613,0.7606050001500309,1.4791280010121197,2.350741055431997
2016-04-07,0.2665580486128425,0.705859684434366,1.4205754339752632,2.2997578987664933
2016-04-08,0.2983835502298462,0.7381755802865497,1.4664549530243636,2.351142578561816
2016-04-11,0.3206743604622577,0.7596161260575831,1.4966062264841624,2.390833378513942
2016-04-12,0.35299952560271697,0.8078021980579267,1.545862310388048,2.433721390654539
2016-04-13,0.3495286126627876,0.8024563864036157,1.5322826206688362,2.3925448107139777
2016-04-14,0.35846239125292506,0.8151429954943918,1.545346505929261,2.3947959644322774
2016-04-15,0.34606236739738333,0.7958365986202839,1.5168774672588374,2.372373966013168
2016-04-18,0.3770503520982383,0.8433176170425707,1.5761811823451166,2.434195075999207
2016-04-19,0.3923225704140575,0.8807151152636958,1.6198715950847131,2.455857681028203
2016-04-20,0.36490345172684097,0.8369350346647572,1.563191087747885,2.392215253296365
2016-04-21,0.4137845192746635,0.9292913548602705,1.677194160473053,2.472197715627847
2016-04-22,0.4221563003910458,0.9453752931389573,1.6971147999876641,2.4850933055498836
2016-04-25,0.4389647094733355,0.9582233840790872,1.6987703595606447,2.4743805226352125
2016-04-26,0.4746971089093761,1.0124194198681198,1.755101913200987,2.539502630032947
2016-04-27,0.46272123354799244,0.9870650559801583,1.7159488984304545,2.505850597698811
2016-04-28,0.4535827361389739,0.9662570129061656,1.6917339246933771,2.4872746523114064
2016-04-29,0.45147486015673155,0.9683876480542459,1.6947447364799537,2.4741649351111263
2016-05-03,0.4117675729031496,0.9088116530806086,1.6194109410538862,2.393571067930549
2016-05-04,0.3935517365861705,0.9005214350897592,1.6243203751700452,2.411688106439603
2016-05-05,0.3638526733399998,0.8592674126256895,1.5756346936608492,2.3863931254868858
2016-05-06,0.3392864577225427,0.8154542425221569,1.519989230372919,2.345918143160369
2016-05-09,0.32888061307128497,0.804806533104939,1.5197865400391124,2.361105749679258
2016-05-10,0.31443856939161,0.7909559853554684,1.5073561939468865,2.351974183434843
2016-05-11,0.3143243354372298,0.7917407602880155,1.4984896446231368,2.3473901134168496
2016-05-12,0.32406082154537996,0.8051205255356322,1.5102893257645678,2.367102699500973
2016-05-13,0.313900415553182,0.7826633033715481,1.4804187484788218,2.3347591714302527
2016-05-16,0.3309828174846325,0.8025028070520668,1.5010305060401063,2.344668205443115
2016-05-17,0.3178650415581052,0.7825776011135138,1.4718470293842336,2.322220773934336
2016-05-18,0.3705447508412758,0.8519299513623244,1.5470361719646504,2.3979739148884667
2016-05-19,0.3733438738536308,0.857782381588919,1.5420768763876926,2.384647704523753
2016-05-20,0.39557824267608016,0.8899057551250001,1.573517192017982,2.407231594081459
2016-05-23,0.3972483209768996,0.8935146558339865,1.5696345169929844,2.3967687152714543
2016-05-24,0.429364994273645,0.9269243710152419,1.5839922979573526,2.3963185138373277
2016-05-25,0.4186799883316288,0.9146937017256361,1.5581784439766282,2.3581836206197835
2016-05-26,0.3903445468629662,0.8830526515063675,1.523723142411584,2.3118621079986585
2016-05-27,0.41408087799090776,0.9098317003393511,1.5477206305040663,2.3144121180052277
2016-05-31,0.39352991964520617,0.9044452077291598,1.54739952902487,2.287584612283141
2016-06-01,0.35577291982306386,0.8410737523977962,1.4823773525605155,2.2288051769969566
2016-06-02,0.33003834575504254,0.8101456096443153,1.4554936457954746,2.213996122632601
2016-06-03,0.2889133468279945,0.7460966386693851,1.3888323366966149,2.1629865048546573
2016-06-06,0.29626826119663596,0.7456571615700358,1.3971330885834337,2.184197191905326
2016-06-07,0.3054592526987106,0.7344052971106768,1.3764834948097866,2.177808468510134
2016-06-08,0.3271805650765979,0.7423708672757519,1.3639086056655703,2.1555998361363438
2016-06-09,0.32887943873745795,0.7369596469638835,1.350804143238963,2.130872351129645
2016-06-10,0.33712563341593077,0.7352546265560567,1.3357965226396507,2.116479435878578
2016-06-13,0.3287028036613365,0.7225608591170135,1.3289559889721418,2.0994148633179015
2016-06-14,0.28408780725369237,0.6460002265175285,1.2455896814086382,2.0299342411614143
2016-06-15,0.2741891880418344,0.6380682379996896,1.231421134949692,1.989787899240244
2016-06-16,0.27153286892400835,0.6249889320324343,1.2154573335311367,1.9834648658968517
2016-06-17,0.31480728704726857,0.66826035398356,1.2583995763090345,2.0577983819029333
2016-06-20,0.40246386198307965,0.769342167964977,1.3618691442821182,2.159919085417644
2016-06-21,0.43068288870254734,0.8064324574399901,1.3992890724850393,2.1852752056137636
2016-06-22,0.43464777174342073,0.8279803264821659,1.4395745462581833,2.209159826464852
2016-06-23,0.44623724153654476,0.862497889303469,1.4809626167180825,2.22747001654657
2016-06-24,0.2086345003147131,0.5671916169975817,1.21716567184396,1.9948142064589343
2016-06-27,0.09000947306042421,0.4156280818846687,1.072109370365999,1.8879758693135777
2016-06-28,0.1138721698520724,0.4365666167375605,1.0747978030151688,1.858544984254053
2016-06-29,0.13369086885683007,0.44752487522307244,1.063472223077007,1.8142294137778658
2016-06-30,0.07895836690621798,0.39588557993848317,1.0263171192397746,1.7869440475548077
2016-07-01,0.11721468994725956,0.39712147435220646,0.9859058204361142,1.7394167452959353
2016-07-04,0.10084821566144751,0.3781594723413194,0.9529244862210613,1.71115826183038
2016-07-05,0.07541294058882753,0.33573904607493293,0.8941313121934288,1.64359078180217
2016-07-06,0.09585327145573776,0.34341944546089714,0.8802422916607086,1.6315796280599313
2016-07-07,0.09985256841349517,0.34882704779625,0.8983923057920279,1.682350852169447
2016-07-08,0.08735469046395411,0.32742892321798056,0.8609597166555497,1.6492851144182528
2016-07-11,0.10789533594526253,0.34597527118534155,0.8689685024145117,1.6676071276939546
2016-07-12,0.13129245228280406,0.3927469696617895,0.9245133268518577,1.7173794221479393
2016-07-13,0.07270803788043372,0.3297436814429241,0.8611252013412599,1.6543691193104846
2016-07-14,0.10547847147576091,0.3706662570598308,0.9127822057362971,1.6864873587719493
2016-07-15,0.12599244908702462,0.40041416817556347,0.9592531205256218,1.759126861457475
2016-07-18,0.1220835939121738,0.38848619853054295,0.9344692146571179,1.7435638924260783
2016-07-19,0.12578785380552931,0.3898100934272689,0.9287856560387944,1.7391089495089662
2016-07-20,0.12161578566438677,0.401321133003418,0.9561346314841913,1.7826033718993772
2016-07-21,0.11374667536436596,0.39953895715276333,0.9710185638532003,1.8059655416457177
2016-07-22,0.07307255626148085,0.3586036538026892,0.9338484888026718,1.7667283602064596
2016-07-25,0.06923742368614812,0.35081564929637554,0.9327619799578809,1.757407714545775
2016-07-26,0.10016463075553021,0.3700133845718966,0.9514381440877336,1.7818253363615928
2016-07-27,0.053699912334993445,0.2992404404684944,0.8496174629982993,1.691199235289711
2016-07-28,0.05844622025199882,0.2934535899289454,0.8283364743817911,1.6809847937601001
2016-07-29,0.04132395204721326,0.2751864986918172,0.7997628839075099,1.6282236840417526
2016-08-01,0.10406252611812401,0.32178133485217353,0.845230609051093,1.6650973819588317
2016-08-02,0.1309477005152306,0.36972616646391376,0.9213435678501505,1.7119865317234684
2016-08-03,0.12204511067417914,0.3542246482582231,0.9105541045273562,1.688833432562659
2016-08-04,0.039124987459189714,0.19610484495593444,0.7428538806140775,1.5588255878650163
2016-08-05,0.05908550143360498,0.20911046540906425,0.7631281703597426,1.549295023953547
2016-08-08,0.028385911054094267,0.1669209542052814,0.7210551018926348,1.5088703013777414
2016-08-09,0.015133822846672411,0.1414513587570682,0.6729796028860539,1.4406092239873907
2016-08-10,0.03756543566259328,0.14578695612121712,0.6407227652822295,1.3318163143022415
2016-08-11,0.08061972856664104,0.1712030185816251,0.6279524496468889,1.2761371276516613
2016-08-12,0.07220336569650043,0.16093639759479633,0.6227985336478039,1.2943381336326245
2016-08-15,0.08058006899492075,0.17445731552211366,0.6513916488941558,1.3331528608858876
2016-08-16,0.11569821393324059,0.22282519282354213,0.6999094236096023,1.3733557669139655
2016-08-17,0.08875848737389583,0.2027620763046011,0.6882575396383437,1.383123702059958
2016-08-18,0.08847081447572816,0.20542752389545874,0.6874388856557596,1.3649285419424615
2016-08-19,0.09437243223961557,0.2394503971415738,0.7409892320964334,1.4186693683540665
2016-08-22,0.07309382746292781,0.21375028748079322,0.6972322025053763,1.378569442765315
2016-08-23,0.06800897635767579,0.20530176171649378,0.6725521361276932,1.3241872106348889
2016-08-24,0.0843942299904663,0.22102375929909393,0.6898956968943872,1.3248818527058115
2016-08-25,0.08752400986798768,0.22556368205255,0.6895680245656606,1.3234493918081929
2016-08-26,0.0813424810459477,0.21533483564853398,0.6591067937688158,1.2941174998596015
2016-08-30,0.09712276006501205,0.22670562871272573,0.6609251386748638,1.3006226718166745
2016-08-31,0.08934760925077923,0.21820115718135483,0.6614599762829099,1.3221624817321227
2016-09-01,0.06686808829087841,0.22854637627469732,0.7001482294887398,1.3396100821892847
2016-09-02,0.08927888638722702,0.2742931315266478,0.7702872196542401,1.400827988294859
2016-09-05,0.07409526414729363,0.25290594223994145,0.7381204474453518,1.3680002087178196
2016-09-06,0.04528248232161557,0.208988050395753,0.6972202393104501,1.3670766884694447
2016-09-07,0.03148892560589087,0.19284845206732187,0.6966111788709978,1.3569762982607625
2016-09-08,0.08962387408971362,0.2675324680227509,0.7869408273032377,1.441007389944241
2016-09-09,0.12552464942751665,0.3358023249669797,0.9002468003512678,1.5692135838097017
2016-09-12,0.11077271065155965,0.3282988645365279,0.9018825059369167,1.5772451000302994
2016-09-13,0.1330948498551668,0.35214859501086637,0.9296354666330064,1.6106089394016734
2016-09-14,0.11975003672667305,0.35176711861573706,0.9280344633363932,1.6357489969576653
2016-09-15,0.09928435656892996,0.3436792573167956,0.9368190910594698,1.6605458260982047
2016-09-16,0.08269537240183704,0.31558258776236553,0.9052973595726778,1.6402672721121434
2016-09-19,0.09203207907433529,0.3273065184778831,0.9190474799179791,1.6816480314113291
2016-09-20,0.061399474489292435,0.27867065313674344,0.8405102885960977,1.6270723880176028
2016-09-21,0.06372813661760172,0.2832630969953812,0.8464661015446124,1.6497201472836605
2016-09-22,0.0446666472174619,0.23317873144585982,0.7533253836853282,1.5241203457050791
2016-09-23,0.05332403229515503,0.24029288128153561,0.7599092090032106,1.529383873178004
2016-09-26,0.03942348730138165,0.2207356887124492,0.7367473451930984,1.4944149003663771
2016-09-27,0.029663089025521155,0.19549236957088129,0.6962815557585572,1.4417626436384066
2016-09-28,0.020015084235757437,0.19281019190999943,0.7013890820651447,1.4601442140048688
2016-09-29,0.025029207405529677,0.2194258763381181,0.7477751833917784,1.5109772308540612
2016-09-30,0.07373245144222715,0.25905068051700214,0.7968316403691794,1.5915949719179745
2016-10-03,0.04742486562783441,0.2336514129386861,0.7744599594667221,1.5502306547561606
2016-10-04,0.06076739896477273,0.253493380544579,0.7990600714101014,1.5737425164710408
2016-10-05,0.0683898266022897,0.29054545229607,0.8585918754060534,1.6204848397150706
2016-10-06,0.08034866881833136,0.3272675211768784,0.9215146166129211,1.678458442904838
2016-10-07,0.12361768772342033,0.40082188409783487,1.0108509196119,1.734308216379326
2016-10-10,0.16327721897786687,0.4544533764069997,1.0646277409583562,1.7734979947744682
2016-10-11,0.1433402408754412,0.43134925056425866,1.03527738472533,1.7561371056401287
2016-10-12,0.16214970659883854,0.46937109932217763,1.0890608430559883,1.816698266443671
2016-10-13,0.1556362479738708,0.4493468676566711,1.060137636483258,1.7762004183968911
2016-10-14,0.1828174230160284,0.5158919971084963,1.1479797173702853,1.836171867649264
2016-10-17,0.16929652932253186,0.5250112413345943,1.1696048696905375,1.8432943279984846
2016-10-18,0.17077556321544743,0.5066380227004508,1.1319841174186906,1.822205864581527
2016-10-19,0.17826322819255086,0.5082648547526941,1.1267891091889752,1.8104272323802488
2016-10-20,0.1823803440724956,0.5131436775346968,1.1260864941152808,1.7801755077350356
2016-10-21,0.19765745055865172,0.5186636563164311,1.1212582463316152,1.7723536621900315
2016-10-24,0.2088917596712524,0.5296836542180748,1.1345051752511208,1.7854208015654407
2016-10-25,0.2034744369393257,0.5217908897430055,1.1216926126973719,1.775146564824399
2016-10-26,0.24801349749569648,0.5907698545138562,1.2044780449986319,1.8466434328077619
2016-10-27,0.2571300006591348,0.6466128276012016,1.2924158686183147,1.8923747378053297
2016-10-28,0.2634619007560597,0.6571572950618414,1.3070163561306753,1.9409820425965774
2016-10-31,0.23364254923518524,0.634101372677455,1.287735922292838,1.9182830664544928
2016-11-01,0.23919606642096805,0.6612828444225811,1.333765738586672,1.9730881319650146
2016-11-02,0.17257969409510754,0.5801534858013242,1.2377884838471385,1.901204252912004
2016-11-03,0.1824928641170484,0.5993077424669758,1.2638346425949232,1.9207470317164408
2016-11-04,0.14626225781541854,0.5407279037481724,1.1884864990953914,1.8453170844191904
2016-11-07,0.1689324181460394,0.5817539249331499,1.2469679823591162,1.908807732806399
2016-11-08,0.20377091097264566,0.6192370145912169,1.2865459433759274,1.9310015874160602
2016-11-09,0.1905799994969588,0.6167300838077223,1.2908929272320269,1.9612309979336784
2016-11-10,0.23084852769782674,0.6976628569724598,1.3991145447919247,2.060061386461466
2016-11-11,0.2339791126019828,0.7098841354719798,1.419948349375328,2.0619595369691486
2016-11-14,0.23910243217235924,0.7509856651871785,1.4954466224644527,2.1204968819829357
2016-11-15,0.21395832744262708,0.7083718256224653,1.437001923072761,2.040012504354834
2016-11-16,0.22539554284673521,0.730756491439015,1.467330367787835,2.0491585450402625
2016-11-17,0.20418436053804478,0.7205423073133586,1.4529395773992975,2.0278669640007165
2016-11-18,0.2248679461873906,0.768866662871754,1.533624475748424,2.101182888716464
2016-11-21,0.20383691734170167,0.7364365556279779,1.4869205973785968,2.0621348928423364
2016-11-22,0.18387231222372968,0.7076553237398335,1.4593362079450294,2.057825172690204
2016-11-23,0.1724705916468968,0.7434459125879924,1.5342437810897247,2.1178405070545234
2016-11-24,0.14683827088076026,0.7119397249440873,1.499678815555619,2.0820085360825735
2016-11-25,0.12399644407304931,0.6926504407031551,1.48176856462779,2.0785658221692986
2016-11-28,0.10083305831887047,0.6496058673353627,1.4406050356011897,2.0530764201836567
2016-11-29,0.10290645304185958,0.6544830698209618,1.4507908663564089,2.0416599462067713
2016-11-30,0.12463950001247232,0.6747108734634111,1.4764624306639262,2.0470692069609915
2016-12-01,0.1439759805047156,0.7146942138093304,1.5398729314500956,2.115012060813502
2016-12-02,0.11525635092421302,0.6482757023065111,1.4444977784624364,2.0405328542243195
2016-12-05,0.11453357326339725,0.6579202051343593,1.4670080327984685,2.0419732158917197
2016-12-06,0.1333311645500055,0.6781115233614926,1.480992941499832,2.0664553524025355
2016-12-07,0.12225080066671913,0.6466472904727764,1.433203310739498,2.0426714703761535
2016-12-08,0.1150991256748914,0.6477649202367898,1.4508312562276058,2.0448158076205876
2016-12-09,0.1391477794870582,0.6851671387539487,1.50664329181237,2.1030976541185886
2016-12-12,0.1477203415702454,0.7162738666164353,1.556987011176925,2.157766254981518
2016-12-13,0.13322890854839728,0.678889995234993,1.5013978424381975,2.0978254241680077
2016-12-14,0.11324553801831595,0.6457061334445835,1.4565449924193474,2.06654132509014
2016-12-15,0.16665695278115852,0.7363846174287941,1.5751348043228388,2.1787621797255583
2016-12-16,0.14767762963108483,0.7158660168235816,1.5260817215135678,2.1269820781488256
2016-12-19,0.11437171304698202,0.6792073698846496,1.4794133843138195,2.08951005097041
2016-12-20,0.10719873731454578,0.6832830410405603,1.4881312029999223,2.0945469522415254
2016-12-21,0.08303613301254537,0.6465444855322879,1.4408308755513448,2.0454644956087473
2016-12-22,0.07539423645981443,0.6414732935703691,1.4326394030675869,2.019694809493382
2016-12-23,0.0642436574118866,0.6205746308135852,1.4011806949133456,1.98577243501185
2016-12-28,0.05664011531479119,0.5957635315519787,1.3587310660493934,1.94646715529684
2016-12-29,0.04734557537181191,0.549153675165791,1.2847504075123584,1.8783215682221561
2016-12-30,0.043755831772953724,0.549508920588117,1.2955472919973459,1.895976607878424
2017-01-03,0.12868160370164275,0.6418085472417798,1.3975623574286034,2.0041544392934165
2017-01-04,0.13417785322688822,0.6378708008646574,1.39148565541711,2.0041677215154983
2017-01-05,0.1421170418034588,0.6410675973459565,1.3849125096640953,2.0092501966599663
2017-01-06,0.1889084605397047,0.6881859889310407,1.4388271555930887,2.050700766391345
2017-01-09,0.17950930663902337,0.6674008254427893,1.4146959849892098,2.0337176489191235
2017-01-10,0.18901936384974888,0.6776592693825364,1.4210160177970197,2.0336923228687467
2017-01-11,0.17633790951072886,0.670181579480818,1.4221302706337906,2.0404948249831967
2017-01-12,0.14987183483554958,0.6220952326264686,1.3590040043104872,1.99048362798663
2017-01-13,0.17623636046915336,0.6676249064357228,1.4285129312184348,2.0597367867637493
2017-01-16,0.152447611959313,0.6336608207733341,1.391046837076662,2.0301122517897143
2017-01-17,0.15918949895113965,0.6235980532258424,1.3667023703279113,1.989664629279432
2017-01-18,0.17913696148727806,0.6451083822698417,1.3911330147445078,2.0043799980678676
2017-01-19,0.20810453324747635,0.6982445542164895,1.4592633193848659,2.0738679205787145
2017-01-20,0.21509382833541474,0.7180305494155317,1.48976506263728,2.096835130858901
2017-01-23,0.1837652653801236,0.6816440883871316,1.4484624522064498,2.064532160069789
2017-01-24,0.1787429613405348,0.6795498817452297,1.4491602066839941,2.033401657775235
2017-01-25,0.19601933773505142,0.725779920945338,1.5297461969739812,2.1174624187548043
2017-01-26,0.22149534859382666,0.7665075093281634,1.5781850642823658,2.1577555531457238
2017-01-27,0.19527520174928248,0.7367696862067732,1.5377279306479656,2.1288658152597253
2017-01-30,0.18569816962287364,0.7260359314994693,1.5102806036353733,2.1002383820183015
2017-01-31,0.17421700165196674,0.713358778738774,1.4858278703363255,2.066472102665189
2017-02-01,0.19668175272947322,0.7460599518965866,1.5330709735284032,2.115779399039351
2017-02-02,0.15102186187538746,0.680045982517391,1.4618090043711607,2.0756417449151585
2017-02-03,0.1337827597542665,0.6541921599732061,1.4378496939138237,2.0676206530220065
2017-02-06,0.11759479300309435,0.6228869093818367,1.397903643362765,2.0417268810349265
2017-02-07,0.10902067771883305,0.5996266558991263,1.3671865029402723,2.0200785529102685
2017-02-08,0.11208672734735929,0.5591143433260682,1.2991976699488268,1.9466305143458722
2017-02-09,0.11866602488484328,0.5648836220229497,1.3093548056640754,1.9530271831588408
2017-02-10,0.13276014445921863,0.593045614469518,1.3458520826080036,1.9957161180725904
2017-02-13,0.14324214099287416,0.6122461425398134,1.3688563616230425,2.025006405050718
2017-02-14,0.1405884999627075,0.6232155085784297,1.3890657332325866,2.0380242826974033
2017-02-15,0.12869600207433748,0.6156686532745125,1.384623295720645,2.0542970127613063
2017-02-16,0.09429557114750932,0.5707069832365614,1.331497647191221,2.001991917494362
2017-02-17,0.08036335424301194,0.5317846517228937,1.2852357028353711,1.9704020139386378
2017-02-20,0.08936314400353794,0.5352841226735686,1.299202602094652,1.9855598018171823
2017-02-21,0.10507013208878621,0.5513616008388198,1.3207329448803797,1.9900414330634892
2017-02-22,0.07923525991802821,0.5111432897656074,1.2781577785026121,1.9635036391746634
2017-02-23,0.06892171304792659,0.4802605710367872,1.2236593491156327,1.9311454819521243
2017-02-24,0.0583208154017854,0.4337496916585525,1.1477056712729499,1.8685372338438433
2017-02-27,0.04931089380259316,0.4258741635300112,1.1420444705451032,1.8657791379439954
2017-02-28,0.04603419068547805,0.4195767288936293,1.1303178258980677,1.8295569421695455
2017-03-01,0.06973344809984619,0.46259324037354876,1.1844769135770319,1.8571380285066552
2017-03-02,0.07277204735811896,0.46783602697188054,1.197867529521274,1.8844423062218152
2017-03-03,0.054335087639315875,0.4507530780106205,1.1857251773200532,1.8951739254985678
2017-03-06,0.06297429586681737,0.4645343065205722,1.2051253950394094,1.916459941446667
2017-03-07,0.05078012468688749,0.44107395983635217,1.1776380534011772,1.8814341515312167
2017-03-08,0.05834778339567036,0.47091067136046894,1.226661105242239,1.9067937229055067
2017-03-09,0.06456193893990422,0.46792091795713536,1.2118834389859512,1.889531071552905
2017-03-10,0.06881342905663558,0.49256494472389534,1.2408311855480885,1.9277678673276646
2017-03-13,0.06154127364781844,0.4893195439200214,1.2527977104948873,1.9377115769580056
2017-03-14,0.041527873377207085,0.46736524639987076,1.238314671658741,1.9256813013405236
2017-03-15,0.01026940898564344,0.442350595081075,1.2227602871909484,1.9195872359112565
2017-03-16,0.04159029492033612,0.47014673803357276,1.2483986390170778,1.9159942034109048
2017-03-17,0.038715061611502115,0.46493944631514933,1.2379000440199097,1.895827542077088
2017-03-20,0.045157415628530054,0.4650655313465668,1.2354178114563017,1.8913322194708448
2017-03-21,0.10645099486774094,0.5071020018703132,1.2551336385654976,1.907080931324463
2017-03-22,0.07991470022038698,0.4555457659151759,1.1756272362609628,1.8313218174085044
2017-03-23,0.12377623502063272,0.5046849150578336,1.2287935378509776,1.877474650086719
2017-03-24,0.1392172679709357,0.5070482411077356,1.2070533853691023,1.8567799078865976
2017-03-27,0.14686965043401445,0.49978247138956566,1.1809546392013144,1.837284156074076
2017-03-28,0.1461082996981395,0.5097851182700884,1.1967184346691446,1.8500053633904083
2017-03-29,0.11614093401175285,0.48205602257606894,1.1598886465213285,1.8323406436718033
2017-03-30,0.07937578223449984,0.4387445257377786,1.1270340886255847,1.7997432652795453
2017-03-31,0.08716530255180374,0.4383769626977749,1.1342690263450192,1.794436763057274
2017-04-03,0.07760390626711426,0.3983104286523954,1.07414487284858,1.734240206069626
2017-04-04,0.09376556872092805,0.40282885154169723,1.0716129674317494,1.7391856366985547
2017-04-05,0.09688413637195772,0.42857290219956656,1.1032955880641242,1.7776170559290185
2017-04-06,0.10156138633353562,0.4381836680886969,1.1063443674126414,1.7786566320719241
2017-04-07,0.08518330331873512,0.42141101828197813,1.0871952051251113,1.7658555708884076
2017-04-10,0.07119467948287413,0.4218671202588172,1.1030266053203486,1.7748859730908035
2017-04-11,0.05509316151993529,0.38994435529881244,1.0644995423101742,1.7345771621355732
2017-04-12,0.06085280158191665,0.3921393064458133,1.0686325285366012,1.7388605412493625
2017-04-13,0.06780502357137702,0.3956500073015808,1.0615045247101198,1.7333441217773293
2017-04-18,0.06876649674635767,0.39225847761556587,1.0545995465501135,1.72119518673901
2017-04-19,0.08909960916380774,0.42393324369305685,1.0845540131759959,1.7372526462516407
2017-04-20,0.07796192466482585,0.42242619355611577,1.0866378646025363,1.7428971582548936
2017-04-21,0.048289069652414224,0.3930048010225102,1.0588426353685245,1.7361451152093437
2017-04-24,0.051607231378088245,0.4129878832134903,1.0922605517938635,1.771530217478486
2017-04-25,0.0618815346746498,0.423842901328949,1.106614714446867,1.7917884328661922
2017-04-26,0.05132575302383834,0.4209956138478339,1.1107023017960356,1.802952120843691
2017-04-27,0.030610643882293842,0.3955937371922136,1.0894301996910438,1.797025657231199
2017-04-28,0.035051857742873546,0.40620600827434516,1.1066881605256649,1.793607162104659
2017-05-02,0.04548756941270167,0.41706052976195185,1.1195292842642623,1.8148389889151844
2017-05-03,0.04293889408702424,0.40580521118490276,1.1057910260080912,1.8174623931954714
2017-05-04,0.06926018430848582,0.43671460028486697,1.143246818255587,1.865428149029608
2017-05-05,0.09855372026038905,0.44794859940199744,1.1516848440410221,1.883030220100656
2017-05-08,0.10905958404817521,0.4627600178210768,1.1769729749410553,1.9076335717505075
2017-05-09,0.12009637728144683,0.5043279185788314,1.2313580265368622,1.924844506792277
2017-05-10,0.1010179673472769,0.48218286868971516,1.200678756057487,1.8850111822094073
2017-05-11,0.08781736471692671,0.46834860181765653,1.1966896428177063,1.8820578078251178
2017-05-12,0.07028899626928536,0.4131272840684151,1.123419261251207,1.8227007458829925
2017-05-15,0.08514340978965863,0.43384970137220646,1.1594116455183108,1.8743189141801646
2017-05-16,0.0840278835357846,0.4359182095343884,1.14790717994966,1.8391054867153083
2017-05-17,0.07936358137205395,0.40281765973169303,1.1022188560233217,1.7920315362501928
2017-05-18,0.07256113001671781,0.4047366665598622,1.0957369345467318,1.78071003915766
2017-05-19,0.07119162870531473,0.4217322789374191,1.119213128196889,1.7842906371537488
2017-05-22,0.05709672910836807,0.4146533122114084,1.1144776759774477,1.7864545277805126
2017-05-23,0.05698382786536306,0.4079189177525536,1.1027729845263858,1.7646407148592946
2017-05-24,0.059183199065650866,0.4097065166770567,1.1054074753822576,1.761681138773954
2017-05-25,0.05851592468076454,0.39314434242523355,1.0791298269842402,1.7434659665576777
2017-05-26,0.05834644042917198,0.3734612501012661,1.0488328760420091,1.7245151058167787
2017-05-30,0.05136288385013705,0.3605761506535758,1.0365938843815767,1.7399281852766286
2017-05-31,0.07771945563779191,0.38976326296905256,1.0669185601723432,1.7629016631149557
2017-06-01,0.09272412039345788,0.4210317947164989,1.1006624730021646,1.7884363574545405
2017-06-02,0.08570346128388065,0.41349557829198325,1.0876380072643796,1.7825770733501498
2017-06-05,0.07759665319413173,0.415346280041176,1.0925418043693969,1.7898178045348874
2017-06-06,0.062484827790037625,0.37322199086167157,1.0298253184611919,1.744670463993748
2017-06-07,0.06541366370189307,0.3711865906148768,1.0262856957351627,1.718536364580116
2017-06-08,0.08142362061253604,0.4046231332167675,1.077329794321723,1.772666633478988
2017-06-09,0.06169117791317638,0.3752763268271132,1.0560025414053948,1.7705778856716559
2017-06-12,0.05151119194359438,0.339803116303641,1.0204396359714338,1.771576707699814
2017-06-13,0.09868758078406775,0.3891340439552303,1.0749182671818738,1.8408027606975799
2017-06-14,0.057588820926530906,0.3100854234052929,0.9755808452649506,1.7435843340750479
2017-06-15,0.13827371553023846,0.41960356870733506,1.0778795499466791,1.826117135188499
2017-06-16,0.11957882632210506,0.4010460654738071,1.0631221839490927,1.8059618646362887
2017-06-19,0.13525088883784767,0.415613922586527,1.0685955261924462,1.7880778139282565
2017-06-20,0.10147239661998052,0.38424779112067975,1.046300524026802,1.768975579843015
2017-06-21,0.1551540787721886,0.4203107651346043,1.0612931199981044,1.757571803850323
2017-06-22,0.16160738684797663,0.42595501800773683,1.055800824859055,1.7410670852085657
2017-06-23,0.18879085083254823,0.44745177699144084,1.07081418056522,1.7485705737225972
2017-06-26,0.19483180866104408,0.4460332509328703,1.063756773124617,1.7500029024463748
2017-06-27,0.21191645121816258,0.48601736740297924,1.124887993771916,1.7930230434205832
2017-06-28,0.24909508692151114,0.546107971448121,1.1951337152505985,1.8357400393168994
2017-06-29,0.31509294108436176,0.6252936591482589,1.2845770448022034,1.92803090613153
2017-06-30,0.30740964830595335,0.6351983218801577,1.2971477828720874,1.9307359995312743
2017-07-03,0.3140178546538767,0.6456520062117884,1.3139009852116186,1.951329058276307
2017-07-04,0.2949298432448687,0.6205126133173727,1.2899414081324838,1.9386292203335702
2017-07-05,0.2682496605225315,0.5999358868068995,1.2978021509962354,1.9557916428510134
2017-07-06,0.32260897743219213,0.6667185837330676,1.3631399197562986,2.0163681278837315
2017-07-07,0.29269359090814,0.6413803717173766,1.347485110768694,2.0160323139190868
2017-07-10,0.2600319687972924,0.6112232093800817,1.3148293971746072,1.9733374771501304
2017-07-11,0.2702471134474377,0.6269688521085212,1.322373626572716,1.9746761771120545
2017-07-12,0.2697363861927053,0.6195271751085941,1.3050862029928814,1.9558034989192103
2017-07-13,0.28793314273133924,0.6418207630273599,1.3330434461191165,1.9764626536639862
2017-07-14,0.2930425635818882,0.6520440807216332,1.354160660011041,1.991692099042716
2017-07-17,0.2736333082861448,0.6207863766113084,1.3154024829830702,1.973413367882244
2017-07-18,0.2400855950506074,0.5656282511977786,1.2529873828700615,1.9275341789382014
2017-07-19,0.22694875763586583,0.5414895814298288,1.2240589889980609,1.8964451106219102
2017-07-20,0.25309173300576393,0.5626342904488131,1.2482886936946516,1.9203096311721846
2017-07-21,0.22754665832860568,0.5303954849093171,1.209649094871514,1.88767545235181
2017-07-24,0.23482184407035778,0.5375121016627342,1.2180277091468272,1.894193184251865
2017-07-25,0.26540426246414484,0.5856011924450112,1.2846208984780412,1.9510865083919553
2017-07-26,0.2319111660999083,0.5557839429798435,1.2631833845571667,1.9392280848397947
2017-07-27,0.20038397560394774,0.5203172103931349,1.2351709155668202,1.927396787132643
2017-07-28,0.20883466502046952,0.5407810618427763,1.2532567684030984,1.9336136608183516
2017-07-31,0.2289543636686696,0.5555130778723355,1.261307544484892,1.9356241639125906
2017-08-01,0.21760897399912604,0.54085103254765,1.2414199371952592,1.903994982532
2017-08-02,0.2362412963973389,0.5692355302844049,1.2737085161835404,1.935847872195643
2017-08-03,0.18730490972906524,0.5017367611752095,1.1919571193938208,1.8771667930483287
2017-08-04,0.20326017415989908,0.5148667693153293,1.2009290450789696,1.887730607239424
2017-08-07,0.17527942531307053,0.4865178307767367,1.173639568636697,1.861484464698693
2017-08-08,0.185904065720721,0.4971886122245658,1.1861196036027726,1.8667791344053455
2017-08-09,0.1699409333005616,0.4608322723598855,1.135316422049566,1.8198426839966777
2017-08-10,0.17378953612800593,0.45311786325679615,1.1110185546953764,1.797754525518549
2017-08-11,0.16580274806677842,0.4419665131184408,1.0969368658131546,1.791213819384708
2017-08-14,0.1762799688084552,0.45579597992144266,1.1145128941855449,1.8104435714756357
2017-08-15,0.18292469539877274,0.46419440741688067,1.1237843817935196,1.8244251432368463
2017-08-16,0.1932312374282822,0.48513383231177604,1.144257383921147,1.8482283525987466
2017-08-17,0.18701180989722932,0.4785791322443552,1.1339847383894837,1.8388973026327438
2017-08-18,0.17892843826602728,0.4680430502975982,1.1174342852012797,1.8236227846127961
2017-08-21,0.17621475243109516,0.46195235835160975,1.103902594106772,1.802689009344054
2017-08-22,0.16926406879460423,0.46498769487049785,1.122551872252615,1.8202739243929895
2017-08-23,0.1516490188284983,0.44141274468233666,1.089291218702469,1.7889266084188402
2017-08-24,0.1495372179833098,0.44334083237824523,1.0963889037987067,1.7937373973449298
2017-08-25,0.1351039738052837,0.4340846084488657,1.0924462388625833,1.7814819172455478
2017-08-29,0.11862755604267992,0.3985796767731467,1.0389675404128262,1.738384075271483
2017-08-30,0.13402030401692575,0.4226494883409456,1.0787977253143235,1.7814439256212844
2017-08-31,0.127023460409445,0.4194871163881948,1.0758396537627621,1.7727037445185039
2017-09-01,0.13967920889047364,0.43873273691846587,1.1042591511453472,1.7977971028449613
2017-09-04,0.14096888402441013,0.43423967490636184,1.1009941018136422,1.8072610029981022
2017-09-05,0.12969760495551672,0.40774648647681105,1.0609170766228218,1.7578745941418061
2017-09-06,0.11915229924274846,0.3983066475506437,1.0522449087557875,1.7446719114205722
2017-09-07,0.09847189352879715,0.36833392348259475,1.00652535539884,1.6988414975151473
2017-09-08,0.13209358204028396,0.4085264174804248,1.0420843415096586,1.722441642736009
2017-09-11,0.17633303920658872,0.46228014704132275,1.086716854332588,1.767026907946519
2017-09-12,0.25025636938833157,0.5574417288389585,1.19228154270376,1.8703411420599803
2017-09-13,0.2536450414111588,0.5570458503453333,1.1947434448410292,1.872941209277033
2017-09-14,0.33506844987245754,0.6455315799767175,1.2660216876999797,1.9233832568926372
2017-09-15,0.41575896155749215,0.7466436970357393,1.3642988335541468,1.9788080108604151
2017-09-18,0.3912564763889902,0.7281200553895778,1.3477047422670916,1.9686562904267146
2017-09-19,0.38938133808446035,0.7443666581192384,1.373563558667471,1.9914500369857857
2017-09-20,0.4092074466768423,0.7459069824348117,1.3754698027231995,1.9796403169835313
2017-09-21,0.42986619469698517,0.7782764389195846,1.4109090304240324,1.990669763045566
2017-09-22,0.43042886229171945,0.7764726916579991,1.4051725747744293,1.9911408410874043
2017-09-25,0.4123439782616525,0.7537586155770024,1.375554231462624,1.9607282080761104
2017-09-26,0.42572548945800615,0.7638589694611835,1.3768699207697954,1.9594801940288984
2017-09-27,0.4447179719193013,0.8028230108068402,1.4230455209480224,1.996381314651397
2017-09-28,0.44083538627383334,0.8014186365006768,1.4234226921050934,1.9895679933796602
2017-09-29,0.4337256444963861,0.7838915408647684,1.4008522004554151,1.9661465854554372
2017-10-02,0.4128519564201215,0.7585662839151092,1.3685290434102166,1.9369215990234858
2017-10-03,0.4329421377919703,0.7823430210521282,1.399641841181849,1.9658030964975117
2017-10-04,0.43361960947294104,0.786667321758469,1.4121758052956308,1.9881095202613135
2017-10-05,0.44445978150603205,0.7958675069668366,1.4294033020290595,2.0199962905874185
2017-10-06,0.40713426385087326,0.7690977517089825,1.4103447430417335,2.0044362350087153
2017-10-09,0.407219480977173,0.7610017691321408,1.402587515547911,1.9993730968857364
2017-10-10,0.42707678100589347,0.7775626006522145,1.4096037141728568,1.9959797377393476
2017-10-11,0.44431243863271047,0.7939809739022925,1.4223458302587049,1.9984505890016453
2017-10-12,0.4565981034151598,0.8050292467083695,1.4220761191344917,1.9909068474447689
2017-10-13,0.46023427257286226,0.8081569098666783,1.4111270961270828,1.9666996601555193
2017-10-16,0.44411549688272206,0.7881340694672769,1.384828425497952,1.937921875783583
2017-10-17,0.40314876610783884,0.7343518526916962,1.3289858603177822,1.8991307274539397
2017-10-18,0.42832130171117444,0.7647084532700897,1.360446921091628,1.92449843967279
2017-10-19,0.4012597728031017,0.7303167693807039,1.3206112917680335,1.8936981602201859
2017-10-20,0.4303002705759249,0.7739255647987455,1.3794000900137688,1.950788877492915
2017-10-23,0.4213864966530485,0.760795536822614,1.3586231613975814,1.9295544951053094
2017-10-24,0.4516600154979491,0.7999348461521485,1.4039051888180973,1.959076820207938
2017-10-25,0.49781537419030997,0.8589949510040441,1.4642685745273796,1.9949422818150366
2017-10-26,0.483520292050386,0.8453082765603795,1.4558949853368204,2.0020910343672638
2017-10-27,0.45567544302400653,0.8077697239492011,1.4120536012631404,1.9730966588278747
2017-10-30,0.4385247697798949,0.782916975923767,1.3846482464831262,1.9532349360941612
2017-10-31,0.4507906635701556,0.7923291953638917,1.389352540839488,1.9445544665951495
2017-11-01,0.48075515790060575,0.8228897751947398,1.4025278960647238,1.944533280985851
2017-11-02,0.39200652044182654,0.7193477993156769,1.3184945524529945,1.895231431768789
2017-11-03,0.42912829850751333,0.7314689351512865,1.3204361120793207,1.9132391140192058
2017-11-06,0.4265008786614809,0.7274831155056896,1.3134523808956622,1.9031305425054355
2017-11-07,0.42189113252129745,0.7167144850745368,1.2962502078517801,1.8800171796458962
2017-11-08,0.41563065409883426,0.7002579531112627,1.2656777576994556,1.835177889535441
2017-11-09,0.4438614255849391,0.7445346667674299,1.3191362571294116,1.8805649862253664
2017-11-10,0.4700756360016922,0.8075764808500303,1.3990110941031109,1.9501686530410822
2017-11-13,0.4698063771744555,0.8017667092077583,1.389893834423731,1.940378887987606
2017-11-14,0.45219422979143303,0.7803845507238855,1.371856101144818,1.9358603325676471
2017-11-15,0.4517557248441766,0.7648321535647009,1.347420446005619,1.9143462580457802
2017-11-16,0.46719536055924593,0.7832601951334187,1.3618571022261419,1.9192896209003536
2017-11-17,0.4632381885301419,0.7895816217116016,1.3626156073587437,1.9122836057481283
2017-11-20,0.4552804964405295,0.7758531862024746,1.3404940295776462,1.8763731363047313
2017-11-21,0.45929925660087206,0.7740558132438256,1.3293504064649668,1.8613094131980283
2017-11-22,0.4459145832289041,0.7727670693635562,1.3340178198411796,1.8804167461596644
2017-11-23,0.43190419763016097,0.7464019803986338,1.3070258183678702,1.8627355004000752
2017-11-24,0.4365759621625803,0.7492953189225123,1.305983200532886,1.8426048634309926
2017-11-27,0.4472189441188791,0.7604854551389029,1.316990987767337,1.8602393153789576
2017-11-28,0.44929536826482086,0.7612879989451385,1.312444734565763,1.8637591915534493
2017-11-29,0.5070460095734372,0.8510786311491627,1.409158798238686,1.9387795445272533
2017-11-30,0.4952891590233562,0.8268809636723649,1.3843602235343,1.9215685095830486
2017-12-01,0.41924886504371445,0.7352121573813902,1.2824858404347417,1.8420499130524697
2017-12-04,0.4838903176309099,0.7945134763430891,1.3420355954806928,1.8976507725297798
2017-12-05,0.4795869918279254,0.7807146461684893,1.322851994174997,1.8787553979653322
2017-12-06,0.47037672657820156,0.7612169171930729,1.2891385524610848,1.846330360626844
2017-12-07,0.4842638148398967,0.7789587065950052,1.313531624533655,1.8792276293182941
2017-12-08,0.4807597697798729,0.7976234762885521,1.3401056598189975,1.8976170025975647
2017-12-11,0.4380761324985142,0.7338243205936255,1.2652027266289936,1.836355428010897
2017-12-12,0.44751740329461764,0.7536918282507752,1.288468594365247,1.8490052515422002
2017-12-13,0.46232354197535197,0.7608466978880196,1.2803435550561382,1.835939232457967
2017-12-14,0.4297321230612101,0.7298304950852629,1.2378853059381583,1.7755628304872244
2017-12-15,0.4334092276957589,0.7261074751409147,1.2214625828506396,1.7610437943354995
2017-12-18,0.42629807267745723,0.7210503092649817,1.2113342133970417,1.7531543934115636
2017-12-19,0.4469543942680924,0.7614209830731256,1.2727987567744161,1.8289612534841928
2017-12-20,0.4684378175065306,0.7968171072005179,1.3281070856306654,1.887509042609097
2017-12-21,0.4567803090152105,0.7939996411326639,1.329595384062273,1.8889893509508755
2017-12-22,0.43800812363520814,0.7739059650018483,1.30735150934685,1.8682940077843067
2017-12-27,0.4098164724903797,0.7279761429542393,1.2405398894748632,1.8133204050122547
2017-12-28,0.42910484727319353,0.7500796919886812,1.2655969556395197,1.8232043133398785
2017-12-29,0.4249838632899032,0.7444086734687028,1.2579988660970978,1.805530695333854
2018-01-02,0.49064940985659117,0.8218630654424544,1.349779670159435,1.883470072096376
2018-01-03,0.4599242191117275,0.7693634909546537,1.2874458961007764,1.8183046720719465
2018-01-04,0.4863523424607145,0.7896768593549373,1.3083995288587915,1.8294538692939655
2018-01-05,0.48981362417615987,0.7907445905089892,1.3109055496640747,1.8273277228371707
2018-01-08,0.493597891859128,0.7884025848624578,1.2968448911054342,1.8042597876161608
2018-01-09,0.5249609964505154,0.8299560248809126,1.3490451760385125,1.8491952957394164
2018-01-10,0.5332454783941527,0.8385166189005986,1.3618219331066999,1.8594481958756799
2018-01-11,0.5614857613123664,0.8677534957366285,1.3865191794223146,1.868639610529754
2018-01-12,0.5968783874893684,0.9020938064547901,1.4083062721483572,1.875559341348301
2018-01-15,0.5992955037519822,0.8960002279157093,1.3918298177996427,1.8506357873069856
2018-01-16,0.5890099456892464,0.8802747906104453,1.3765840745277929,1.8515552648194553
2018-01-17,0.5750259064341052,0.8746181630506591,1.3704870915234406,1.841922073949261
2018-01-18,0.6098004629526015,0.911837399956308,1.405555487986181,1.8696796551485977
2018-01-19,0.5889005968981705,0.902677514860524,1.4089074910249444,1.8789122980271245
2018-01-22,0.5882266308532343,0.914022685906146,1.4246007380987813,1.893535939423342
2018-01-23,0.5958354892410676,0.9182792911541281,1.4254038206913866,1.8866290185563173
2018-01-24,0.6263264051874428,0.9682595313934055,1.479133272321816,1.9197465374722291
2018-01-25,0.6345842607928158,0.9738556930505913,1.478820110326821,1.9128888910473492
2018-01-26,0.6612547597059951,1.008406606377501,1.503068820341619,1.9211318274607514
2018-01-29,0.670708173824903,1.028466013848646,1.5221870019432855,1.9126179045806961
2018-01-30,0.6578984323183753,1.018736179028962,1.5242310602776914,1.9262690546741552
2018-01-31,0.6883112475020711,1.0427309595045984,1.547697149443371,1.9469538903511852
2018-02-01,0.7053064854997976,1.0712753752511144,1.5794811105709716,1.953979790756852
2018-02-02,0.7133030329642618,1.1034702710085038,1.6245589916114582,1.9694522375481338
2018-02-05,0.6974507000542209,1.0915114201831888,1.619198347131821,1.9728300874117226
2018-02-06,0.648564438922433,1.0312123964747548,1.5722518066235671,1.9536155918553526
2018-02-07,0.6691800890841977,1.0551452798161862,1.5971902027549683,1.9741611224451616
2018-02-08,0.7481894264007782,1.1583780747320995,1.6781913281628498,2.0080321057278714
2018-02-09,0.7332489797067685,1.1331872287997498,1.6486665832150695,1.9753749811166443
2018-02-12,0.7356019316481902,1.1383746876731655,1.6513465978430077,1.9787571352399675
2018-02-13,0.7547522668093781,1.1606351225757345,1.672577454900571,1.9966121363905869
2018-02-14,0.7560421319008179,1.1666584199898264,1.6852395389685089,2.0191973120483686
2018-02-15,0.7569789033882229,1.1777573643870032,1.7105084346246144,2.053894893396142
2018-02-16,0.7123548064584911,1.116592138456092,1.6442176046021175,1.9834299037067171
2018-02-19,0.7223635231542451,1.1288417216767872,1.6607023883179983,1.9940889753546072
2018-02-20,0.713917348925116,1.1085681210913747,1.6306400471486033,1.960801877645053
2018-02-21,0.7191376888994097,1.1006630940432673,1.613124608080741,1.9445803317355153
2018-02-22,0.7260414615473536,1.0971056024993688,1.6074957522157365,1.9431222563063153
2018-02-23,0.7344730844553468,1.0865017937417483,1.5890390956727845,1.9281839053854737
2018-02-26,0.7383209201352039,1.0795962107059238,1.5746474277895628,1.9127820668828321
2018-02-27,0.7632719706466067,1.1181181547032415,1.619616461885619,1.9492522969270405
2018-02-28,0.7304962906412799,1.0755379194772179,1.5737634647930465,1.9053801825257526
2018-03-01,0.713157507536515,1.0414818875347875,1.5350350346655213,1.8791105171963858
2018-03-02,0.7193913033797497,1.0355596984314146,1.5274579141450217,1.87692170103576
2018-03-05,0.7419954749415145,1.0629306125880376,1.5599508272815377,1.9089344296146658
2018-03-06,0.7469933602092945,1.0890091734958252,1.5895411274552427,1.9317159955876657
2018-03-07,0.7432324223934486,1.075874485414004,1.5671704768047596,1.9052124223087437
2018-03-08,0.7439063172796577,1.0684836614916944,1.546940300505513,1.8947912928029553
2018-03-09,0.7740771370208985,1.0874839680085922,1.571372021868845,1.9305100982550982
2018-03-12,0.777457669743434,1.0890458302589021,1.5721374895673708,1.9353177480193393
2018-03-13,0.7773125029134694,1.0813143062143469,1.5537908250352745,1.8895271249275014
2018-03-14,0.7411526401307102,1.0355582228085265,1.4955769491443731,1.8194446546264271
2018-03-15,0.7492517460821179,1.0473042452791155,1.502083480065129,1.8053408454830204
2018-03-16,0.7580131434033203,1.056029113655944,1.5029116255442931,1.7953957479986853
2018-03-19,0.7741119840521217,1.0705878705003742,1.5081397387778084,1.770194371599556
2018-03-20,0.823995323622009,1.1241501285436395,1.5520550712659715,1.773752530666478
2018-03-21,0.8678078214872638,1.1828296655920383,1.5971409770147342,1.7885201831300819
2018-03-22,0.8210293836690783,1.0972932490569043,1.482150171791788,1.7053280314521495
2018-03-23,0.8374442813438316,1.122733742382708,1.513078764834177,1.7456815111771506
2018-03-26,0.838593558147772,1.1258951796438539,1.5139097547327562,1.7361677158424955
2018-03-27,0.8232150957189102,1.1024900073916641,1.4839736077519867,1.731668077773345
2018-03-28,0.7733664451899334,1.040815030893382,1.4360512706910904,1.7119965604499114
2018-03-29,0.7692531051528539,1.0304480193577747,1.4240141350483408,1.7063670540068372
2018-04-03,0.7806661013182251,1.0400543255678447,1.4325330392437996,1.7326541364176393
2018-04-04,0.7896588379827094,1.0481611270121822,1.4439400156918818,1.7628958646790318
2018-04-05,0.8163081353035482,1.0869944302272518,1.491076579777143,1.8016926264135054
2018-04-06,0.8081757946193886,1.0756933066329752,1.4727797332125099,1.7806390135653067
2018-04-09,0.8204611983564798,1.08782813649351,1.4831920772807377,1.7845073332945731
2018-04-10,0.8361799042057725,1.0989924088536678,1.4960050890680232,1.8148744797605327
2018-04-11,0.8304013101822392,1.0832385896294332,1.4621156822940993,1.7563198685145331
2018-04-12,0.8546407822692266,1.1273039383457966,1.5199413413383858,1.8052362599417564
2018-04-13,0.8498807514498892,1.1236183113108926,1.5113577074524254,1.8059926366644516
2018-04-16,0.8642265787957069,1.1457249959828173,1.5407945514946342,1.83595775471651
2018-04-17,0.8364416696437745,1.1236384919167461,1.5242284942029647,1.829420218989533
2018-04-18,0.796840070933075,1.0843725115419585,1.5014533167725284,1.826685091060626
2018-04-19,0.8425813320838641,1.1546622284740404,1.5915933379646323,1.89893905518552
2018-04-20,0.7856892949678264,1.1131076119719894,1.5762228552248372,1.8974597543161196
2018-04-23,0.7920703860760538,1.1262883334257696,1.6058047380895704,1.9339950718753296
2018-04-24,0.8174392842893292,1.1547589513454617,1.6236570933708339,1.9468142765319043
2018-04-25,0.8319863004958887,1.1693408030780554,1.6220237903163361,1.9249841424114151
2018-04-26,0.8310651496415454,1.152532646920519,1.5865002330865592,1.8869412643820236
2018-04-27,0.7505559769170612,1.0797704854601542,1.5348784515500775,1.8618856602111624
2018-04-30,0.722712499519251,1.0485026732050187,1.5083739259950029,1.8334914535083184
2018-05-01,0.7241123902426633,1.039334632967957,1.4920161477116405,1.8258115789279117
2018-05-02,0.7693539291912416,1.089941565253683,1.5436021627907297,1.8768068929699053
2018-05-03,0.7096555508315913,1.0264403944214706,1.4826329301768015,1.8202464034270682
2018-05-04,0.7256437192615363,1.0415653099450832,1.4874211016291108,1.8266325589014276
2018-05-08,0.7520696343803769,1.0816152030558928,1.531180354235209,1.8651894082285159
2018-05-09,0.772459165813956,1.109051032476366,1.5577399713124453,1.8755763627811974
2018-05-10,0.7249658589806036,1.0580098398307412,1.516533136655004,1.8574901504799841
2018-05-11,0.7422353785709721,1.078252740189239,1.5402995344349706,1.8802105302186782
2018-05-14,0.7604758606319356,1.1069413734761793,1.5737247620100088,1.9030562833063136
2018-05-15,0.7812184178128875,1.1410167907155084,1.6068346641416131,1.9171390212946546
2018-05-16,0.7651826741868184,1.1241831214679272,1.5960126824405578,1.9037397080171554
2018-05-17,0.8030743959861392,1.1779598722022844,1.652614747459867,1.938515687992284
2018-05-18,0.7590306128431968,1.1232982025382878,1.5961135278792626,1.9076505706581008
2018-05-21,0.7505437052122504,1.1113878335777816,1.5858982267982549,1.9081791741867895
2018-05-22,0.7734250694048717,1.142341435783546,1.6179767464358217,1.9288499210512646
2018-05-23,0.7116664462088265,1.0634699391010796,1.53158378503131,1.866652174586768
2018-05-24,0.6898313720674905,1.03616743690117,1.4967471363598561,1.8411860685143295
2018-05-25,0.6521111855392384,0.9811918465773226,1.4360113015516691,1.7846774282512048
2018-05-29,0.577948020472753,0.8932917731102344,1.3392589049543706,1.7193399111873344
2018-05-30,0.5627413912798269,0.8812369027653639,1.3354502897319984,1.702063452636781
2018-05-31,0.5550936333710729,0.8774066227787879,1.3334710905540998,1.6992816014730578
2018-06-01,0.5862674104655657,0.9222475982965175,1.3899780140657803,1.7572834427677149
2018-06-04,0.6154572579897662,0.9488642457613599,1.4091850194838709,1.7685623473656698
2018-06-05,0.6237044073959137,0.950678957391149,1.4001243902346738,1.7661593198056011
2018-06-06,0.6866084829756164,1.0326940348885003,1.4963762147982647,1.8629695628759346
2018-06-07,0.7041961923092285,1.0529331333346703,1.5223077448409232,1.8848612845899226
2018-06-08,0.7045281783963625,1.0457857535028698,1.5073999880602582,1.8723423456578419
2018-06-11,0.7009484647545458,1.0506191124642799,1.5215409489449196,1.8801603702904013
2018-06-12,0.6980666355390251,1.0422687556142902,1.5037801346934396,1.8543253517876663
2018-06-13,0.6893095631194268,1.0169284433687804,1.4695629004321529,1.8079307759460932
2018-06-14,0.6772799269970026,0.997093584002806,1.4361587456412246,1.7601842792331632
2018-06-15,0.6680972095400123,0.9858741150909752,1.4268280473153148,1.7736481241233675
2018-06-18,0.6749861663290937,0.9914866063369898,1.4359086712198919,1.7883419080081635
2018-06-19,0.6584031217489595,0.9593364777091683,1.3957755882373724,1.764212627923876
2018-06-20,0.667070353348674,0.9677513637409902,1.4074722204958046,1.7814157832466304
2018-06-21,0.6802141747681015,0.9693567049047465,1.3909995526762362,1.755819053881539
2018-06-22,0.7177522475362489,1.006423150441679,1.4256133363355428,1.7816424487448548
2018-06-25,0.6992557346837389,0.9875779596369391,1.4136931530004986,1.7919083074343374
2018-06-26,0.6942355312223041,0.9823167335399816,1.4128716715861356,1.7772088608167163
2018-06-27,0.668749381789473,0.9447402965461713,1.3648486554090977,1.7397576005212037
2018-06-28,0.6624322761734864,0.9435482871988133,1.3711785466596234,1.7393246836345406
2018-06-29,0.6860578484680419,0.9685668278110491,1.3910237858932288,1.7511344608898693
2018-07-02,0.668288623705952,0.9460071155339659,1.3700535651663293,1.7412507431700248
2018-07-03,0.6586826432347186,0.9301394242474293,1.3574809818599132,1.720513289556973
2018-07-04,0.6929478637716618,0.9650781255176518,1.3905178597572585,1.7495491702922121
2018-07-05,0.689104794712319,0.9559574173059813,1.3683316368797716,1.7267444242859742
2018-07-06,0.7104576527762342,0.9723246734602284,1.37357714695965,1.7254170699246751
2018-07-09,0.6997452565415399,0.9794269886249996,1.3878335168723268,1.7294962388457413
2018-07-10,0.7271780880107948,1.0058708253516977,1.4114320723781622,1.7525618435385417
2018-07-11,0.72829574073643,1.003520204093895,1.411743324458023,1.7506229981069794
2018-07-12,0.705963569044951,0.979956197603209,1.3904070382038474,1.7330736117021401
2018-07-13,0.7147441835877125,0.9808177189877025,1.3866511996653303,1.7434988724604206
2018-07-16,0.7334593426958691,1.0004513748659476,1.407853183171478,1.7638958578041657
2018-07-17,0.7220493377657092,0.9773006994957937,1.373945940742517,1.7396920968125573
2018-07-18,0.7046944547509567,0.9427166789571768,1.3405192832434116,1.7232201194182926
2018-07-19,0.6907769311064458,0.9140056091202938,1.2979856410099222,1.6820252555563264
2018-07-20,0.7013990176775364,0.9475195265807006,1.3450064294278945,1.7104058758830818
2018-07-23,0.7219483668899793,0.9757349087134605,1.3776876945948298,1.72890945593986
2018-07-24,0.7198243289798522,0.9746674739666059,1.3761666166656128,1.7228714744732634
2018-07-25,0.7244000196758725,0.9788985210635112,1.3774924642265245,1.7154195229190006
2018-07-26,0.7289667303624837,0.9896109332580034,1.3916882993254425,1.742514189314492
2018-07-27,0.7327835179683221,0.9913923316769088,1.395111498648339,1.7535844451949318
2018-07-30,0.7581174119643449,1.0425868628107156,1.4642431150299142,1.8149357322954878
2018-07-31,0.741889134507809,1.0236244797784297,1.4422257542998829,1.7866457661857245
2018-08-01,0.7715822403390857,1.0754678395978885,1.4983610221684693,1.8247240443108248
2018-08-02,0.7675708167997369,1.070553350219734,1.4897070094733975,1.8219288330561585
2018-08-03,0.7224335572466143,1.0195891327365703,1.437562242138457,1.7899858650047311
2018-08-06,0.6996930880847004,0.9950385367784218,1.4123762007787026,1.7647185546841968
2018-08-07,0.7102157295841132,1.0185462684900732,1.4445189744974072,1.7825584149325069
2018-08-08,0.7174218419127735,1.0130227656991118,1.4327528364269413,1.780466597936811
2018-08-09,0.7151636658620399,1.00472740825291,1.4177632551102537,1.7759921552921305
2018-08-10,0.6787439881641005,0.9566627967781903,1.3650024640433096,1.7366206834231686
2018-08-13,0.6939791189621789,0.9756289330409225,1.3832349553557306,1.7546868447969106
2018-08-14,0.6951616834306219,0.977060547949511,1.3833828862727682,1.7538255610433422
2018-08-15,0.6721155121147824,0.9395190348202751,1.3393981808087845,1.7218783511570563
2018-08-16,0.6813089835948004,0.9481493984183759,1.3507613301282773,1.7318981060605758
2018-08-17,0.6940898980295666,0.9515508565588897,1.3497327771591443,1.7391024364025491
2018-08-20,0.6897935041143078,0.942998861013384,1.3357405849129127,1.729396876907933
2018-08-21,0.7109417462505844,0.9800414566447768,1.3866917960053011,1.7720146224281297
2018-08-22,0.7186565427074733,0.9852899122856794,1.39345479313342,1.7751283358191945
2018-08-23,0.7200996711463274,0.9866443318932241,1.3958510039258338,1.77965575293375
2018-08-24,0.7166327882000165,0.9856597569178636,1.3958266309548797,1.7855503550049743
2018-08-28,0.7314577389660984,1.0111865441659345,1.4268954635895994,1.8075631708687334
2018-08-29,0.7683810698547558,1.0593121107916206,1.4709618390413857,1.834742251103887
2018-08-30,0.7459395723129455,1.0361502553035247,1.4348688450474572,1.8106460839584315
2018-08-31,0.7329233678307934,1.0147680665221857,1.411642417704637,1.796219708389118
2018-09-03,0.7274079962252413,0.9959405123493316,1.3868903505721115,1.782396859861645
2018-09-04,0.738352123054959,1.0043623277918736,1.4062878051640024,1.8119999894988936
2018-09-05,0.7619817026989241,1.0386368897198095,1.4508884742415993,1.858128356514867
2018-09-06,0.7308570058462651,0.9953671687530742,1.399809218828788,1.8072222720668458
2018-09-07,0.7523812293561983,1.0247900042330875,1.4387607966847427,1.8391674137807252
2018-09-10,0.7633459230111846,1.0355397888012967,1.4531020590652375,1.8562668331101293
2018-09-11,0.7933966383132661,1.0704167189050904,1.48335229432206,1.8798275317216693
2018-09-12,0.7950236821142048,1.0643241961614782,1.4680934542361779,1.8766829983985356
2018-09-13,0.806560828362283,1.0816979576254477,1.4862599723460117,1.8909778552128187
2018-09-14,0.8166731173931407,1.1045217813598833,1.5074234602931336,1.9006774164211608
2018-09-17,0.8199395641538061,1.1142417057215712,1.5160595587719885,1.90773313269081
2018-09-18,0.8167363842280037,1.1282803469581568,1.546697296943322,1.9420782301779282
2018-09-19,0.8482729310584898,1.173074867477855,1.5955364065653037,1.9894615061181962
2018-09-20,0.8416119273768344,1.1636254649446438,1.57691307184461,1.961560584610526
2018-09-21,0.8175732194655851,1.1286308012933126,1.540867760117592,1.9289084137073442
2018-09-24,0.8381749341855528,1.1678750478519677,1.5954209211488801,1.9841994359072028
2018-09-25,0.8479744224447692,1.185826280600636,1.6188707841544954,2.0120983294279884
2018-09-26,0.8257154337116667,1.157944112749439,1.585857067765984,1.9759832982616528
2018-09-27,0.8407551101662901,1.1643480966311286,1.5842839238263275,1.9633161231843188
2018-09-28,0.8357393546666138,1.1515685962988322,1.5680015725042753,1.9470110942876773
2018-10-01,0.8304556783607198,1.150084337412085,1.5707288231539551,1.9528679191151848
2018-10-02,0.8099701708431696,1.1123946353446352,1.5306828016683585,1.9385408793638836
2018-10-03,0.8299842367217827,1.1338707103306649,1.5550539852653915,1.9570692861830965
2018-10-04,0.8861152700173122,1.2227518365991163,1.6529903851848746,2.0223991111941526
2018-10-05,0.9196567300619098,1.2666419234678654,1.702054956036815,2.0642524651579572
2018-10-08,0.901430593842939,1.24205218507633,1.6747719761414523,2.031495916634076
2018-10-09,0.9015565400568945,1.24068077056919,1.6778349074708938,2.071001197410541
2018-10-10,0.918893002345428,1.2690028048802229,1.716015540739298,2.1203117998202288
2018-10-11,0.885767597430535,1.2290481882491147,1.673984302406583,2.1180378306824728
2018-10-12,0.8474301505451362,1.1852046553891609,1.6326950176627086,2.078619561999137
2018-10-15,0.8204657237462236,1.1522384306285562,1.6028667882725405,2.06386461454452
2018-10-16,0.8266008074794329,1.1606779741543936,1.6108186442043202,2.04705450383813
2018-10-17,0.7984405639869553,1.121934049860236,1.5619315149637858,1.9910292975717347
2018-10-18,0.7872471002383752,1.1108839662780314,1.5544202263171067,1.9948778413925743
2018-10-19,0.7999326491734077,1.1189161304229813,1.556389177197817,1.9852261944736576
2018-10-22,0.7648253390284192,1.0770308536361317,1.5142256921677897,1.9579639093843693
2018-10-23,0.7562537204226643,1.052936541042717,1.4749378973098168,1.9259717555707883
2018-10-24,0.7446210815987909,1.0210409633188902,1.443333943909405,1.9164940104567263
2018-10-25,0.7380957251719562,1.0081795428552671,1.4286134463668891,1.9135395391953354
2018-10-26,0.6994922438386922,0.9444477975192778,1.3595048633021174,1.877415434355589
2018-10-29,0.7082568817181797,0.9618365007438419,1.3875051230156736,1.8920485260856055
2018-10-30,0.7190840600691379,0.9748923685308549,1.393151694968263,1.867791474905628
2018-10-31,0.7453874893128666,1.0134834886294977,1.4321757669047381,1.903921232478725
2018-11-01,0.7651414070509949,1.0330453776981758,1.448770378995293,1.9014318702923902
2018-11-02,0.7989468620600456,1.0718834171957632,1.4887440762304316,1.9306053916189074
2018-11-05,0.8023397853349783,1.076778008586135,1.494683235709281,1.9407254959627522
2018-11-06,0.8149432751290733,1.1001912072641173,1.5312381034907978,1.9744086687185267
2018-11-07,0.8182228263533944,1.1034804451075755,1.5302789915677342,1.9827131020287971
2018-11-08,0.848360211012669,1.136866739339714,1.5634569788503228,2.0155530355091
2018-11-09,0.7965441023982371,1.0757073023153199,1.5002390822013723,1.9726437866976554
2018-11-12,0.7463381947115625,1.012577270486742,1.4433316232552673,1.9429332102348496
2018-11-13,0.7957937822763831,1.0728298843706,1.5125466843797608,2.0074587827479045
2018-11-14,0.7872450658554346,1.0610268270394583,1.5092392181638037,2.028998765578143
2018-11-15,0.6950259597412447,0.9219860663318666,1.3785460078179619,1.9916458427863535
2018-11-16,0.7208428340040507,0.9590655287256947,1.4229344305869216,2.021289437339658
2018-11-19,0.685977427195694,0.9194416708064033,1.3858525742784709,2.0134462718146513
2018-11-20,0.7055076828249613,0.9306077555259737,1.3967467498111352,2.0297112946924742
2018-11-21,0.7297729602991107,0.947087824125991,1.3962642558577305,2.012685677421316
2018-11-22,0.7562179199577005,0.9817799645347398,1.4234191592628789,2.0199147331177514
2018-11-23,0.734736522428752,0.9494900774865742,1.383527341370093,2.0004255131700956
2018-11-26,0.7671026275261434,0.9809823993702069,1.4169634893929637,2.038142523117617
2018-11-27,0.7640221328265341,0.9645553344955491,1.3962864691324892,2.059916493684523
2018-11-28,0.7460393081630071,0.9479483656856527,1.3924139397742128,2.099166932350873
2018-11-29,0.7297572665154809,0.9219182095017138,1.3567124471117378,2.086538794889615
2018-11-30,0.7462964576630804,0.9317909729944416,1.3685221031079293,2.1530477718478447
2018-12-03,0.7185378722499371,0.8996328269388215,1.330570538033919,2.098221278466337
2018-12-04,0.7164337462640709,0.8839767398937253,1.295890489324255,1.9978553616038668
2018-12-05,0.7427241228936475,0.9139361910172624,1.322316399616185,1.989224264934379
2018-12-06,0.7070213435305589,0.8520220768403812,1.2351423977211968,1.8830266124332506
2018-12-07,0.7215659200126321,0.8805179400704889,1.271367699381055,1.8718030419948024
2018-12-10,0.6465868218411381,0.794694594491334,1.1653386056792063,1.7021310788066557
2018-12-11,0.6779772295483222,0.8210366334298907,1.1970546788469938,1.75941215248256
2018-12-12,0.7165878710812296,0.8817670202406926,1.2796610931755958,1.8654687206201104
2018-12-13,0.7343831034748357,0.8950874883737134,1.283711270193248,1.8588753094303478
2018-12-14,0.699292960943857,0.8595816314611009,1.2472470620453993,1.8307524243742166
2018-12-17,0.7286718075179771,0.8939825422199613,1.277956520321188,1.8432594573944
2018-12-18,0.7472447670667187,0.9193308033439124,1.30275119768963,1.8462723453800889
2018-12-19,0.7175441500405303,0.8952798994935784,1.2958270045291853,1.8615019155343526
2018-12-20,0.7132958336869742,0.8811923415664337,1.284978362135966,1.8365884999811992
2018-12-21,0.7549811591000359,0.9286126697884466,1.334846463751353,1.874552385818491
2018-12-24,0.7096924740492984,0.8791843889653388,1.2783497714207692,1.8196212993531156
2018-12-27,0.7483145287988863,0.923276226034881,1.3273357008470288,1.8673773446995188
2018-12-28,0.728460633609453,0.8958077567104891,1.2898158268812965,1.8432017624874646
2018-12-31,0.7302385543068562,0.9068587467262846,1.3052381764943317,1.8677043690835726
2019-01-02,0.702492547935098,0.8503596140274556,1.241260410188732,1.8364644385217865
2019-01-03,0.6817267358105119,0.8288451630110076,1.2069963473152368,1.8035423592330124
2019-01-04,0.7357067175901574,0.903127267950525,1.2920003519983276,1.858688238811762
2019-01-07,0.72993832345148,0.887330297751417,1.2645116516644335,1.8201990306210691
2019-01-08,0.7380719199613982,0.9030115444842485,1.2869053600369718,1.8482075864541139
2019-01-09,0.7198139507717085,0.8851765806284103,1.2649050192695668,1.8049780418941899
2019-01-10,0.7488807213330358,0.9150743142300517,1.295216568235372,1.8299440640906561
2019-01-11,0.7827437725832979,0.9455444936324404,1.3170449721594335,1.8745495174482596
2019-01-14,0.7897146168846472,0.9490788833722148,1.317086840302157,1.8547462125099956
2019-01-15,0.7782577430554534,0.9232260836971881,1.2829415123751253,1.816764879514518
2019-01-16,0.8066249490342996,0.9702404414872449,1.3351617217315375,1.8443647910164047
2019-01-17,0.8066950207958872,0.98292905320725,1.3607849710091124,1.8830232355212817
2019-01-18,0.8002104423895288,0.9887691512513144,1.3779966164103947,1.8994604377058417
2019-01-21,0.7829605455862192,0.9628425210402474,1.3489436014107414,1.8696760099770342
2019-01-22,0.78289651642119,0.9598393876328665,1.3491480076872546,1.8716387800770464
2019-01-23,0.7915280106449435,0.9683206443200094,1.3490493918906221,1.8439588971305507
2019-01-24,0.7582220877856227,0.918573443739159,1.2905440579119165,1.7984086163761719
2019-01-25,0.7904652302882098,0.9555094952503236,1.3318723041682496,1.819649179228937
2019-01-28,0.7632342295121824,0.923457380573773,1.297541486069267,1.7795323706318948
2019-01-29,0.7639042711943355,0.922680119262588,1.2939665426153093,1.7780419028234535
2019-01-30,0.7662071242936273,0.9207943804247876,1.2873560202855272,1.765430037864763
2019-01-31,0.7444745497935644,0.8884544159914197,1.2543465100527595,1.7596172689564855
2019-02-01,0.7506647212204143,0.9012183980548581,1.2743630311010252,1.7774783564440388
2019-02-04,0.7704977226905007,0.927746971255343,1.3058612156433371,1.8152502243562523
2019-02-05,0.7315932609893057,0.8853740976083566,1.2558975419023315,1.764574636019139
2019-02-06,0.721766137327587,0.8710140135041895,1.2447417379869112,1.7540419760659327
2019-02-07,0.6978742294217072,0.8311075872331923,1.2027155281791986,1.7347883226579657
2019-02-08,0.6861356533274598,0.8067071949664075,1.1728622843011232,1.7046158499029442
2019-02-11,0.7022947334997077,0.8298481875797116,1.1969522884891939,1.7136505142670726
2019-02-12,0.7151854880080161,0.8447022192341397,1.2117855481637878,1.7292226765766578
2019-02-13,0.7182062189251371,0.8474740088307297,1.2137325946829145,1.7269329411404064
2019-02-14,0.7038098589618376,0.8122058201961627,1.1729528758528711,1.6965004517473534
2019-02-15,0.7066731051514693,0.8289139947401252,1.199209360984083,1.7171305181390282
2019-02-18,0.7103449422055789,0.831955580818516,1.2007881984506168,1.7179433650896458
2019-02-19,0.7209291859394817,0.841799504054482,1.2094009265545815,1.7376482688627268
2019-02-20,0.7240576195612797,0.8486762400990007,1.2152813528481017,1.7392628592013504
2019-02-21,0.7408374975115006,0.8752711324626695,1.242327490053542,1.7462278742569486
2019-02-22,0.7243315828797955,0.8383388794576458,1.190574974337702,1.7137727363777988
2019-02-25,0.7394697487663966,0.8551676362140219,1.207504742334913,1.7453071416444843
2019-02-26,0.7725662124367897,0.8908839158079855,1.237201255697599,1.7863025289084564
2019-02-27,0.8259296994952873,0.9688491668131581,1.3150617613645632,1.8529451551876857
2019-02-28,0.8058386190041632,0.9696927437405337,1.3329935502783417,1.8559762875017465
2019-03-01,0.7819277175820143,0.9580456916727348,1.3302572916870787,1.837972657153358
2019-03-04,0.7650016407665318,0.9401899950428492,1.310156138004786,1.8130269662255736
2019-03-05,0.7878445237099324,0.9575610636019973,1.3176733132956167,1.8074863927980616
2019-03-06,0.7353641810717764,0.900170303962407,1.2558570346150806,1.7426991200547026
2019-03-07,0.7033087454878186,0.8401748188454187,1.1859060391377603,1.6871099965578196
2019-03-08,0.7329716529010779,0.8680238395813331,1.2189887728282867,1.7383342235355148
2019-03-11,0.7155366475120889,0.8489588691193555,1.1989857298695454,1.7178040689674883
2019-03-12,0.711532458538287,0.8536399715431647,1.204565504841573,1.732045421312152
2019-03-13,0.7371436557879634,0.8822308455975639,1.2369619817814597,1.7752420869010226
2019-03-14,0.7565606997740981,0.9065271772726262,1.2602602733222457,1.7689638648804866
2019-03-15,0.7460232094435215,0.8915537542098446,1.2425747129606373,1.7470077077981767
2019-03-18,0.7315575346115296,0.873019504019512,1.2186869924392956,1.7277399567217955
2019-03-19,0.7370653785676198,0.8815241825513034,1.2224692299288944,1.7122004385469962
2019-03-20,0.7140126403404734,0.8452972589405358,1.1725790357202972,1.6499602532498348
2019-03-21,0.666967381539637,0.7683395468057965,1.0822419847858942,1.5709784897645072
2019-03-22,0.6314400689649927,0.7302896370599194,1.0342173236378494,1.5089996610464795
2019-03-25,0.6170279092284722,0.7156325063329824,1.0163477984291036,1.5032515235025763
2019-03-26,0.6391754328438544,0.7393772277009955,1.0397461161775485,1.5601476929237814
2019-03-27,0.6437977765715478,0.7352649116112805,1.0338337211536142,1.5570225996402238
2019-03-28,0.6422568600924038,0.7321753113596791,1.03820392995158,1.5769874960941868
2019-03-29,0.6212605261202908,0.7120951724779973,1.036121365596813,1.5884710334858627
2019-04-01,0.6458131311352242,0.7434309306977995,1.0773658694167192,1.6166844571180434
2019-04-02,0.6148828625899567,0.7024366045550204,1.0364052594615074,1.5758303562880092
2019-04-03,0.6713636990633837,0.7729487245363736,1.1088470245187227,1.6316274681423144
2019-04-04,0.6846243675620902,0.7845873087150252,1.1194928095266692,1.6630034316430837
2019-04-05,0.7058361934538365,0.814493671043987,1.1492257269298554,1.6887142733999245
2019-04-08,0.6889140454705724,0.8029302629183841,1.141792937062753,1.6823290944400044
2019-04-09,0.6865541328011563,0.8030480319612476,1.1409329423005432,1.6748903668988357
2019-04-10,0.6774074220289308,0.7890900294574466,1.1232214990411653,1.6578461317678754
2019-04-11,0.7194002444628207,0.8406453270558742,1.1803455661952538,1.7019171330794087
2019-04-12,0.7695083233963675,0.899299307855828,1.2489564389771681,1.762152248351866
2019-04-15,0.769751974448158,0.902208337986911,1.2518036972676332,1.7500508460270474
2019-04-16,0.7744735782832814,0.9047761970045165,1.2510048715409767,1.7544997238427478
2019-04-17,0.7660170295939918,0.9154580501798796,1.272400819994986,1.7704419479566091
2019-04-18,0.7369883165894007,0.8781811724444759,1.2326938992811844,1.7404052180305807
2019-04-23,0.7633595989981401,0.9049119667255361,1.260240664796391,1.766061194561675
2019-04-24,0.7231428612065277,0.8545776922028182,1.2074076791230044,1.7316994493834807
2019-04-25,0.7112571349247528,0.8393296297904804,1.1916271432678995,1.7107635658801783
2019-04-26,0.7001524241352919,0.8278718227908032,1.1809048425850406,1.7037582426346565
2019-04-29,0.708765527681521,0.837573207269427,1.1875390558009407,1.702315072129363
2019-04-30,0.7324653167209797,0.8702967461185143,1.2168703182873493,1.7182171488873477
2019-05-01,0.7126470455450999,0.8487262926944558,1.188149508166406,1.6953080861292984
2019-05-02,0.742870610366655,0.8814506013712913,1.22129488070473,1.7347974263007848
2019-05-03,0.7735370712538154,0.9138613935861987,1.2529927446319469,1.7644501030573876
2019-05-07,0.7342719724557147,0.8675854548158928,1.198293735350723,1.717541025792424
2019-05-08,0.7168005632986424,0.8421867210892646,1.1689424384459115,1.6966191083573023
2019-05-09,0.7091901292013928,0.8287824617237975,1.1567109400177378,1.6879868712793316
2019-05-10,0.7082003957000235,0.8274652692000235,1.165397793678498,1.7077484119369706
2019-05-13,0.690208895491396,0.8052049197406937,1.1400787383946338,1.6934152074785789
2019-05-14,0.6897456594532339,0.8012071887768645,1.1337156146973133,1.6779217483700177
2019-05-15,0.6903415496954753,0.7879234763557045,1.1079725596150607,1.6516056624350928
2019-05-16,0.694891956271001,0.789175672953296,1.108061971244751,1.652034066579292
2019-05-17,0.6789717393173255,0.7672851846377077,1.0814239457884864,1.63015224603463
2019-05-20,0.701541243828378,0.7910688678520184,1.101753154399188,1.6496163032003515
2019-05-21,0.7296148939093493,0.8177464461995069,1.1285032253354925,1.6692061627938237
2019-05-22,0.6823003551981583,0.7599864729636082,1.0682042544887975,1.6243490196298473
2019-05-23,0.6323082129676623,0.6949636864784543,1.002062403090475,1.5679086420499955
2019-05-24,0.6127595838588661,0.6815589634112834,0.9935037081878646,1.5569002636114257
2019-05-28,0.5852966821360461,0.6536296561684035,0.96816032746435,1.5516233262008388
2019-05-29,0.5784471452290268,0.634078274729392,0.9469787091552717,1.5458755482466902
2019-05-30,0.5856499702045479,0.6318422990563944,0.9391591296139465,1.535912154450355
2019-05-31,0.5773486910168971,0.6227492187428123,0.9332485997827715,1.5258673266660472
2019-06-03,0.5456571448808535,0.5955437114334872,0.9066427668077649,1.4962736426329981
2019-06-04,0.5724545492998294,0.6268229038594144,0.93722070944242,1.5338135544559617
2019-06-05,0.5455211444420547,0.6006317722061365,0.9062838698887672,1.4983803121325177
2019-06-06,0.5208205347561402,0.5718515420982986,0.8716748011054195,1.4587164012486589
2019-06-07,0.4991855696828573,0.5505063606893806,0.8504835657678781,1.4380946899990092
2019-06-10,0.5200962459491513,0.5750807542766254,0.8738431659287513,1.4624161957549182
2019-06-11,0.5493996028234586,0.5945179916906344,0.8853154339467035,1.4722582445245622
2019-06-12,0.5844347442105753,0.6244451423424456,0.9105961449383798,1.5131142213272393
2019-06-13,0.5626414972235259,0.595025542467438,0.8771919037905211,1.4778538370090655
2019-06-14,0.5737781166417497,0.6054764389227355,0.8846203117638799,1.4838723740571274
2019-06-17,0.5797691104556629,0.6107598197054311,0.8918819487344909,1.503980847109587
2019-06-18,0.5383477750897102,0.5621938106261228,0.843089275695508,1.4710360054029743
2019-06-19,0.5850084806860324,0.6209009310588127,0.9033674151729197,1.5059781678667437
2019-06-20,0.5431179951570255,0.5697068406080951,0.8477935478174304,1.4713392165053603
2019-06-21,0.5833472662495471,0.6133452047399381,0.8924892393942407,1.5020916122847627
2019-06-24,0.5493873116299682,0.5768985415453105,0.8555261813025112,1.4713848069577629
2019-06-25,0.5420209895041859,0.5633264055817933,0.8398090173832046,1.466434864102155
2019-06-26,0.5621827213306211,0.5882871350265397,0.8665390313746432,1.4973748775594353
2019-06-27,0.5705754703448352,0.5978409460421534,0.877144269094796,1.518689167517805
2019-06-28,0.5903119094883571,0.6139775906030487,0.8914274152625454,1.535556587260345
2019-07-01,0.563657535901978,0.5825297843702972,0.8507413742334361,1.4866183163224125
2019-07-02,0.4924619240362283,0.5078799476749968,0.7789775904440654,1.4158472388756913
2019-07-03,0.46098439717549317,0.4674524198121488,0.7372440940707654,1.3643777968167146
2019-07-04,0.4678580370016502,0.46175186096737636,0.7243731032261519,1.3714256661321351
2019-07-05,0.5316638759098578,0.5309209663484054,0.7939099374069385,1.4284182136742154
2019-07-08,0.5017728050514787,0.49326698344408787,0.7522274707803519,1.3962422808616455
2019-07-09,0.5079492020143662,0.5054412680639293,0.7661808691614749,1.4048128261923047
2019-07-10,0.5309760348968413,0.5381884599868555,0.800558060665038,1.427316959169269
2019-07-11,0.5792634266358326,0.6117135584951114,0.8840692096573728,1.492722853988828
2019-07-12,0.5636870057875389,0.6041565430997937,0.8784861550897173,1.4836753843991959
2019-07-15,0.5333443557163805,0.5635912881273735,0.8395183522589388,1.4486377274698214
2019-07-16,0.5461859083795815,0.5756721001864339,0.863976454341317,1.4799876623597803
2019-07-17,0.5021811045335514,0.5238342456496206,0.8085603767815371,1.439394213103089
2019-07-18,0.4915907684955002,0.5186986440578536,0.8075954498980323,1.438478731681757
2019-07-19,0.4697064041120773,0.49608008278918075,0.7832944194431211,1.4158960169452897
2019-07-22,0.4552776281930339,0.4744627609401406,0.7581719765058955,1.3818728126385935
2019-07-23,0.43743072416256734,0.45427955812973775,0.7366751023969642,1.3617312378740556
2019-07-24,0.42978854828391605,0.44565921956126625,0.729207605874545,1.3676207080685354
2019-07-25,0.4568023908821165,0.47569452698398884,0.764853249413773,1.410700976976667
2019-07-26,0.43969325547687976,0.4576580418993627,0.744029662036437,1.4029896055550126
2019-07-29,0.41791524064916097,0.4237658104896413,0.7116702554343518,1.3998254649205901
2019-07-30,0.40067703581653286,0.4043508390038584,0.7009736175544357,1.4271133689910986
2019-07-31,0.385959508885196,0.38044521541966875,0.6790705711446099,1.3963786617171323
2019-08-01,0.3705953047064866,0.3478619808137483,0.6421952012195699,1.3438471568622432
2019-08-02,0.3789914394113356,0.33766691391263576,0.6158460886653951,1.3207219698980381
2019-08-05,0.3624360498980777,0.30063915540548913,0.5587585602171421,1.2561560446656899
2019-08-06,0.3745639470217742,0.31611102971016936,0.5681262467769795,1.264704231689458
2019-08-07,0.3876759382342178,0.3084692637290682,0.5240865835254105,1.1888174675513143
2019-08-08,0.4164456131014011,0.3520401977267873,0.5770629587572766,1.2584027102064546
2019-08-09,0.38828143586371966,0.32001263217637166,0.5400378203605691,1.2378497241972732
2019-08-12,0.37804638574072247,0.31281489928985334,0.5379916775858844,1.2399684222238558
2019-08-13,0.3930701110441114,0.32524986681135404,0.5332488340809652,1.2039741899063165
2019-08-14,0.38952573660912726,0.3114621977574359,0.48256191228462353,1.1214096713607975
2019-08-15,0.3854312389501583,0.3046208136059423,0.437671757668512,1.0046108397635973
2019-08-16,0.44623179079415815,0.3705765358558678,0.4992190605925185,1.0663631626257157
2019-08-19,0.44020289347789443,0.3725848806471862,0.5215446632341761,1.1217736181237348
2019-08-20,0.43008231392785157,0.35093848341472544,0.49083252412575734,1.0738869513952358
2019-08-21,0.42263753104567325,0.34935751754027855,0.4913185670992769,1.0590736608594684
2019-08-22,0.4543840044244447,0.39190948158808614,0.5556472074660557,1.1325153590115036
2019-08-23,0.41387332351879647,0.3614061052205976,0.5433349951643632,1.1461338791531388
2019-08-27,0.36507201859657795,0.2977220295606329,0.4702824311413608,1.09073439123947
2019-08-28,0.3351181298663031,0.25450090569816053,0.40730293370491594,1.038570111786206
2019-08-29,0.3474234105755408,0.2610602658783614,0.4009508693424751,1.0281828524463648
2019-08-30,0.38269462243395846,0.29945838028916155,0.4426298060760255,1.0707403292806117
2019-09-02,0.3322115114544901,0.25070900852422706,0.39231091884099345,0.9973498415377474
2019-09-03,0.311429881311535,0.22992248264435222,0.36035551088771567,0.9533510957449216
2019-09-04,0.3585568762958071,0.31422526924713334,0.4698056305715549,1.0576460915722377
2019-09-05,0.43742375348324225,0.3969353061090152,0.5722208637169246,1.1910166973853626
2019-09-06,0.3681047457605289,0.30323682864048146,0.46836542862077185,1.0549528496893814
2019-09-09,0.435593541936061,0.3818853482573617,0.5685240570936365,1.1607549255066325
2019-09-10,0.4603180623643931,0.407100381842118,0.5968398819325276,1.1728699749378508
2019-09-11,0.48399241615680494,0.42572722739137336,0.6036864327266002,1.1702199049733182
2019-09-12,0.4989032148815393,0.43956451790480955,0.6011753068310028,1.147831178652167
2019-09-13,0.5641897086407759,0.5302089462226148,0.7236771972577624,1.2699385997674244
2019-09-16,0.5029826210332117,0.46051291436753106,0.6496752017913061,1.1799325564222083
2019-09-17,0.5139104939809369,0.4654115662510569,0.6503690247702402,1.1685317658965828
2019-09-18,0.5021958320345684,0.4321336787410761,0.6066747394512847,1.1003099443284037
2019-09-19,0.49404355732605676,0.4228250788112633,0.5947216951748768,1.0880745357837462
2019-09-20,0.5071351100967314,0.43093626155811987,0.5911435395220175,1.0898242773885685
2019-09-23,0.44249007159595943,0.35175665660860755,0.4975199051595173,0.9950434152845183
2019-09-24,0.43205685541974953,0.34162725164857466,0.4930918351823174,0.9878525168419081
2019-09-25,0.4273573599307093,0.3321562996764775,0.4890842913849798,0.9861539515312139
2019-09-26,0.41836304675058483,0.3244302491351331,0.48969369362119314,0.9869326343959025
2019-09-27,0.36831191310010547,0.27627754697512097,0.47347206230217864,1.0052860400764807
2019-09-30,0.3479461610645842,0.2517289711225127,0.4567312585730572,1.013385638352962
2019-10-01,0.31599394534798286,0.22022927031513864,0.4357294085999124,0.9838069840440898
2019-10-02,0.3542962461835736,0.25546096149238995,0.46224484404410243,1.0098261621865599
2019-10-03,0.3483593146142858,0.24538429768542946,0.4507934010682221,1.0142710497698055
2019-10-04,0.31870093301121105,0.21203371500370477,0.4049522740501307,0.9670743041916086
2019-10-07,0.3215078494922038,0.21778114194928877,0.4186584961099686,0.9866158591000052
2019-10-08,0.2888005962490603,0.1812972814492242,0.38071268680333936,0.9587971633507288
2019-10-09,0.33944182760122404,0.23094549642970136,0.428674660077699,1.0022604526235506
2019-10-10,0.4110947331744011,0.3141733832180202,0.5198710771906687,1.0861627056948255
2019-10-11,0.5415363599872981,0.48063103046867595,0.6793647190440499,1.214051524569908
2019-10-14,0.49882661031843817,0.41966752949439223,0.611092179160957,1.1512348698983976
2019-10-15,0.5370283867711472,0.47126242214742026,0.6748023009246815,1.201091109811929
2019-10-16,0.519978520769604,0.4525656585271598,0.6624563645706422,1.1971337572389404
2019-10-17,0.5101449122765727,0.45225091579553134,0.668527559843797,1.216816341658954
2019-10-18,0.5265144738490278,0.4729431211678068,0.684344726878971,1.2306438267015436
2019-10-21,0.5415827194690715,0.5016221499889519,0.7240898589119911,1.2898320997999542
2019-10-22,0.5010122605374211,0.4567979299858623,0.6766746932303919,1.2602544311863138
2019-10-23,0.5043267606727345,0.44352309639570997,0.6516871115254921,1.2193273743842734
2019-10-24,0.45986658674639896,0.40011579362240274,0.6001970632083842,1.1518938856702512
2019-10-25,0.4851590098207821,0.4291737647990466,0.6372812053355353,1.1868625077366437
2019-10-28,0.5266554507407719,0.4745843180887076,0.6937876616594761,1.2626462831373428
2019-10-29,0.5321790470854805,0.4708369971742588,0.6885361052826849,1.2850048056854775
2019-10-30,0.5028629394852022,0.4403729628806972,0.6548322405613078,1.2426358132410376
2019-10-31,0.48317158493151,0.39744149270480594,0.5983815955138281,1.168587378259275
2019-11-01,0.5113473586086629,0.4342977715450383,0.641689097188876,1.2101095648935754
2019-11-04,0.5269975278176772,0.46543833738049367,0.6880559805643371,1.257781671256377
2019-11-05,0.5595468422840648,0.5064116623810215,0.7356585744621714,1.3088979916361458
2019-11-06,0.5418157831855631,0.4856383755347847,0.7103725589325871,1.286612086248041
2019-11-07,0.5084233774079225,0.48240705998172695,0.7480158032664754,1.328604652436522
2019-11-08,0.5426636000236011,0.5129281606669553,0.7736203710967258,1.3467927895379754
2019-11-11,0.5558005239927398,0.5294394479342077,0.7844397043993758,1.353107141839586
2019-11-12,0.5622097560008136,0.5439341626934203,0.7933746449867509,1.3604196650403182
2019-11-13,0.5386628729132513,0.5024230468015685,0.7376731131160722,1.3052437602153184
2019-11-14,0.5156680877569525,0.46770177999631335,0.6986789614940656,1.2786497599873141
2019-11-15,0.5258597838585973,0.4768028962206274,0.7086131953687008,1.294683830997829
2019-11-18,0.5540900441032763,0.502151541547295,0.7259707187541748,1.3100940198876758
2019-11-19,0.5492745153755495,0.4964143891183145,0.7208396162735214,1.3110299565890549
2019-11-20,0.5536420515589142,0.496620117816183,0.7153861825206207,1.3112366994646636
2019-11-21,0.5656231362967359,0.519670091853761,0.7430275932763236,1.3501041333712753
2019-11-22,0.5138308177704402,0.4690162163256388,0.6944989198280005,1.3091710946964676
2019-11-25,0.5061466148493085,0.4598584190452347,0.6838508032560318,1.2998579565281114
2019-11-26,0.47271364612549394,0.418591534760954,0.6293185108493694,1.2435580522957888
2019-11-27,0.50534726773102,0.453707455237735,0.6658048109105836,1.268461139913171
2019-11-28,0.5060155318075884,0.45602264074620474,0.6615904102309587,1.2496773226555942
2019-11-29,0.5398666951157773,0.485239426381436,0.6848458834192777,1.2314772183424334
2019-12-02,0.5510353846143198,0.5220795958732862,0.7325782539430336,1.2783029188995196
2019-12-03,0.5048331010357048,0.46723259057763683,0.6740205719235062,1.2301178041567853
2019-12-04,0.5632269525500507,0.5237466621109308,0.7273617018370363,1.2938879473170957
2019-12-05,0.5810934514540814,0.5541192834404703,0.7690451337672662,1.321104687015327
2019-12-06,0.5745530085633643,0.5472742276836147,0.7598267021797043,1.303118206455475
2019-12-09,0.5646638577213559,0.547323915290769,0.7600707592960024,1.2914182433299288
2019-12-10,0.5782744772635972,0.5731706507827405,0.7857943930443534,1.3076293336610973
2019-12-11,0.5661431178280099,0.5618638771057237,0.7729414175211131,1.299867808148933
2019-12-12,0.5855271309468719,0.5968899826426312,0.8228534063343312,1.3630529911603206
2019-12-13,0.5507218905870043,0.5789445888990122,0.8016387548143866,1.3174265414035073
2019-12-16,0.5977150689925461,0.6149035932618854,0.8251414722837899,1.3366600750846698
2019-12-17,0.5350859736036541,0.5502154389543661,0.7676036007851914,1.3070705517471732
2019-12-18,0.5247974600564332,0.5551546138652992,0.7856834991547414,1.3088269761846039
2019-12-19,0.5455050119808654,0.5811517176124138,0.8152511827417426,1.32702408444576
2019-12-20,0.5282151880850336,0.555684424166165,0.7848324816657287,1.3053381136414337
2019-12-23,0.5396974712304842,0.5597534057396147,0.7807307087678315,1.306081456977344
2019-12-24,0.5250726022453773,0.5465734949242611,0.7695420566259442,1.2971727083759588
2019-12-27,0.5232274754837414,0.5424565658261912,0.7592126701623283,1.2820142363510088
2019-12-30,0.5780028648038268,0.6263739460485848,0.8683814472020632,1.3861509105426062
2019-12-31,0.5293010926039207,0.5789360954133572,0.8214033725702359,1.348786084485993
2020-01-02,0.5412188678193895,0.564853106377025,0.7916119964904025,1.2979814303364172
2020-01-03,0.5269484886121122,0.5287547552098317,0.7442975529810505,1.2411708240926569
2020-01-06,0.5640427518821963,0.5592896828546269,0.7677479064202742,1.254195128645769
2020-01-07,0.5789906310435318,0.5887589879660843,0.7913376913393305,1.2584840581696595
2020-01-08,0.5836853190225559,0.5906873536276365,0.8011718741769304,1.2801949240596004
2020-01-09,0.5733319700397828,0.6002600340378131,0.8299149275348651,1.3264659583549727
2020-01-10,0.5173893315756168,0.5490619694791221,0.7872337942710125,1.287160538705107
2020-01-13,0.4692948417024334,0.5126707868128015,0.7654141972801605,1.2801884345213954
2020-01-14,0.4698604667457253,0.4879197008525312,0.7310919613425311,1.248575348000696
2020-01-15,0.42322346000091704,0.41806177571103154,0.6597870598454351,1.1948205881143779
2020-01-16,0.42195386701566595,0.41561898179626605,0.6514835797360558,1.185257334598621
2020-01-17,0.40278672476176564,0.4048749446126183,0.6472983167321793,1.1954635133844247
2020-01-20,0.4090836621788188,0.417361876636315,0.6605953777279004,1.2200593701730362
2020-01-21,0.40625841906843063,0.4078012613435523,0.6374113695122574,1.1782587237605144
2020-01-22,0.4247115675625747,0.4207947068161431,0.641630683972245,1.160929073835767
2020-01-23,0.3963503558815515,0.38439463701377885,0.5942149147203826,1.0960047233838672
2020-01-24,0.40040518864817193,0.3772686085596194,0.5749044760239552,1.0898686557779762
2020-01-27,0.36697241862914376,0.3259761643356419,0.5128091831822725,1.0323364712882759
2020-01-28,0.4103644136456709,0.3689471970005248,0.5528204762877319,1.0788974508859408
2020-01-29,0.4100810158060929,0.36046764803528947,0.532813343223228,1.0607798810328766
2020-01-30,0.4681887700166221,0.39788459626115324,0.5493107661152818,1.0778048082243434
2020-01-31,0.46119777179752014,0.3772500545964101,0.5294686340987058,1.0571265354486492
2020-02-03,0.44820999982239185,0.3799293486610922,0.5401740160044443,1.0723067540257711
2020-02-04,0.4500605019266049,0.3925222691185406,0.566927667286036,1.1069402267955115
2020-02-05,0.4629674063586062,0.4197566089632138,0.6097067158796319,1.1447573320171665
2020-02-06,0.46100689940887646,0.41091188900084996,0.6019091081688843,1.1300465683370262
2020-02-07,0.45820466423264206,0.39709887799429855,0.579843990251033,1.1098231612758551
2020-02-10,0.44752548453767216,0.38573815187354465,0.5656979886886415,1.0915560095709895
2020-02-11,0.4711438595851641,0.40971202801677026,0.5765888099372359,1.0879476070518088
2020-02-12,0.5145292282200291,0.461864213573862,0.6246180349990913,1.1118578237381658
2020-02-13,0.5231131443311184,0.47948231581954115,0.6505225620769667,1.138418938970685
2020-02-14,0.5062182111308244,0.4626807414674109,0.6310556979701901,1.1198967080659314
2020-02-17,0.5206875536976188,0.4790462547825663,0.6524400212126407,1.1414144527949837
2020-02-18,0.49947322657830484,0.4548281108440281,0.6268938011020481,1.1290127178176264
2020-02-19,0.49426478300092375,0.44644403256525445,0.6160758681758062,1.1170541483151664
2020-02-20,0.4841840664956994,0.43288715948934087,0.5910759488975625,1.07724597275649
2020-02-21,0.47350983968653737,0.42065105651775286,0.5676082237787409,1.0032316396541128
2020-02-24,0.4405052307350176,0.3871142863979503,0.5357094681927064,0.9984221519038439
2020-02-25,0.41259146566867305,0.3579859420471428,0.5042950419365277,0.9744584775197512
2020-02-26,0.40398754459947583,0.35193027303146823,0.5039538193408298,0.9821915823803009
2020-02-27,0.3594741894340748,0.3057733398363802,0.46163454089220446,0.9778482301718281
2020-02-28,0.33530406153669146,0.28132215509581127,0.4330908236702962,0.9683115684521094
2020-03-02,0.2940980576050035,0.250796266661494,0.40793124769426703,0.957631424344172
2020-03-03,0.2532796025426705,0.22342731884529882,0.3922258871126344,0.95474599370461
2020-03-04,0.21407610170569197,0.20241570060858355,0.3694605822213992,0.9448699501015958
2020-03-05,0.16920847161594563,0.16152914326328902,0.3317960580049192,0.8892655319384535
2020-03-06,0.09370512061073935,0.06463582666896422,0.203841576813168,0.6874681472711507
2020-03-09,0.11105095916159516,0.06748583241803295,0.16073563120503337,0.5281192690074399
2020-03-10,0.1558174725423081,0.11727821726665486,0.2189142468958299,0.5498567235155883
2020-03-11,0.153108364294488,0.1545622830278649,0.28670608741143677,0.6872314947804383
2020-03-12,0.21878652421104114,0.19528543194728493,0.28267979026612033,0.6895294107249362
2020-03-13,0.27984764933849177,0.27769926688716906,0.4009190763695222,0.8807711897164777
2020-03-16,0.30788069246302296,0.3366461183536509,0.4788347858042137,0.9774512885923552
2020-03-17,0.3087346175775265,0.38599264976884784,0.5499365850914295,1.0433335639482777
2020-03-18,0.3332501159285718,0.5379152156116076,0.8100535703683687,1.3553517492546656
2020-03-19,0.2337839421302855,0.5074051797288661,0.8324973868488785,1.3388478728689404
2020-03-20,0.1033337492175975,0.25432926831467895,0.5272523123178667,0.9022036801474038
2020-03-23,0.05345217310294212,0.14036297132698958,0.3931464259614458,0.7382845740947224
2020-03-24,0.10711791567362111,0.18484507527933586,0.4431816189385721,0.8096754867352262
2020-03-25,0.09803010187043075,0.16770633060635845,0.4298133540362253,0.8520924521890251
2020-03-26,0.11096964113816471,0.15159980108964263,0.36542081021362816,0.8004945677603674
2020-03-27,0.11905294494886952,0.14711200788262635,0.3415074987887493,0.7517352671163487
2020-03-30,0.11371023191493988,0.12404130721946052,0.31109079035829107,0.7472786756509289
2020-03-31,0.1395706210598819,0.16271648626115034,0.361595422051062,0.8396111739590408
2020-04-01,0.11405507044855893,0.13001213769440845,0.31504307674248083,0.7729589042313025
2020-04-02,0.11326971448552003,0.13507500008258047,0.33763218244664267,0.8027099626848369
2020-04-03,0.09682721665425079,0.11965258957569976,0.32472302629834165,0.7984970267702062
2020-04-06,0.1052400318357219,0.12845853047112296,0.3388955256741241,0.8086608729007196
2020-04-07,0.15198470996640956,0.1834875731739458,0.3967755207515293,0.833003740681066
2020-04-08,0.11701957733851041,0.15950529796877277,0.38304912545938097,0.7631092296026005
2020-04-09,0.050924786417082236,0.09646179878624496,0.3121846040350339,0.6636773236811424
2020-04-14,0.07618852505813169,0.11215820138470163,0.3275473580955353,0.6929540021418853
2020-04-15,0.048345060456383364,0.0795093209339168,0.2926295984086086,0.6709148125513467
2020-04-16,0.07704911663600895,0.0982387124968039,0.2919116157507849,0.6722443843686803
2020-04-17,0.09818796661253859,0.11373782045227135,0.29156850015911384,0.6737245341254082
2020-04-20,0.10468604565414981,0.13657027328804466,0.328358578190974,0.699904740910026
2020-04-21,0.07719223517508618,0.10897274548482602,0.2906810177516186,0.625996036507912
2020-04-22,0.08954673621418092,0.12780382312896382,0.3156994584267933,0.6363226595279392
2020-04-23,0.07600317485145706,0.11445340898965202,0.29773302943240415,0.5854145652786543
2020-04-24,0.07960769926031654,0.1188031154443127,0.2961394728782263,0.5954961757480902
2020-04-27,0.09187962113845158,0.133694338657431,0.3197120136275232,0.6291975675741216
2020-04-28,0.07151826322282484,0.11651276649452617,0.3022684745106009,0.6297920294022527
2020-04-29,0.06782215739220918,0.1141479272401568,0.3025740291788579,0.6156048813380404
2020-04-30,0.03472511876286545,0.06144457627119252,0.24385028896006417,0.5700774384733123
2020-05-01,0.06918311687711586,0.08872789997704626,0.27112806364286124,0.612431323925021
2020-05-04,0.0534577481355528,0.06245622395172573,0.2366590499611628,0.570146910174213
2020-05-05,0.03032353381228871,0.036174493557872923,0.2098095660629864,0.5486417817663828
2020-05-06,0.03970519163239547,0.05564082849982691,0.24263589854821938,0.5608977388594211
2020-05-07,0.02280599521153209,0.047662047487349174,0.248189982019737,0.5551893778104823
2020-05-11,0.028688123883193785,0.06107399336375439,0.2752545961025895,0.5877996103608262
2020-05-12,0.01302639314308592,0.04498127038066774,0.2628549725090905,0.5930562990902232
2020-05-13,0.01043175468981141,0.02912631135714088,0.23744522847107502,0.5951681523684299
2020-05-14,0.0133555895242543,0.02891539751211116,0.23294112252702986,0.603780196883728
2020-05-15,0.02834415998058094,0.043697207832467236,0.24526236628264925,0.626941345618192
2020-05-18,0.03193676331663609,0.05486371399757202,0.27226453155995156,0.6681127449189616
2020-05-19,0.0076353165536027275,0.03854450445182282,0.26496992441014305,0.6590076774341433
2020-05-20,0.01369538170520767,0.036806196960829436,0.2547038086231819,0.6398875852275194
2020-05-21,-0.02515709872633665,-0.02584084427628547,0.18604760737276022,0.5870605548225243
2020-05-22,-0.0357333019515247,-0.03789324253960411,0.1810426533344893,0.6032037003990498
2020-05-26,-0.001792665882803792,-0.0035363012777382035,0.22121778813312135,0.6653534728900559
2020-05-27,-0.0134328797927278,-0.02721240928431009,0.18918107704969858,0.634250434894834
2020-05-28,-0.009881740916781363,-0.018451169938023683,0.20446045740107616,0.6408154077142538
2020-05-29,-0.0264625601384152,-0.03547126990988313,0.18451293997089027,0.6058906720385216
2020-06-01,0.014975302173486296,0.01222316126123039,0.23462745312331132,0.6428414033545055
2020-06-02,-0.006239226473175706,-0.0020996824902086895,0.2294044726345544,0.6634116160602485
2020-06-03,0.02792746714160057,0.04368618799751256,0.2945738939766668,0.7487043522489348
2020-06-04,0.028271884525493327,0.05442944240898669,0.3201679873160077,0.7701596753359852
2020-06-05,0.029266042050115394,0.07303695311807915,0.36676422516026713,0.826032179285107
2020-06-08,0.025996374577863777,0.06624255247630731,0.3471221444279074,0.8131780973694446
2020-06-09,0.01956489874750062,0.05816844118572577,0.3320486228884109,0.7393295513023995
2020-06-10,-0.02263443809258053,0.007782818417104681,0.2740815572474532,0.6727318234667794
2020-06-11,-0.03063400826959784,-0.030697988943453547,0.20025263251269965,0.6033085881097161
2020-06-12,-0.016205416990670775,-0.013647435617396508,0.2169418903965999,0.6247249524927152
2020-06-15,-0.01229727541013797,-0.0095335401592813,0.21794558575281203,0.6194997792170037
2020-06-16,-0.030560637997592316,-0.025931943720410466,0.20910421761394068,0.6184412264968064
2020-06-17,-0.03888586707866842,-0.03320232009587905,0.19746385746287887,0.5896583759826746
2020-06-18,-0.019639815207461254,-0.007695042961753859,0.24294201961902787,0.703384157480721
2020-06-19,-0.023849306597329308,-0.0052212032919737705,0.25550574104606516,0.7365042231788778
2020-06-22,-0.04945654144771429,-0.03756655882361741,0.21432117717438168,0.714016087797783
2020-06-23,-0.042113034791578824,-0.018562790783810672,0.23662475357999693,0.7148528203689161
2020-06-24,-0.05580405342481366,-0.03306944186319889,0.21497771022020995,0.6720260059639923
2020-06-25,-0.051179224236770765,-0.04695393857990711,0.18267790306850903,0.6214339534721136
2020-06-26,-0.05342151957150105,-0.046016425382340395,0.1933516396268993,0.6476713890577468
2020-06-29,-0.07260484926259685,-0.06513064583138692,0.17792424352938294,0.6372129529905856
2020-06-30,-0.06967881111327649,-0.06257468044025757,0.19170148925717853,0.6646012367071261
2020-07-01,-0.05012876052634678,-0.027969931444724306,0.23696762356781825,0.7114153620219208
2020-07-02,-0.07701999510369921,-0.05684435742723017,0.20828291744037383,0.6796024109402742
2020-07-03,-0.07188504986661791,-0.05180392387805836,0.20734595764067673,0.6807013925103207
2020-07-06,-0.05783439291852693,-0.03622274243557895,0.22098151742387503,0.677284420836738
2020-07-07,-0.0587011638027531,-0.04409755228071316,0.20413728974100134,0.66238174096491
2020-07-08,-0.06350684162033411,-0.050670933839206025,0.2001730331082066,0.6710652301052529
2020-07-09,-0.07718691094737179,-0.06798942309446207,0.1776215539580265,0.668623486332375
2020-07-10,-0.09597093901884488,-0.08305619714026069,0.17050625635653208,0.6568095403360314
2020-07-13,-0.08366447752025089,-0.054576664704617105,0.2113982916936114,0.693054658000204
2020-07-14,-0.09030386080112432,-0.0745544570070889,0.17070304451012466,0.6685941592228521
2020-07-15,-0.07021279406060797,-0.05411235589021154,0.19427313679116182,0.7301747894732
2020-07-16,-0.09551272351614899,-0.08843641489889434,0.158839337867802,0.7105498934700073
2020-07-17,-0.08156670239791504,-0.07077271893843998,0.18492636221697062,0.7235846471357568
2020-07-20,-0.09243058850817239,-0.08562101215249054,0.17342192332579448,0.7156872525770183
2020-07-21,-0.10166436794357214,-0.10057312729856398,0.1651470922899452,0.7002393834674815
2020-07-22,-0.1101963166997514,-0.1189164441537234,0.14549098621455556,0.6647112009682596
2020-07-23,-0.10270270759116583,-0.11576760418277462,0.14953279714694961,0.6781095242527648
2020-07-24,-0.08809414410588075,-0.09656218641515832,0.17673397376223127,0.7008025897742907
2020-07-27,-0.10894027686293456,-0.12676748469326296,0.1417056821550962,0.6706008939219216
2020-07-28,-0.10598131698839273,-0.12481268876870603,0.1381714044566138,0.6631936249619614
2020-07-29,-0.08946419657420511,-0.11232240963786563,0.15022705940525272,0.6819853220191292
2020-07-30,-0.1024050357753492,-0.13366271500328825,0.1171471449401323,0.6530265461370128
2020-07-31,-0.09372690040175706,-0.12768582399300077,0.1252193538685038,0.6568513206815314
2020-08-03,-0.09044500246106783,-0.12385075106386693,0.13169914963183235,0.6654409044383522
2020-08-04,-0.09069886754489198,-0.1324195514096938,0.11141625427503354,0.6409920409207502
2020-08-05,-0.07306301862175839,-0.09613404958544221,0.16498281588733302,0.707640332478653
2020-08-06,-0.058764810686285654,-0.08935329723187974,0.13893553143115836,0.6651332835299256
2020-08-07,-0.03931382003288149,-0.06187437287925955,0.1804411133887827,0.7251138261410707
2020-08-10,-0.0497661535139748,-0.0733195055428309,0.17023424276649485,0.7267825228875912
2020-08-11,-0.014999689339187237,-0.019207629535469846,0.24207909330913552,0.786981641610606
2020-08-12,-0.008958733527534391,-0.0016004959805120903,0.2761246846391868,0.8292952807651857
2020-08-13,-0.021206774236628083,-0.004543410987406294,0.2851688493374297,0.8389806380039635
2020-08-14,-0.03283111145305749,-0.013637710274180759,0.28615823080548886,0.8531892848184638
2020-08-17,-0.06170153655300054,-0.04378717682169393,0.25911903464105424,0.8228234947563776
2020-08-18,-0.05787763945124324,-0.04116672945623854,0.25826267300776307,0.8241645272429344
2020-08-19,-0.047223454980992015,-0.027641443219485327,0.2720995356252746,0.8578179525754536
2020-08-20,-0.05500485578174249,-0.030605260449261124,0.2679473669385024,0.8604421288338368
2020-08-21,-0.06617797730656115,-0.04248603073047911,0.2541905831092578,0.8401065670040181
2020-08-24,-0.06908573510754404,-0.045608865195161954,0.2496793262979843,0.8353522901266467
2020-08-25,-0.03638527240153065,0.00378449500491859,0.3123750357875258,0.9038376624398888
2020-08-26,-0.03416445512578677,0.02142660013956488,0.3499418358811694,0.9447002989517954
2020-08-27,-0.033829522218118836,0.03428884499597633,0.383909901574552,0.9938432716992762
2020-08-28,-0.07268253163389157,-0.003050576401360228,0.3532547086709612,0.9433045743607774
2020-09-01,-0.08821511083470471,-0.017395210284361553,0.3494845234530506,0.9386899826761108
2020-09-02,-0.10774546067913927,-0.061088700819977436,0.27911841302577806,0.872227491703044
2020-09-03,-0.10223300593925556,-0.06203116238191651,0.26815296931862054,0.8419543667904963
2020-09-04,-0.08665892213371106,-0.04214415138409226,0.29282017902774615,0.8634884733753491
2020-09-07,-0.0927892797637666,-0.04971757627463952,0.2910435450175751,0.8624912673334616
2020-09-08,-0.14195644826959727,-0.11173975153701757,0.21717758064915413,0.767937624081918
2020-09-09,-0.08601541586172355,-0.050718381829157076,0.280335576445202,0.8433568366646734
2020-09-10,-0.10171764261626998,-0.06388164604905142,0.2819302168038853,0.8643236458760089
2020-09-11,-0.13663249092241123,-0.11382649928318814,0.22344229649915967,0.7893309341185895
2020-09-14,-0.10854349209468332,-0.08696932997670423,0.23842969059576422,0.7970502951240183
2020-09-15,-0.08562817006847877,-0.062212127194185715,0.2554373208772186,0.8065221738673543
2020-09-16,-0.07365515290076306,-0.0526141776845034,0.25636871718910126,0.7983396819851102
2020-09-17,-0.13193896374068292,-0.11331211521134069,0.21900984589665323,0.7820955073264128
2020-09-18,-0.1356721065329868,-0.11641751266227496,0.2185370075956711,0.7850679110911187
2020-09-21,-0.1371424930237686,-0.12458290842421105,0.19501123589143515,0.7569108814536821
2020-09-22,-0.08007492526014125,-0.07113471094128035,0.23679929436392483,0.7856022385747771
2020-09-23,-0.06680868474771862,-0.0520758377536546,0.26508297566005423,0.8148888262537384
2020-09-24,-0.07768399031956494,-0.06745291955646937,0.2468025462677857,0.7986628311975957
2020-09-25,-0.09530873844070904,-0.08999521037652,0.2204613602245869,0.7579558908026404
2020-09-28,-0.08118435519029604,-0.0745115905954887,0.23758746201213693,0.7742606853440734
2020-09-29,-0.07734061655718763,-0.08209909908916198,0.21598628082418725,0.749965908171934
2020-09-30,-0.05384545239246625,-0.056157233875345144,0.2561767450911783,0.8069596589755201
2020-10-01,-0.06974302632427225,-0.06163544540180625,0.2666963055314483,0.8356415138190264
2020-10-02,-0.054644500955458294,-0.04594333681111371,0.28773470918399446,0.8642635294260295
2020-10-05,-0.04827135323281143,-0.029311287656068868,0.31873849897197315,0.9049840967663327
2020-10-06,-0.046304047867783985,-0.02559226169534682,0.32407164777594655,0.9127463723881675
2020-10-07,-0.03888875099437046,-0.011117238912856497,0.3405013811898405,0.9250892815387769
2020-10-08,-0.0431497006103892,-0.017276463125208835,0.3281852632603097,0.9113919560565017
2020-10-09,-0.04724185212953341,-0.025573608894548516,0.3109146862445994,0.8875259689046314
2020-10-12,-0.04683995149978169,-0.02396702035058048,0.31374623849796973,0.897926441478244
2020-10-13,-0.06633358802943923,-0.04964219846815944,0.27373640165705143,0.843262617956086
2020-10-14,-0.06272941727154645,-0.04964364645407231,0.26173189252986256,0.8122969096399412
2020-10-15,-0.0765063142736704,-0.07664435052216251,0.21486940055584675,0.7558603836964383
2020-10-16,-0.08156655621745879,-0.07713231025986518,0.21735424171130177,0.7634194304313622
2020-10-19,-0.08956793931527136,-0.08280934725344642,0.21213302332332823,0.751138598676932
2020-10-20,-0.08319949884962108,-0.07297211842069826,0.23191508347827433,0.7834419649457595
2020-10-21,-0.07418886816986466,-0.04805254882224223,0.2777152189603882,0.8448602176480983
2020-10-22,-0.04636529833297078,-0.009982026532679121,0.3261239439274576,0.899639393184155
2020-10-23,-0.05313194910640495,-0.010530581408653575,0.32739658473550176,0.8977250140276264
2020-10-26,-0.05173662473263311,-0.009672070467189242,0.3235273503110508,0.9009469738429028
2020-10-27,-0.06892060363348103,-0.03838184994236567,0.2737238246747866,0.8238232490817005
2020-10-28,-0.08139038553461861,-0.057785264550939255,0.2531426032747749,0.7931313758828413
2020-10-29,-0.08317697125216798,-0.059003670363835456,0.2566418971242906,0.8000660938416376
2020-10-30,-0.053193755092909877,-0.024727278457132927,0.29755610463289384,0.8641066760607097
2020-11-02,-0.08272045488486265,-0.05624249142621533,0.26342653197810895,0.8347739029561948
2020-11-03,-0.055076091656394474,-0.016676089572666197,0.31438760673099253,0.8840877164761484
2020-11-04,-0.08745070470766772,-0.058980470586615076,0.24788935301061943,0.8052472527796048
2020-11-05,-0.0641490591852077,-0.03349034151691456,0.27814000431325125,0.8475779789530543
2020-11-06,-0.05008998329860008,-0.011284992146433402,0.3203826841824442,0.9106316910491066
2020-11-09,-0.015059755874688201,0.055696508403011935,0.4241349154830395,1.0245689730923184
2020-11-10,-0.013134715491438468,0.06751034855005741,0.44465024265904407,1.0403936063617145
2020-11-11,-0.005455466974937279,0.08456783880065859,0.45896422318477886,1.0687921683478818
2020-11-12,-0.03740998592734731,0.04196486872214551,0.39872325379511564,0.988911814460704
2020-11-13,-0.036040401306854764,0.03515278377470958,0.38018571990724076,0.9747781953559898
2020-11-16,-0.03168651228858235,0.04021664328690815,0.3916175599130375,0.9942670580779748
2020-11-17,-0.03626281450445147,0.03225111555693079,0.37123285032690256,0.9625822018081583
2020-11-18,-0.03321583347920685,0.037142002969210566,0.3797556149608325,0.9745942500696043
2020-11-19,-0.033016971690752246,0.03291210633161029,0.37123193765151863,0.9675429643135678
2020-11-20,-0.04694423463163371,0.015268444119625682,0.34708326451017313,0.9350456676826002
2020-11-23,-0.029018307966952615,0.03557861151987805,0.3684421241125298,0.953457856649529
2020-11-24,-0.02503603359053198,0.04322487582618823,0.3707631266140332,0.9380412517204332
2020-11-25,-0.03030494743513697,0.03400649757490013,0.3561547806551975,0.9133677080928355
2020-11-26,-0.04454957360139713,0.011637068290833549,0.32316121301949535,0.8703170966264676
2020-11-27,-0.03562461170694514,0.024199574597532574,0.34034079679108875,0.8784144254903526
2020-11-30,-0.020028291374261348,0.038507758052126986,0.35547019972877875,0.8938149638647637
2020-12-01,-0.0018395853699173714,0.07397228111106713,0.406643121559055,0.9609945632639557
2020-12-02,-0.022101251615717427,0.05723408584229165,0.3999141737036106,0.9639229035802008
2020-12-03,-0.032122171635586214,0.04127738475080351,0.3757692481279905,0.946224749455745
2020-12-04,-0.03305859829920316,0.05048394003232646,0.3944126717949591,0.9669602529598964
2020-12-07,-0.07394103863723048,-0.005361792344269339,0.3220648672622987,0.8916206859311238
2020-12-08,-0.07570790540500748,-0.015056108447469357,0.2969442635239862,0.8349797516342095
2020-12-09,-0.07927579281199423,-0.017379006953776147,0.2974246119739294,0.8366646715977076
2020-12-10,-0.1091270188154525,-0.05615272533848401,0.245552461684658,0.7771015502953905
2020-12-11,-0.1199563608657725,-0.08101708960502971,0.20774780644117113,0.7352443278456408
2020-12-14,-0.08740071262703432,-0.03527920759501375,0.2646444030208931,0.7957459277059055
2020-12-15,-0.05512918663447396,-0.002311955796364374,0.30225757517652185,0.862701696076162
2020-12-16,-0.06158173287779167,0.00515800628906001,0.3201115310023528,0.8868239248635915
2020-12-17,-0.05217559159933782,0.009061046681003207,0.31206359652153987,0.8710064369740548
2020-12-18,-0.083781018320304,-0.022654225864457398,0.28149964469808897,0.8330527246994937
2020-12-21,-0.10440305825788036,-0.05677382769742597,0.2403948489791115,0.7831238643022184
2020-12-22,-0.1314125891026079,-0.07770300433941055,0.22330670790442464,0.7675574386141703
2020-12-23,-0.07370689997726625,0.01629643726167313,0.3460449329840898,0.912935876049934
2020-12-24,-0.10323618790801618,-0.019448256790852627,0.2951569001293929,0.8569504324606122
2020-12-29,-0.12580218464930448,-0.04951146103529775,0.2523399285856779,0.8083579084309522
2020-12-30,-0.11955797731442727,-0.043976625574400616,0.255190330720806,0.8097484157963429
2020-12-31,-0.13525223406083486,-0.06418597359669706,0.2307767852368233,0.7768502678701783
2021-01-04,-0.12765025960023388,-0.06781016358900582,0.22900203548175177,0.7810571247601981
2021-01-05,-0.12836844044149498,-0.062082148920090195,0.2542836373306844,0.8170340010328123
2021-01-06,-0.12499108259071577,-0.04847561074728574,0.28485490161490457,0.861448431503925
2021-01-07,-0.10948273249706687,-0.010451647108693837,0.3395210367603524,0.9242475586533897
2021-01-08,-0.10625895515920378,-0.005081581786517129,0.3371013759576621,0.912143138068463
2021-01-11,-0.10156025412904712,0.002821163757994907,0.35395137613789995,0.9429226355798256
2021-01-12,-0.058737392055763595,0.04923289220121815,0.3986777006981911,0.9665951190310706
2021-01-13,-0.08569017915657773,0.02369726440945026,0.35444183671036855,0.9111373674954969
2021-01-14,-0.10424107158031712,0.004286616931702359,0.3347063425999833,0.8934704460659607
2021-01-15,-0.11561906032111233,-0.0037828049915841593,0.3387487047645317,0.905332065799482
2021-01-18,-0.11550608899044126,-0.005478156673415972,0.34398250550360304,0.9083051943894567
2021-01-19,-0.11262497009401652,-0.008643269265909267,0.33310931961227597,0.891111343716157
2021-01-20,-0.10051366646128793,0.00257037570697523,0.3468063753469726,0.9182630073900204
2021-01-21,-0.09035576526485023,0.021179864601048808,0.3768507086251932,0.9476289959363432
2021-01-22,-0.09993335352216065,0.010460467927205837,0.3623655212592462,0.9365215073810496
2021-01-25,-0.11802216840848263,-0.02416629802308024,0.3108355113822529,0.8706250617016309
2021-01-26,-0.1174207846185462,-0.017743563939984202,0.3195244770403338,0.8794050425584454
2021-01-27,-0.11733659243149365,-0.01773033618122513,0.3155377633147518,0.865045742160621
2021-01-28,-0.10725684157759863,-0.009275190846742476,0.32759157442793774,0.8764878041247441
2021-01-29,-0.09563940031406254,0.01250174345337135,0.37204091896345337,0.9302486820788763
2021-02-01,-0.09610075350724737,0.008595413856597837,0.36936118784739547,0.9290348725346884
2021-02-02,-0.077242893910239,0.03192808436208663,0.3986011287949213,0.9653318294330556
2021-02-03,-0.06852518153793255,0.04809330683898176,0.4173368247643662,0.9810759134181727
2021-02-04,-0.018522462631780187,0.10642109679882279,0.4870659483052435,1.0559219777434476
2021-02-05,-0.002712059492638543,0.1439104830724702,0.5417236803614885,1.1204085913861193
2021-02-08,-0.009705187255182298,0.1389464875530086,0.5345431034316599,1.1061612566920536
2021-02-09,-0.019387138204029007,0.12188302964698472,0.5139051668919822,1.076264509574053
2021-02-10,-0.016983912794925497,0.13283023641005098,0.535285506918324,1.1072573350575585
2021-02-11,-0.02769294191965128,0.11714244134895731,0.519729172890295,1.094384674716903
2021-02-12,-0.02261124977202861,0.1437879975702397,0.5737566804773683,1.152203938939202
2021-02-15,-0.015254066997990137,0.17059632633489313,0.6273785188021399,1.219304627173519
2021-02-16,-0.009516042921844995,0.1993596327373657,0.6786047429070136,1.2667852206564574
2021-02-17,-0.029933366064395218,0.17165505416233534,0.6334641863740854,1.1994830356422381
2021-02-18,-0.011546355300359735,0.2105950132642227,0.684960287210336,1.2419792578399331
2021-02-19,0.01750390346690816,0.269260677205529,0.7566440845862504,1.3017702403107805
2021-02-22,0.00968450822505566,0.26286499233104255,0.7513448595071612,1.2948238446160836
2021-02-23,-0.001267799649529195,0.2688952032308066,0.7918962575201357,1.3604726679494208
2021-02-24,0.0019124764855018542,0.2872070513387114,0.8380871450035443,1.4470967704197804
2021-02-25,0.06301106586404041,0.34592016263180414,0.8597984639320971,1.4286196735474728
2021-02-26,0.0942820820770653,0.389559479503728,0.8925859912789906,1.4180892919571018
2021-03-01,0.06750159287972886,0.34121487523997407,0.8371835921099298,1.371869481313038
2021-03-02,0.02585393485148561,0.29627008330861637,0.7773672441907322,1.2881568650831707
2021-03-03,0.046814048864096784,0.3425843178642948,0.8464596538407863,1.3632705745106353
2021-03-04,0.04440770811582925,0.322693590493066,0.8063797790971133,1.3107604725799693
2021-03-05,0.07169402324221176,0.361635890036955,0.8444339809920395,1.3223802811234708
2021-03-08,0.05570676349765174,0.3432027883099199,0.827230160471553,1.3050423251096206
2021-03-09,0.04696789108728696,0.32507805040652565,0.8016153871533357,1.2651847193151893
2021-03-10,0.034109285013688845,0.3142904687553985,0.7955037925618174,1.2558324634232523
2021-03-11,0.04694970559433611,0.3275807622400738,0.8244789825649438,1.2978949235196433
2021-03-12,0.06253128555623867,0.3758456550998669,0.9087421453306368,1.3852652215844334
2021-03-15,0.054827924689189816,0.3590746297639892,0.8759149767407871,1.3547789714195384
2021-03-16,0.056225083756907934,0.35955276965380867,0.8698180657454516,1.3497798551418057
2021-03-17,0.07311330604418749,0.39409022858514525,0.9177615604028426,1.3911431234689249
2021-03-18,0.06423664520141532,0.4085582835825951,0.9620692058656525,1.4296432024939894
2021-03-19,0.052508378022960656,0.38270363567705473,0.9272161994226884,1.3913111144395702
2021-03-22,0.044905950135109125,0.36434580474082173,0.9056818832132155,1.370466034967609
2021-03-23,0.022797004926434706,0.32336502882569285,0.8527927927969756,1.3213209224318745
2021-03-24,0.02772099307541549,0.3226889815529607,0.8364431045438305,1.3025829928755965
2021-03-25,0.0158493431337648,0.31120585897233083,0.8173867801079471,1.2691418130678878
2021-03-26,0.026732646134960004,0.3235742353526453,0.8384499715941338,1.3010551495873621
2021-03-29,0.03644890980663006,0.3430257245166144,0.875111546021268,1.3450331671925784
2021-03-30,0.05725634683323818,0.37897019543800037,0.9256796792624875,1.4018108291310523
2021-03-31,0.07251766887454995,0.3901134998261341,0.9281940618331405,1.415304274599553
2021-04-01,0.054552481433436203,0.366844252754899,0.8858587657649626,1.3724733452887772
2021-04-06,0.05701327197792266,0.37072206730524804,0.8821056077269004,1.3601615075096254
2021-04-07,0.05601593472178475,0.3684446582407932,0.8742347979681415,1.3524429309977084
2021-04-08,0.03999613212235908,0.34890385309995525,0.8476541666915904,1.320309005728894
2021-04-09,0.042565637477970764,0.3626544209781025,0.87172887069627,1.3363042043918283
2021-04-12,0.043144484555310156,0.36752040890628807,0.8835862272870395,1.3354516334551725
2021-04-13,0.040836167401378236,0.364326646991189,0.8757466036766189,1.3355792289102895
2021-04-14,0.05239830255234673,0.37758401808669434,0.8974094615160348,1.370318153635669
2021-04-15,0.022682954688668697,0.32115008655608623,0.817327338308645,1.2821707324575198
2021-04-16,0.03537891744070581,0.344686574320688,0.8557597427291922,1.3292554910211531
2021-04-19,0.03288801537821031,0.3383494933170297,0.846076233443012,1.3157842661606716
2021-04-20,0.03240588667074696,0.32696387057477094,0.8242401332963469,1.2951187400116022
2021-04-21,0.03583694302642881,0.330381917596714,0.8352614404279823,1.3141142005759912
2021-04-22,0.032438661223375444,0.32045553295591944,0.8199653316979546,1.2926540339120671
2021-04-23,0.03547748826391175,0.3273446615422841,0.8385714473991099,1.3066210209065168
2021-04-26,0.045799066154164784,0.3391385449537006,0.8449609291444151,1.3085724352101826
2021-04-27,0.05756430650062962,0.3525774885072164,0.8590781896951686,1.3214561529954278
2021-04-28,0.05644768819761909,0.36852287464481537,0.887062323985704,1.3382863464373256
2021-04-29,0.07322502160659104,0.4007375409166164,0.9347879387518457,1.372549894756961
2021-04-30,0.07590688825832269,0.40362754170785,0.9310110795761654,1.3626621438527176
2021-05-04,0.04268549885161902,0.3615323748010241,0.884266604995466,1.310705910426631
2021-05-05,0.04852922691204283,0.374221874038774,0.9079886128905308,1.3476160312280014
2021-05-06,0.025120732419077793,0.3401698489613441,0.8772703947629568,1.3400693835945374
2021-05-07,0.016760581351583155,0.3159639108405539,0.8564629304567584,1.3305556081042635
2021-05-10,0.026263281352498224,0.3340206383716301,0.8802516639344619,1.3531815324142589
2021-05-11,0.05416698071201185,0.374614433559163,0.9340407970498641,1.4200274594469635
2021-05-12,0.09349131308831113,0.42444189075363914,0.9867749667611434,1.4583709716241975
2021-05-13,0.09497574852063777,0.4338560090081849,1.0004446507327258,1.4745428713906996
2021-05-14,0.07993847067470936,0.4104054874374177,0.9662369084435669,1.438606944439998
2021-05-17,0.07515095209762623,0.4092802448229521,0.9676770915868165,1.4348969766352269
2021-05-18,0.07638588584757283,0.40502729309196556,0.9623953394869256,1.4419678384258499
2021-05-19,0.061981947296562964,0.3901285619307421,0.9417575113575735,1.4204144721067933
2021-05-20,0.05331414053210959,0.3887614744402515,0.9440057560563252,1.4239761302473386
2021-05-21,0.047264126070853146,0.3843107156235709,0.9370536130131848,1.416464389613489
2021-05-24,0.037702170273823034,0.36438969322997894,0.9118061396084615,1.386965700015946
2021-05-25,0.02712775671584567,0.34833766276702216,0.8892935025974238,1.350212147638243
2021-05-26,0.02890654892240136,0.3252198200189301,0.8508847863701428,1.3086161714543922
2021-05-27,0.06068085422063737,0.37418491616431987,0.9098831066739683,1.349869723490255
2021-05-28,0.05825109806476882,0.36263035311156216,0.8888070997107029,1.328166703715118
2021-06-01,0.07188540403171574,0.38994567581727185,0.9300376018596361,1.3792953005931408
2021-06-02,0.05708302258866429,0.3664312190084462,0.9019702042939934,1.3600046587602863
2021-06-03,0.07481057761966428,0.3916236450954807,0.9352352461719201,1.3930811455429148
2021-06-04,0.06292685538937771,0.36685153582517394,0.8960130267353963,1.3604411542452892
2021-06-07,0.07773435649868059,0.3829268524498064,0.9104182566348387,1.3770816633414604
2021-06-08,0.06359418487111167,0.3612754737693685,0.8783575123947458,1.3456114703000444
2021-06-09,0.05422723272020183,0.33735008917638976,0.8365642722734409,1.3023918477469876
2021-06-10,0.06851496992005231,0.35592489974910185,0.8574550528395306,1.3207470216034694
2021-06-11,0.0512178953299454,0.3207677160493638,0.8136604271447674,1.2818352357055312
2021-06-14,0.0614004170277511,0.3385085334195006,0.8373575912709533,1.3051099362179166
2021-06-15,0.07922013526749973,0.36278181352825717,0.8621076638866834,1.3070536461169513
2021-06-16,0.07951502944932509,0.3578781008804863,0.8480482812186674,1.2914883331391813
2021-06-17,0.12530812596479862,0.41477688538688257,0.8880258393277304,1.2950803310015855
2021-06-18,0.13395856065349182,0.4061277057629583,0.8507281633025384,1.226823509644336
2021-06-21,0.13355570219449445,0.40672761582131695,0.8569199910209072,1.2379300639791844
2021-06-22,0.13279933392739215,0.41526359684783215,0.8776265242612521,1.287600720897051
2021-06-23,0.11610232787934716,0.4128434362880261,0.8783430470202506,1.3044663770622462
2021-06-24,0.09083724415260555,0.3783420639241633,0.839448680433677,1.2695717328236544
2021-06-25,0.10395985484614252,0.40053822314254184,0.8728333755592086,1.3087935293792057
2021-06-28,0.09451090487909014,0.3772993454055921,0.8296341184375706,1.2590511800186388
2021-06-29,0.08424519173376627,0.37109093320461833,0.8316058329663294,1.2726637033220967
2021-06-30,0.08157668102247428,0.36183719322923846,0.8202061771791161,1.2681885226620055
2021-07-01,0.080795548193151,0.3614563561888566,0.8274321962360803,1.274801873919169
2021-07-02,0.0725594668537709,0.3450704804956167,0.8049963629448692,1.2586359744000346
2021-07-05,0.07058983718824227,0.34242209048928435,0.8144799403968804,1.2690567068341054
2021-07-06,0.05504977001183565,0.2912135510998188,0.7263204565892661,1.191638399842565
2021-07-07,0.05856268459147816,0.2712367919212348,0.689583997333203,1.1465206073378733
2021-07-08,0.06805307015072228,0.27227041262953205,0.6889963570772533,1.1401461281706269
2021-07-09,0.08981388919726907,0.32328966854016133,0.7555190740582132,1.2083060727364492
2021-07-12,0.0870747939851218,0.31505721988700647,0.7375346658072957,1.1826461974082176
2021-07-13,0.08324073821814107,0.30621345663955285,0.7115267825772017,1.1403233402990154
2021-07-14,0.08783515376277984,0.3213970558351068,0.7173490200785065,1.1348811151708358
2021-07-15,0.15920872920002224,0.38385962674913393,0.7569577499369398,1.1814213539757656
2021-07-16,0.1289083234468577,0.3481544728703724,0.7140651387428165,1.1419527313541773
2021-07-19,0.08013436669818182,0.27987320905691837,0.6317050181865651,1.0455875521149818
2021-07-20,0.09303334610481419,0.2857424835393844,0.632080690293473,1.0193660136166587
2021-07-21,0.1152725468017981,0.31933086821420376,0.6848863715482689,1.0801674666024985
2021-07-22,0.08434957934901867,0.2892725183706363,0.6520789945819824,1.0273778396114293
2021-07-23,0.09583510671960213,0.30543986746660007,0.6693324716291832,1.0281556340758118
2021-07-26,0.09685086483048717,0.3003200126828919,0.6548543866960369,1.0117478282561225
2021-07-27,0.09571034228007694,0.2984056551593396,0.6469898111300274,0.9994924534360451
2021-07-28,0.09557816320659569,0.2994915222828022,0.65431288635382,1.0084379037470064
2021-07-29,0.08248337122074893,0.2938602489781756,0.6515824019113697,1.009794366881425
2021-07-30,0.07109842543021526,0.2866687974059428,0.6500455265980895,1.0085199969618273
2021-08-02,0.05933453526554453,0.2649270272039124,0.627313669469069,0.9910301619083576
2021-08-03,0.057353402457557864,0.24619611882599793,0.5994400760373595,0.9550216595372104
2021-08-04,0.08000774061726951,0.26321438132334274,0.6134648703472692,0.9660581211398604
2021-08-05,0.0880185426801485,0.2569555678089317,0.6042575426222175,0.9476979534663619
2021-08-06,0.14999916486823,0.33238500050672043,0.6980307873063085,1.0301882451288542
2021-08-09,0.13725843130486384,0.30722210112199816,0.6585550890623507,0.9603731071313348
2021-08-10,0.15519712802493016,0.32116652845344457,0.6609405090727999,0.9572800948618052
2021-08-11,0.1348881362582079,0.31107407500844697,0.6579599022843083,0.9595888864296714
2021-08-12,0.1564352488350669,0.3327574679639264,0.6772865572283887,0.9935841556738789
2021-08-13,0.1483963806495841,0.32166198450487604,0.6582758011372075,0.9739524836485728
2021-08-16,0.14482419690054066,0.31681354109697785,0.6492442939326687,0.9652315753944901
2021-08-17,0.15501789477533826,0.3165954037208729,0.6399478885444093,0.9495696514318741
2021-08-18,0.1462400865133646,0.3133497443195152,0.6480367630515399,0.9718692165791779
2021-08-19,0.1234634140232626,0.2871012089535827,0.6232991231818937,0.9546198955643544
2021-08-20,0.10467876690666138,0.2655827468197412,0.6077605141419188,0.9537829740000547
2021-08-23,0.12248346247427154,0.2838317340790658,0.6210076590465106,0.9630426311836818
2021-08-24,0.13202691858644724,0.29057890670841,0.622227456585385,0.9628867358765412
2021-08-25,0.1539259490283682,0.3291148682493006,0.6823884884746962,1.0315365773561533
2021-08-26,0.14406595305570827,0.32703673862807553,0.6808387826220579,1.031706071857355
2021-08-27,0.131874140952347,0.3183132372454672,0.6694278062094688,1.0188212381637303
2021-08-31,0.15816804343800306,0.3452693724761872,0.7137951025342846,1.0794379525748072
2021-09-01,0.13658622807448267,0.3245991212695673,0.6900583892133461,1.0541105040841412
2021-09-02,0.1265779050961739,0.3119879003755425,0.6761597485509093,1.038032287189185
2021-09-03,0.12585964276979975,0.32624203304302674,0.7076921581556952,1.0789318606783125
2021-09-06,0.11207440194039849,0.3104109822322297,0.6867221984521158,1.0548920849408545
2021-09-07,0.1284132800848363,0.34097529856111436,0.7354511795690383,1.0958177831059193
2021-09-08,0.12942297036520045,0.34011801525202456,0.7257685084543206,1.0776788160293704
2021-09-09,0.15193749991886088,0.36448145368693796,0.7328994293706936,1.0747517028693376
2021-09-10,0.14907545926317395,0.36570224944120183,0.740330297492773,1.077314118334638
2021-09-13,0.15818286230436623,0.37219126899208466,0.7404131466747741,1.0694245279522456
2021-09-14,0.16087094830120904,0.3749091361697247,0.7321708565273485,1.0534485255850548
2021-09-15,0.17642340856189712,0.3975511425086474,0.7539136145698653,1.0719566429607663
2021-09-16,0.19991540811845337,0.43876790022990714,0.7998900617649358,1.1202736101354143
2021-09-17,0.2134902066930867,0.47068541305846046,0.8473386639736183,1.1687306810698683
2021-09-20,0.18493974246765016,0.4274965507165559,0.7976896192873053,1.1201901824598999
2021-09-21,0.1933062983440526,0.42926178932880016,0.7932432100373296,1.119593015352564
2021-09-22,0.20019139065586525,0.4331145235314072,0.7929930576839422,1.1275625577378938
2021-09-23,0.29801310272652987,0.5412952637350518,0.8960589739038938,1.207879501835932
2021-09-24,0.3011119669326336,0.55338755889681,0.9297167646807216,1.252068713768922
2021-09-27,0.29547929536914164,0.5620167535739748,0.9542837739101596,1.2928594230399648
2021-09-28,0.3094724478343039,0.5923822316719047,0.9953476594463316,1.3405992660067578
2021-09-29,0.3053186052227705,0.5821861334904754,0.9880462481811,1.3450373819748782
2021-09-30,0.33176236332153025,0.6186485971386022,1.042922368020134,1.4076382300339985
2021-10-01,0.3298697455380695,0.6055095164003125,1.0272542492888657,1.4058379114185784
2021-10-04,0.31716122987674394,0.5910259675804904,1.0146738656801348,1.3998478121097664
2021-10-05,0.37581579235149837,0.6621430194635755,1.1005464874910615,1.4805482315205505
2021-10-06,0.39352189555213796,0.6633571003770272,1.0840013343901167,1.4568127738883447
2021-10-07,0.4008218922158814,0.6701479338556069,1.0881100017068595,1.4559979082793684
2021-10-08,0.46847423994325516,0.7423821663900513,1.168279271073857,1.5250280768287554
2021-10-11,0.5090301336816552,0.7730682183152505,1.1905804470861947,1.5375899536992852
2021-10-12,0.4909523944470139,0.746325603013476,1.1503974266249846,1.4712855555668507
2021-10-13,0.4919064153457599,0.7078676474401326,1.0627360026358288,1.3331793233580493
2021-10-14,0.45249216495263783,0.6738054982466741,1.0427902519353094,1.301939576693815
2021-10-15,0.49958649248977616,0.7202384618152159,1.089650799120999,1.3756046984970955
2021-10-18,0.6590627156288861,0.7989169877639597,1.1180423295495712,1.370960442873823
2021-10-19,0.6624648797390575,0.8122974994435852,1.1458260390395618,1.3599268658600077
2021-10-20,0.6259560347210121,0.7907979336994102,1.1481531145707957,1.3900084736824667
2021-10-21,0.6480288610694807,0.8331644870690754,1.2054917486641703,1.4476954289941308
2021-10-22,0.6278289668029422,0.8097948952867297,1.1595191909461953,1.3784682747072072
2021-10-25,0.5873010061288509,0.7770806422003019,1.1374416217080494,1.358404665206826
2021-10-26,0.5693927363505624,0.7580561964500082,1.1108149495151665,1.313790531162247
2021-10-27,0.505265931579017,0.6596991875789544,0.9751300404286841,1.123999152270881
2021-10-28,0.5650293122492348,0.6988683901052285,0.9791298086792221,1.0765047123309048
2021-10-29,0.6502985901833145,0.7934590914377153,1.0392618847250323,1.1091432042863554
2021-11-01,0.6054724056635614,0.8033451727683237,1.0689037825290377,1.1365852462707282
2021-11-02,0.5734300190708914,0.7554675307572569,1.0297859944351768,1.1489659629662385
2021-11-03,0.6103944229294154,0.7946686232873816,1.0679632413782854,1.1861775590306154
2021-11-04,0.4007384156384633,0.6145765867888545,0.9527500021406432,1.146794186308152
2021-11-05,0.33246247006731683,0.5141604566296342,0.8400803364578764,1.0095765307620899
2021-11-08,0.3509688695573719,0.5265634905707797,0.8548714095297028,0.9992625588452325
2021-11-09,0.40003161320697567,0.5444078039092466,0.821928083626006,0.9249692992613562
2021-11-10,0.5191919444946068,0.6591200301913752,0.9261186549475318,1.0498451462069514
2021-11-11,0.5050917297391799,0.6476222645822767,0.9179080719749312,1.0489278988420565
2021-11-12,0.4667247876182149,0.6226755205141415,0.919705303923829,1.0706895104682002
2021-11-15,0.4926297485736165,0.6525616420665943,0.9539885947028862,1.1027222299705162
2021-11-16,0.5259247116055931,0.6807506536221587,0.9715857358254922,1.1107576982359122
2021-11-17,0.5126771320147799,0.6736780712475515,0.9808920944762128,1.1351122277472399
2021-11-18,0.4743784897992266,0.628461380637687,0.9366711426462411,1.0851101456058019
2021-11-19,0.42989654608265604,0.5834943664554811,0.8882264465634668,1.0205305892266545
2021-11-22,0.46729365616189966,0.6276228930440139,0.9380693005720907,1.0685691182278831
2021-11-23,0.5109483420000743,0.6805819626867983,0.977749934690468,1.0612093393076203
2021-11-24,0.5301038504122558,0.7122508760579996,1.012139916134704,1.0791746967008884
2021-11-25,0.5058143685840918,0.6814755848966041,0.9682302363444444,1.0414132481670222
2021-11-26,0.38535007831319373,0.5420988316954858,0.8110788365642889,0.911547624712853
2021-11-29,0.4257599412521366,0.5823841587198354,0.8497281105193044,0.9238934787226216
2021-11-30,0.43333209518858784,0.5809392056524205,0.8243503835292406,0.859060051600206
2021-12-01,0.468013761613407,0.6077095856718246,0.8379351638547361,0.8942062101510969
2021-12-02,0.44666759877486967,0.5779756920406802,0.7997428038338639,0.8812935787229096
2021-12-03,0.41765409560700695,0.5499708537917641,0.7685897112195683,0.8570190328892324
2021-12-06,0.3916814526618493,0.5214427974102103,0.7347129838570615,0.820035139351375
2021-12-07,0.38440961467454277,0.513825838759141,0.7233732240340703,0.782693962608166
2021-12-08,0.36746064569939985,0.5160790543064251,0.7545787775550419,0.8034641361069831
2021-12-09,0.34258320080628946,0.49785683324273516,0.7478898909950908,0.8415461381807404
2021-12-10,0.3310816268141302,0.4799732794075241,0.723873364323065,0.8377625663706976
2021-12-13,0.3220213256232894,0.46880418510798477,0.7052502381730477,0.8415297198750351
2021-12-14,0.35833490317544536,0.4957361331751001,0.7241936068480912,0.8742129340525187
2021-12-15,0.3979500454517977,0.5180143729111156,0.7285792106658537,0.896365128602255
2021-12-16,0.42736626703333,0.547890885155289,0.752464273877018,0.9107416672713479
2021-12-17,0.4463012024501938,0.565515023930406,0.7755633753069999,0.9588164481609365
2021-12-20,0.4670435059311662,0.5766053779399869,0.7772321362370536,0.9589478893584221
2021-12-21,0.5518467699430898,0.6696751424380039,0.8847313397244138,1.0748311647103628
2021-12-22,0.5840082638944661,0.6952838827985943,0.8995585361085687,1.0832366859101943
2021-12-23,0.6132816395977271,0.7310947532918588,0.9410451833622341,1.1158411230668241
2021-12-24,0.6008065146268918,0.7184560206815965,0.9267331465997538,1.0951365974724245
2021-12-29,0.64737216521487,0.7900573172956832,1.0194825171354762,1.1851920607973292
2021-12-30,0.6233937318657953,0.7656305473530782,0.9830724091524223,1.1406202945542654
2021-12-31,0.6246236007163083,0.762078055120731,0.9785405947660664,1.125016079046953
2022-01-04,0.7087385689352609,0.8583149007032713,1.08417463562552,1.207059196886637
2022-01-05,0.7061573349109999,0.8656011121452367,1.0862690258273215,1.1956169181178147
2022-01-06,0.7545898320154096,0.9264334541728072,1.1574940485562526,1.2651983181660975
2022-01-07,0.7709843039423063,0.9524181440503272,1.184891319971941,1.2868396302337075
2022-01-10,0.7854897915208443,0.9675235951420479,1.198964533585093,1.307438262430013
2022-01-11,0.7861834117615828,0.9656210506281095,1.178135310875244,1.26185379136988
2022-01-12,0.7717978545085258,0.9438132193622157,1.1558041734135638,1.2404076876116457
2022-01-13,0.7283092124520012,0.904803688239236,1.1251622760982583,1.2153798661269792
2022-01-14,0.7570800498476702,0.9292474281783552,1.1568035960040484,1.2434401530501662
2022-01-17,0.8027757208185416,0.9580994872943742,1.1952086361011531,1.2903456974092156
2022-01-18,0.8294084592700283,0.9876431817522843,1.223918968176926,1.3186884413590592
2022-01-19,0.8773760620434652,1.038565100704024,1.2779072800128284,1.3769322032935496
2022-01-20,0.8585460269731704,1.0089902957199814,1.239544295843707,1.3471605973281315
2022-01-21,0.8384426371304408,0.9616822742494605,1.1811141254331545,1.2935301963187844
2022-01-24,0.8317573397603161,0.9330399602113444,1.1369367082597726,1.2401053309195582
2022-01-25,0.8476656867559145,0.9522993736526129,1.166077929143634,1.272987125920442
2022-01-26,0.8826690851392816,0.9931354033893312,1.2166311261208431,1.3358614421347128
2022-01-27,0.9280439101394851,1.0312355849250752,1.243186942501054,1.3520756332461201
2022-01-28,0.9292095856334004,1.0321658071156903,1.254826764130898,1.3656272374058605
2022-01-31,1.0075014472545234,1.1020313300840499,1.3237987446741033,1.454743570917933
2022-02-01,1.023968330875987,1.1116392937823918,1.3208279509696979,1.436170786352085
2022-02-02,0.9848296713190855,1.0704590337698,1.2628475534039523,1.3543785531176222
2022-02-03,1.1128847352338105,1.1940253602681306,1.3857357794552108,1.4614492301383948
2022-02-04,1.2247538656282757,1.2685326513321444,1.4169825795314746,1.4739221556694801
2022-02-07,1.2408858084883816,1.2780758048932335,1.4257492507761196,1.5049797426099099
2022-02-08,1.29409752956245,1.342282720120459,1.5039587595475772,1.5928888299722168
2022-02-09,1.239522900920896,1.2763026268425706,1.4324748408962866,1.5213723716354184
2022-02-10,1.3240093587021202,1.3607456532781375,1.5218747222675835,1.5999561458777862
2022-02-11,1.3754333729674555,1.3829597255388428,1.5381167686738726,1.6016000286412972
2022-02-14,1.450778832691926,1.4382128917811943,1.5720812745576755,1.6244000445117222
2022-02-15,1.487733891576758,1.4690014846152508,1.5768314704150517,1.5878022543055554
2022-02-16,1.3588627880832271,1.3688604312070578,1.526377494938962,1.5685346586847322
2022-02-17,1.2962638033432503,1.3037951522700646,1.4731210149724094,1.5375728316510642
2022-02-18,1.2371738104710577,1.2334802901157904,1.3936464846440948,1.461584599214828
2022-02-21,1.2427656516749026,1.2425870955814264,1.4098570293449713,1.4724448802049137
2022-02-22,1.3015106853287635,1.3076155909327762,1.4785576947663372,1.5293747705210334
2022-02-23,1.255464480322422,1.277994217312213,1.4831780764636844,1.5370081097278532
2022-02-24,1.223348598997573,1.2464256648974803,1.4593728790673073,1.553649454616514
2022-02-25,1.173984199877757,1.2109522250526497,1.4673210796329665,1.5969328945742227
2022-02-28,1.0529084470038503,1.1000578369835554,1.4273707864300698,1.5901960173043215
2022-03-01,0.8226964510566018,0.8379988366383033,1.1579153555921935,1.377157931962023
2022-03-02,1.0665468861201555,1.0278852555964675,1.254425028148383,1.4530406079695684
2022-03-03,1.1243045441460535,1.102416294457278,1.314207414698751,1.5256540420693834
2022-03-04,1.0583454972329895,0.9896462656012691,1.2012473338216976,1.4312121789497023
2022-03-07,1.1672412184658247,1.0932260702363858,1.291771412312689,1.479408156333572
2022-03-08,1.306860484451993,1.2334966045477995,1.4185684654981288,1.5785598026415308
2022-03-09,1.3996545259675974,1.3362996522423953,1.5069027811749431,1.6565015757759283
2022-03-10,1.3448864363266957,1.316009166106492,1.5176089384584908,1.6817370814883525
2022-03-11,1.341191731035318,1.3139251989048213,1.5226482058504343,1.6831985459271908
2022-03-14,1.3993171173302574,1.390282556805826,1.603419235504561,1.7560045609403048
2022-03-15,1.3556253822929119,1.3532689742891528,1.5674357926654447,1.721621125807028
2022-03-16,1.4132418130789333,1.4181432907473153,1.6306935746447366,1.7848297428819497
2022-03-17,1.3047704981147124,1.3329658738006467,1.5755996889923398,1.7788185496418742
2022-03-18,1.2047372386143935,1.2395914144717777,1.497455095563122,1.7184127514547283
2022-03-21,1.2967392465187744,1.3493766758319077,1.6162697898436846,1.8257220568664152
2022-03-22,1.404685511043185,1.4536917943643548,1.6988951885153007,1.891137607245564
2022-03-23,1.3793870471580212,1.4234542353515571,1.6471830835094246,1.8487996857480673
2022-03-24,1.3443388417548585,1.4040903340944255,1.635313722391233,1.809225616172911
2022-03-25,1.4064706715887283,1.4585372239933458,1.6791210195873958,1.8416984505370977
2022-03-28,1.36837814411275,1.4133108686542097,1.6135667022289044,1.7467896624673078
2022-03-29,1.3708780671974394,1.4315306767495939,1.6508276451033708,1.7680891347570422
2022-03-30,1.3825077533801235,1.4467734531511167,1.664065008147031,1.7769880590940268
2022-03-31,1.3749607782158615,1.4275684632806964,1.6263836211905764,1.7486906279622578
2022-04-01,1.4050138166963155,1.4476836755469835,1.6308212918834648,1.7191450746760213
2022-04-04,1.3938794667247343,1.4120480958202815,1.5643192020462946,1.6434796785035968
2022-04-05,1.4824250601387117,1.4996138374062735,1.6662194459999782,1.7408022341779898
2022-04-06,1.4913668729347467,1.53704717694742,1.7253547122216717,1.7954540213739678
2022-04-07,1.479622464567627,1.5330220678899964,1.733371228922494,1.8222282170725235
2022-04-08,1.4923832829094534,1.551349907813065,1.7628609101163413,1.8654849618601241
2022-04-11,1.5549252960855167,1.6227325375829609,1.8458055855314452,1.9373902892421926
2022-04-12,1.5081271502649756,1.5773718539562416,1.8041467282045123,1.90757790678911
2022-04-13,1.4973218095071121,1.5715432005872074,1.8099406790001111,1.9107442969755648
2022-04-14,1.5475798625901462,1.62755193794093,1.883876729546539,2.000318960998442
2022-04-19,1.6053309912042026,1.7131374891503874,1.9894003850515083,2.1017245956860973
2022-04-20,1.58192330638453,1.6693106676302865,1.9175158539977393,2.0219572625047317
2022-04-21,1.7239149792473403,1.7820289427130263,1.9812302273529365,2.033126094694919
2022-04-22,1.710666255966391,1.7664008631726762,1.9537354157990816,1.9731297233845326
2022-04-25,1.562866359599712,1.6380660140966854,1.845873939442349,1.8964386101305402
2022-04-26,1.502771718934301,1.5812199790300354,1.7962457687629532,1.8475813505316723
2022-04-27,1.5047389680203083,1.5894139954187676,1.8231931303441915,1.892010590997719
2022-04-28,1.5498585719536302,1.6345858472189074,1.8781703964837977,1.962850872929385
2022-04-29,1.6111221095509725,1.689829028296181,1.919122078864475,2.000386696540514
2022-05-03,1.6482933879196977,1.7271703801826455,1.9526484312010268,2.0268347248355054
2022-05-04,1.6611116726312394,1.745510935317323,1.9782326882611614,2.041724870756293
2022-05-05,1.5438801550376002,1.668529678094378,1.9634186452642428,2.0756677141865945
2022-05-06,1.5185571531543147,1.6784348128342743,2.0191546953497004,2.1564388814446804
2022-05-09,1.4019874583804988,1.5881371827360522,1.966745927262367,2.122317669071848
2022-05-10,1.3346364776791977,1.4968889451215124,1.860158742416526,2.0226094132103203
2022-05-11,1.3351549794964561,1.4989824534190157,1.8817988127705234,2.0782442156475973
2022-05-12,1.223256523730811,1.3537433180644138,1.7175756480642335,1.9390716061495978
2022-05-13,1.260303029853137,1.3929454987014243,1.7616502196813848,1.9750852900218563
2022-05-16,1.2608607948441934,1.392167346403904,1.754888048450057,1.95815554894264
2022-05-17,1.4556092857058212,1.567945053761966,1.8909259263571703,2.058892824555706
2022-05-18,1.4684891611581474,1.5703932632887707,1.8690974541910872,2.047631252518866
2022-05-19,1.502158930271144,1.583480576972238,1.8727785415335756,2.0536578520937807
2022-05-20,1.5156935297910847,1.5997674698021442,1.9003295474184116,2.085161932385855
2022-05-23,1.5879534268094866,1.6780720664434086,1.9870289181632734,2.1520732387094434
2022-05-24,1.4433811767596372,1.5471061346215982,1.878572614520812,2.0726090764190803
2022-05-25,1.445729426539663,1.5648263601691372,1.9248809150702233,2.1330135260214
2022-05-26,1.4754778620607498,1.614505278010443,1.995889218765755,2.211051171447031
2022-05-27,1.4645518520249237,1.5807811370430476,1.9459765282836237,2.1793900057263813
2022-05-30,1.5016289917260688,1.61799797123996,2.0008299537854084,2.2265202700387623
2022-05-31,1.6206589266610185,1.7196692935005955,2.130324617771522,2.383674033526933
2022-06-01,1.6831188399543489,1.765255139404611,2.145705053503467,2.3768189628094754
2022-06-06,1.8126188631840119,1.8905485106727926,2.253919747230754,2.45785727133978
2022-06-07,1.7683341439608153,1.8548438518889951,2.204156175262683,2.3811590874606816
2022-06-08,1.8027838368280005,1.8949158722984052,2.240922687156579,2.4225531348111717
2022-06-09,1.8873310930871257,1.9850591596305762,2.3182202919079944,2.449199096386512
2022-06-10,2.067577707142255,2.1421602689026953,2.4144865108651077,2.503776569901641
2022-06-13,2.140162000417733,2.22248968611346,2.4927265459906023,2.5681336806834443
2022-06-14,2.138044354933455,2.2281765267029128,2.5454010773150957,2.6455646724867776
2022-06-15,1.9853615439355605,2.0804387497760786,2.4537746847554947,2.5857020500450045
2022-06-16,2.1453924431424585,2.1971705238284436,2.5135765409779944,2.6270153533576233
2022-06-17,2.2343534545344728,2.229317038208676,2.4921866822699883,2.622170863821724
2022-06-20,2.3237678344252455,2.322661024307899,2.593409850733194,2.7527002400589655
2022-06-21,2.331721090801165,2.342431999740918,2.6398051447791824,2.82388431341017
2022-06-22,2.1532656478317307,2.161666596763724,2.473990084911516,2.675219976872847
2022-06-23,1.948130989870695,1.9584216840495927,2.302744622319042,2.514122543681409
2022-06-24,1.9655638249177136,1.9732092487069337,2.3145399198125025,2.5108292043340703
2022-06-27,2.03541273223887,2.049941817252432,2.4003001526701064,2.602635606131892
2022-06-28,2.149400625796038,2.153135931608003,2.4864399797152936,2.679183914540046
2022-06-29,2.0690408807803737,2.0686259323899,2.396627092828001,2.6304229819418876
2022-06-30,1.9115909657166388,1.932737171602252,2.294233242450882,2.573393432857577
2022-07-01,1.6863659138865794,1.7261538663474005,2.12030568269692,2.430020633775126
2022-07-04,1.8467485851406518,1.8698137265993338,2.250267091578393,2.568311104252764
2022-07-05,1.7374515928091312,1.7443839661115035,2.1280807509907484,2.4905526079684046
2022-07-06,1.7681939176520993,1.7404550561648862,2.138797056612495,2.532717013992835
2022-07-07,1.843346949393383,1.78714309104973,2.162346452088689,2.5248356030177894
2022-07-08,1.947296381608337,1.897614309232076,2.2735562005308383,2.613173620331961
2022-07-11,1.9047874561022484,1.8477877665749294,2.232835168993182,2.594373548446441
2022-07-12,1.8188390437037874,1.7521120043384038,2.1496326629005247,2.595527647201256
2022-07-13,1.8366063150493463,1.759569328579471,2.1389996742850537,2.5458470226182928
2022-07-14,1.9645811826255695,1.8289555752945308,2.1634931433451645,2.5526375219249653
2022-07-15,1.944743384047286,1.809290931761181,2.1715248443500763,2.6094577311207234
2022-07-18,2.0073871851208387,1.870974411836984,2.2327456116978746,2.647345966875677
2022-07-19,2.0767863708156287,1.9214883910658913,2.2749569132858163,2.7046291987182784
2022-07-20,2.0929553039915265,1.9066038166183366,2.2178731018679296,2.6602438796022034
2022-07-21,2.002880943698471,1.8267704051792553,2.1140288956216304,2.508500496519536
2022-07-22,1.8656377434721507,1.7062736064596766,2.020852038795685,2.4500088428716276
2022-07-25,1.8551480480467306,1.7053559356288166,2.0246722815271125,2.5147089977091923
2022-07-26,1.8314489488048054,1.6795052143967388,1.9854979605107101,2.491218900720277
2022-07-27,1.8610416498421296,1.721910351989002,2.018952857631557,2.545994125134129
2022-07-28,1.7013780024841405,1.5941948728515494,1.92036280383881,2.441783193006827
2022-07-29,1.7259754009842248,1.6086852798457136,1.9277419947301588,2.4154322520181117
2022-08-01,1.6722222281020778,1.5433807848283503,1.8509099902559882,2.273210266135183
2022-08-02,1.738846739803825,1.5999694440497683,1.8854069436891812,2.247015121907814
2022-08-03,1.884781361687891,1.730772211552684,1.9724858245083108,2.300510693258284
2022-08-04,1.8590162615617067,1.6989448826826112,1.9273425585854507,2.25641989484607
2022-08-05,1.975795396508083,1.8588137611243762,2.088415402958634,2.404641870999456
2022-08-08,1.8827275709167508,1.765478620961252,2.000893996915426,2.333587498025154
2022-08-09,1.9394561621560218,1.816384146840766,2.03490288456952,2.3457607009726558
2022-08-10,1.9231288286009558,1.7796308478979834,2.002022582933348,2.3198740427319047
2022-08-11,1.9998674400035306,1.8808033156684452,2.1265190124041555,2.4511158691921144
2022-08-12,2.0369071861799544,1.9207696564452394,2.180123616932259,2.542540365717662
2022-08-15,1.9855873292459871,1.8394041845701565,2.080361831205459,2.4319299901512053
2022-08-16,2.117831445953897,1.961668939144864,2.1948257496921926,2.516870952734666
2022-08-17,2.340769094232839,2.1313815023499965,2.334943556058197,2.599810347757358
2022-08-18,2.363502274402075,2.1496741996287563,2.337798006775953,2.5645941379393116
2022-08-19,2.4527298920241725,2.2598101403323163,2.460745055930861,2.6771195263273024
2022-08-22,2.539531770003633,2.346867619111449,2.5445625531512794,2.787698421940546
2022-08-23,2.6235324900223675,2.4427834932015484,2.598698969380412,2.824495959436766
2022-08-24,2.855443205886096,2.645167810350788,2.7217982259228415,2.8652451851017378
2022-08-25,2.73975640461838,2.538655708751252,2.6609649394752233,2.832215148038681
2022-08-26,2.758863368725401,2.529354683833031,2.646119107041723,2.7979504043813517
2022-08-30,2.8809836258182524,2.6471160939445704,2.771152923989667,2.9296739138376378
2022-08-31,2.9716011868468373,2.73032607088303,2.8623612438189285,3.0175722192177554
2022-09-01,3.0431622955183824,2.8059733054280054,2.9689020546503406,3.1638637727170127
2022-09-02,3.025671318988866,2.7887207108216887,2.958402471914666,3.2057082663369814
2022-09-05,3.1170575803409966,2.8533189760277327,2.970291343855357,3.139285794184353
2022-09-06,3.0871817612671575,2.924530413423706,3.090737989914995,3.2994521413374307
2022-09-07,2.958175864276944,2.8640303242277207,3.073222295695943,3.320387999503137
2022-09-08,3.0356899170202394,2.973955391164609,3.2052064345428333,3.4672715327385455
2022-09-09,3.0401923167135334,2.9716042812475063,3.1723600563660943,3.4670510686894547
2022-09-12,2.9826392308333087,2.9178398205677185,3.10651664477368,3.3955264407222945
2022-09-13,3.0807059412937448,3.0228151652575312,3.192758611401269,3.419781595986875
2022-09-14,3.0550088725168627,3.0146742697083146,3.174005832557316,3.3876483613086483
2022-09-15,3.0802377485249925,3.039727526196864,3.1920643890131086,3.4127245086313125
2022-09-16,3.1337070392499458,3.0791484853442714,3.205638694614038,3.4233144227196277
2022-09-20,3.2962235652691727,3.2329579545151375,3.3363796404165824,3.5382061782327994
2022-09-21,3.3773029189936445,3.3105610276474793,3.369496073137829,3.542581182444814
2022-09-22,3.517354476730853,3.495647137000212,3.551565679538391,3.722018775325124
2022-09-23,3.9700840553554775,3.9647539302864727,3.8425629242445516,3.945889544112547
2022-09-26,4.411440377851073,4.366127960485116,4.181653538832818,4.353627336769033
2022-09-27,4.532578529357137,4.518778476980821,4.434104159208311,4.850398088904441
2022-09-28,4.281449733627421,4.2253673666586025,4.051666294705662,3.722059194189949
2022-09-29,4.362985439037215,4.310987065004939,4.121027633427302,3.684528316546264
2022-09-30,4.323497968477215,4.317213538208534,4.102077995587178,3.5417236399422736
2022-10-03,4.107242893465295,4.123494871455373,3.9765782006428223,3.6586234347751114
2022-10-04,3.9963556487388225,4.015744995340864,3.9036063325989034,3.8652534498482765
2022-10-05,4.087090117463959,4.134511237622229,4.052726148683276,4.088932107525011
2022-10-06,4.211603071254537,4.272043783634016,4.213395840639838,4.210174021761934
2022-10-07,4.235440689336855,4.303562595038018,4.282627378061651,4.274066019601924
2022-10-10,4.450279711366927,4.537509458930274,4.544508424070069,4.606920551101809
2022-10-11,4.311400543071222,4.436245719062078,4.4839292886827815,4.6986261669999285
2022-10-12,4.146734244100062,4.401095427438387,4.538721492639826,4.813380164485496
2022-10-13,3.931465481574244,4.179469321409179,4.303426467115883,4.54218336957777
2022-10-14,3.9532500287311243,4.204378387338806,4.386808501687532,4.749295119277833
2022-10-17,3.6226474852872435,3.878677340535657,4.066077816691732,4.338036018801139
2022-10-18,3.549808191410908,3.806376351739064,3.9966776298948488,4.206990727429203
2022-10-19,3.5224461384490464,3.7897429308785684,3.9383351625751133,3.8527644706704214
2022-10-20,3.54895736311333,3.811911215018302,3.9213668896275338,3.7740115274199373
2022-10-21,3.7627015070655965,4.028260861381593,4.110089296253056,3.89641226622648
2022-10-24,3.4584530832692604,3.735448658443132,3.820715577114054,3.630971441737856
2022-10-25,3.3932686461024626,3.663583322154487,3.726458715646589,3.55447634989476
2022-10-26,3.3340793068230417,3.5936690846480013,3.6770833909597735,3.58046979406411
2022-10-27,3.2084509903038945,3.4691260921897347,3.5846662696425033,3.505050870472397
2022-10-28,3.2378945933218937,3.457846653302004,3.536230830740429,3.405584272018236
2022-10-31,3.3360435537577295,3.565659429892569,3.616743331448164,3.4856910099200626
2022-11-01,3.195352230897418,3.4417442249705728,3.5422320877829208,3.437678700186166
2022-11-02,3.0821765901785896,3.3394112966310616,3.5120279404020636,3.475472327263527
2022-11-03,3.0903806254703077,3.362901048611885,3.579524752635918,3.5663052709567444
2022-11-04,3.096973409209338,3.3787301596267376,3.629951864250691,3.6518720274603313
2022-11-07,3.2400157927825317,3.475213508366611,3.703765740973485,3.723339404628203
2022-11-08,3.267530925523733,3.451805257931647,3.6335736153172924,3.6303617086920927
2022-11-09,3.2409172904880648,3.4039113535670977,3.522855302836317,3.4294922469529965
2022-11-10,3.099455538425132,3.2459424853763457,3.3473730993469895,3.251793704066738
2022-11-11,3.1713893221305205,3.3147053246772744,3.4320334105716213,3.3529871024382696
2022-11-14,3.163948782500718,3.3080281769247994,3.433458354078995,3.3652742412638035
2022-11-15,3.1361916514775565,3.270444418455475,3.3840029174766864,3.35190679824643
2022-11-16,3.028566913605404,3.1348575101306935,3.2255201519017356,3.183277347553701
2022-11-17,3.115554939346452,3.194909942290287,3.2770394256553486,3.2260070686784266
2022-11-18,3.185330248479945,3.2384670781466967,3.3128604031503377,3.2573444648729137
2022-11-21,3.1884108932853152,3.215380007965622,3.2554388307972117,3.1817565866239232
2022-11-22,3.148861088666795,3.1733012734326325,3.22082806654864,3.212082566014992
2022-11-23,3.12356473019886,3.101077419940938,3.0779566476390645,3.080947363020658
2022-11-24,3.164424323970304,3.1208066841542434,3.105376199809734,3.1582353432728496
2022-11-25,3.2648511396897626,3.2156331302925714,3.201802266587331,3.2307938489896992
2022-11-28,3.244968987469506,3.1894882500836395,3.193196464187091,3.2492793427073337
2022-11-29,3.212305905517337,3.1562033978557724,3.173715661661682,3.2654843796479085
2022-11-30,3.280354316953793,3.223427682215972,3.251518159526281,3.349794524382965
2022-12-01,3.2555082586331716,3.1678697786415997,3.198142689183414,3.337485801765893
2022-12-02,3.328231204308813,3.227107102863144,3.254034894095497,3.4316177402442007
2022-12-05,3.2918860000634793,3.181088293514848,3.180062276645585,3.360996289430288
2022-12-06,3.258969051743868,3.161141514097585,3.165127018326006,3.3616111025834794
2022-12-07,3.2411360807960437,3.121690266285955,3.1416547395009875,3.397042192180564
2022-12-08,3.274138914347308,3.128690841560661,3.1666922535539124,3.4469820921049075
2022-12-09,3.3508465802063383,3.1878633010837207,3.2488460577485667,3.5130064351278727
2022-12-12,3.422489863000258,3.24256199078323,3.292245750416621,3.589726852321204
2022-12-13,3.438496442443147,3.273876533867431,3.3452351020156157,3.656193753459124
2022-12-14,3.4013444485243856,3.263545078743342,3.39727606074337,3.6727655079801105
2022-12-15,3.3180889991380607,3.174732443213795,3.298752935850806,3.6062332053563986
2022-12-16,3.44274823126543,3.2967884280683064,3.417875544145621,3.656577351517589
2022-12-19,3.5557628568522848,3.4155212036574754,3.532567093607831,3.7502942701092925
2022-12-20,3.639167005537378,3.5501644368570986,3.6620289017209537,3.836013424173683
2022-12-21,3.6038576096045785,3.519316702694044,3.619982137677404,3.767126746624775
2022-12-22,3.599101091500541,3.5498303126228308,3.642174419232758,3.7814844529651763
2022-12-23,3.62413345310755,3.5889199766234285,3.676657414839559,3.8052693304662055
2022-12-28,3.623707618140333,3.6059773336466385,3.72717028165968,3.8512956724674523
2022-12-29,3.6163852672382117,3.6069384498552077,3.7416343160113086,3.8748310043871115
2022-12-30,3.578744492962955,3.581355825044689,3.7312337278778607,3.8498043585814545
2023-01-03,3.5788823422913154,3.5720939790282698,3.7084172937254998,3.85789519849746
2023-01-04,3.455951835148447,3.446477189689709,3.5765834343130174,3.746825637037229
2023-01-05,3.5111180888567204,3.4967955880740944,3.631127120001395,3.8338272161516596
2023-01-06,3.40964209074391,3.400063922798359,3.5511090495340256,3.8102438295560135
2023-01-09,3.4288598263865446,3.428165709739276,3.6139596833637464,3.92292062464716
2023-01-10,3.4335225384845582,3.434346363444349,3.6193671851585143,3.846336332033151
2023-01-11,3.3985424726846984,3.3001538607027285,3.4641952985541318,3.682190117052256
2023-01-12,3.327000540162846,3.2361780629771593,3.4163503940591142,3.647507648875421
2023-01-13,3.3581775284352147,3.2672897072161255,3.42097360852461,3.6548761470009152
2023-01-16,3.392696531952158,3.2995406952330306,3.4514869470605385,3.673767098670599
2023-01-17,3.3646305591199335,3.271005406002518,3.403525268310459,3.6315062587978155
2023-01-18,3.3557135556321005,3.244295092980198,3.3646260477732626,3.625836105562641
2023-01-19,3.3705764365807314,3.255153364060013,3.3626540834304146,3.605905174570758
2023-01-20,3.3475304689496483,3.2669432228046107,3.415361141106709,3.6622863120380487
2023-01-23,3.340921647036621,3.2653783082532306,3.427792291573194,3.683089717390138
2023-01-24,3.260323785188689,3.188219095944198,3.366035900807146,3.6063768211501355
2023-01-25,3.255177119222684,3.1563264580265145,3.34192654034628,3.5924678057637403
2023-01-26,3.283036411587527,3.19072233621905,3.3923762437062353,3.6318653730743358
2023-01-27,3.3051708261710213,3.2103917927837884,3.407671437176475,3.6744090443232653
2023-01-30,3.2899475228070907,3.2065105144319377,3.4010211783398376,3.6506211465470586
2023-01-31,3.2922113466579472,3.213750180056188,3.4113183965218026,3.6891524822284905
2023-02-01,3.2851358620961135,3.202266000781693,3.4168550569213956,3.7276798578409975
2023-02-02,2.9912535489256307,2.8711811065690176,3.1011356185720316,3.5253440235624267
2023-02-03,3.043977352442583,2.9240399690907655,3.1620012053418143,3.60716205939374
2023-02-06,3.2319751057896813,3.1128696241595173,3.325252698185826,3.6956327886442852
2023-02-07,3.2796155198221544,3.1690230467672036,3.372923070322778,3.707508893164152
2023-02-08,3.2588149610410637,3.168418876572565,3.3932111109264986,3.750042416536052
2023-02-09,3.306803248819435,3.200528102017097,3.3839626364233055,3.733681619403002
2023-02-10,3.4177227174672824,3.311954158239537,3.479249230765029,3.804280143376978
2023-02-13,3.448105852850223,3.33682592175071,3.4941647087522334,3.8118447528564343
2023-02-14,3.595474962879297,3.4574291332209066,3.5809323643275794,3.8449420706604043
2023-02-15,3.516622265013141,3.384367508171325,3.546291848667579,3.8188584577886506
2023-02-16,3.5347288703225512,3.397442378099135,3.589439437615092,3.8695081099006643
2023-02-17,3.556304962796481,3.422714836387338,3.615664840669619,3.914937472471712
2023-02-20,3.50174921649017,3.3719246426209395,3.5721885069984856,3.889553360754825
2023-02-21,3.670522089318816,3.5320453067729796,3.700439344422647,3.980775569837398
2023-02-22,3.661462834938483,3.5204503169393293,3.67324398653732,3.9458485874478098
2023-02-23,3.6805421140797323,3.5428611521602056,3.679788183043997,3.959911186626729
2023-02-24,3.768189351794151,3.6200368026633796,3.7336687766124697,4.008522417463321
2023-02-27,3.823507317422022,3.67506404482368,3.779743850613935,4.067514600150694
2023-02-28,3.858901380279698,3.6844809937605696,3.7806294350013685,4.0638058597023
2023-03-01,3.859020162121661,3.667256140249802,3.795911342733345,4.171335281321381
2023-03-02,3.8686373131386986,3.6762324813674496,3.823938974535406,4.194126426692624
2023-03-03,3.8945789874381957,3.6775633811514523,3.824465788298518,4.191931273932002
2023-03-06,3.925477387918039,3.686227624526701,3.7930330859155417,4.1388755739381935
2023-03-07,3.9649995057739202,3.7053681241668306,3.771511518828285,4.086298304498503
2023-03-08,3.942003465162905,3.6601240356699107,3.690305603218704,3.994207991434273
2023-03-09,3.977303241885037,3.700245752277823,3.737578738802589,4.0581522896409385
2023-03-10,3.777544145116517,3.506477840341143,3.555961893017623,3.9479539162334243
2023-03-13,3.555148348484257,3.2984689972671113,3.3381236401829426,3.8280649256636416
2023-03-14,3.678847265578905,3.4281542103267464,3.464792677326024,3.8905130244636457
2023-03-15,3.4900697511958465,3.249309436351671,3.295743597565012,3.741313790707659
2023-03-16,3.521675712936833,3.275292289131589,3.3190406953934257,3.753117221262255
2023-03-17,3.398262266389635,3.1608820866355436,3.2315190883500184,3.716580925447284
2023-03-20,3.4012166868350695,3.179933055101107,3.285023296069827,3.807631590555009
2023-03-21,3.4690929685938143,3.2268175064213103,3.3376559741522756,3.8237907021483193
2023-03-22,3.7154881794362904,3.3975914628371156,3.427958811942684,3.878842469700584
2023-03-23,3.5068107998296223,3.2217382169960707,3.3223907055945667,3.8211841770970105
2023-03-24,3.437700951443385,3.1296295843484354,3.2375489404772986,3.740175989688906
2023-03-27,3.54909559573522,3.2300505567045192,3.326788930384186,3.780633089879084
2023-03-28,3.5926275559629324,3.2987066583067977,3.4123961717050064,3.8147292541616276
2023-03-29,3.6254117015218976,3.318673527882413,3.410481722328685,3.7677350813849997
2023-03-30,3.6889256508621244,3.385435305792298,3.4718523855842305,3.7901850844119047
2023-03-31,3.7106896870245896,3.4063428008577494,3.478123641099785,3.8167761218289584
2023-04-03,3.5988661694147654,3.296946033086196,3.362767439036954,3.6768297409263306
2023-04-04,3.584899144108047,3.2988013775331604,3.3963004499862826,3.6916602296862067
2023-04-05,3.580368203012127,3.2880925478350087,3.403974030473512,3.724507754759068
2023-04-06,3.60271771855699,3.287392350806141,3.3976877773662713,3.7149123882884725
2023-04-11,3.7168219514268546,3.3897485279905246,3.498084877971062,3.7834128867093395
2023-04-12,3.745725411940885,3.4102301879054018,3.523542938886231,3.8096107831320136
2023-04-13,3.7396363365848617,3.400224886347759,3.520665524266066,3.867530165243704
2023-04-14,3.8409489810047424,3.499343507421911,3.6084608745733933,3.947692404501603
2023-04-17,3.862807171646791,3.5285387946129196,3.656982755260968,4.001274396135773
2023-04-18,3.9260783374674526,3.5823855663060007,3.695858796226035,4.033702072085853
2023-04-19,4.060058203625556,3.717442792034535,3.804860564196049,4.11549244233865
2023-04-20,3.9823318715364895,3.6461958561211056,3.7353851679905277,4.060925198038507
2023-04-21,3.989405664474806,3.6368388506608325,3.723119589763636,4.048468085069226
2023-04-24,3.9962161139593935,3.6422944753499045,3.7151003302299137,4.040962584864485
2023-04-25,3.9203676551576874,3.5706858691240604,3.63956239105599,3.9859739162748964
2023-04-26,3.9080418276244013,3.578647922876584,3.6574128541935544,4.009539697658919
2023-04-27,3.9718455346878274,3.665194555391765,3.7405590395070987,4.0965938175269185
2023-04-28,3.9543387886881884,3.6178167219494006,3.6782519842276216,4.038887281895201
2023-05-02,3.9094223139259303,3.5665003950133176,3.6268822463111947,4.028694770173418
2023-05-03,3.943502149138798,3.5891287562511573,3.649956310864301,4.063075634697183
2023-05-04,3.8780506961015897,3.539468635665716,3.640897682662989,4.0715139452093805
2023-05-05,3.941495300568773,3.6178919152055435,3.7292276581087678,4.149183982558561
2023-05-09,4.010245661406737,3.683615243432116,3.7891095576208214,4.186056388247358
2023-05-10,3.9854976996592337,3.653638400771444,3.751105686052038,4.1519155141309065
2023-05-11,3.9054611303393516,3.570007977437227,3.6714827231242895,4.111379953523796
2023-05-12,3.9562843167662294,3.62003201536467,3.7302475886756072,4.183105927454329
2023-05-15,3.9888084507081203,3.657006152556602,3.777943430804418,4.226091819828874
2023-05-16,3.973401174847076,3.6521544958410175,3.7773240771744945,4.231051437181753
2023-05-17,4.0112129125765525,3.682882555517981,3.7845587706949337,4.232795800456908
2023-05-18,4.113918707698913,3.81121625817565,3.9169237244635484,4.36664119033625
2023-05-19,4.125978268670219,3.853955517107915,3.968042917991635,4.387899830245496
2023-05-22,4.192448896455644,3.913561406510297,4.001970526768087,4.408290658487514
2023-05-23,4.292463413005343,4.019649580625399,4.115646285205624,4.514152641891424
2023-05-24,4.488243318217892,4.131298892826176,4.137647244339902,4.469632488556743
2023-05-25,4.668692090934248,4.320044155817964,4.302462056481106,4.580800480460493
2023-05-26,4.646479398687512,4.3044695235099235,4.293174923195778,4.597152222051792
2023-05-30,4.575932158745486,4.222112262872228,4.18831870352963,4.5331995183615215
2023-05-31,4.468054744915945,4.11682722098887,4.115478821409093,4.45397461187724
2023-06-01,4.4373338849755735,4.076180157364204,4.065126720267352,4.4116561661279965
2023-06-02,4.493239338782719,4.1087993360762205,4.087073302482315,4.412663934173124
2023-06-05,4.583932788646289,4.18359665675552,4.146446287635615,4.445819438632598
2023-06-06,4.610963649986067,4.20319268590779,4.143722850231161,4.405340651703957
2023-06-07,4.673194612337264,4.25231360009218,4.167128658569537,4.408552310599874
2023-06-08,4.641349435318895,4.252768874035942,4.18860288959079,4.430332957931289
2023-06-09,4.650003575085048,4.246754407484168,4.162938439770348,4.385777670882287
2023-06-12,4.740670231453976,4.346013915585163,4.255072555749513,4.459652871812286
2023-06-13,4.971436861014941,4.534393964881069,4.361007256466515,4.505307447745351
2023-06-14,4.916545867803761,4.496412786329106,4.328980708656607,4.457564659744183
2023-06-15,4.961667936237166,4.5393150092025065,4.316404421064933,4.3853979850220295
2023-06-16,4.980776507930983,4.564350806078987,4.32983902370904,4.390251733191663
2023-06-19,5.111089289195714,4.6797321230954045,4.40529630549386,4.412688976219362
2023-06-20,4.972557102592852,4.51783832121723,4.245141656810129,4.318491913666577
2023-06-21,5.07383553421333,4.5969774516414885,4.318727673337817,4.381625898421434
2023-06-22,5.099979539310046,4.5654747231980695,4.2892360684259305,4.363115605021651
2023-06-23,5.176108777484108,4.5575486802535545,4.215821302003865,4.309500739712069
2023-06-26,5.160656530548153,4.546301691520595,4.19985641193395,4.231575544169947
2023-06-27,5.283130239309557,4.6744530368195045,4.283976680118844,4.228915510686041
2023-06-28,5.167493255257013,4.594770176805634,4.238268144310412,4.246339937208419
2023-06-29,5.2093376715052555,4.6215764779033215,4.26522603546483,4.268993746945313
2023-06-30,5.262085797703536,4.679408304681155,4.288387616285496,4.258973296378602
2023-07-03,5.313512807411182,4.735189653863476,4.332322770699532,4.273183713143579
2023-07-04,5.282398357419672,4.713112538043413,4.314257522413747,4.261605813979725
2023-07-05,5.337830503007388,4.7870373445367225,4.38255265085386,4.3109842354477825
2023-07-06,5.454428735776583,4.91844833669236,4.540648649187768,4.470187041713319
2023-07-07,5.353967564593541,4.8643562017652435,4.545513095154897,4.514460560641555
2023-07-10,5.330654017963857,4.860747728089188,4.544676330241195,4.505069837624215
2023-07-11,5.357673132365195,4.880970470298585,4.557611130815487,4.5160424226486775
2023-07-12,5.197800414882576,4.717446136782584,4.433736074233525,4.469631413272253
2023-07-13,5.119208451055069,4.601888259905683,4.36006000820432,4.437095332534278
2023-07-14,5.1360571536783635,4.580041192391064,4.337082850495386,4.41072667982877
2023-07-17,5.119654692971029,4.577713533901166,4.36169068323063,4.450171403337609
2023-07-18,5.027790646995836,4.477760816549305,4.253221943377544,4.362167993471825
2023-07-19,4.816861264457717,4.291008490281326,4.115769134990484,4.246619831125719
2023-07-20,4.914247276854982,4.3768713919035465,4.181167008485369,4.292957634138498
2023-07-21,4.874426228482225,4.360671403778413,4.180264567017172,4.297192119448143
2023-07-24,4.859431751041646,4.340739318015512,4.164847970986322,4.308425483851253
2023-07-25,4.9033382569256,4.37477482068071,4.189591733741797,4.329859391582165
2023-07-26,4.974748593861377,4.434080059297678,4.19712556646161,4.30219747081984
2023-07-27,4.9575565096813525,4.4390777783964674,4.229491681807309,4.3416453551088425
2023-07-28,4.914911472880124,4.413085208808713,4.237231476655548,4.370956289886654
2023-07-31,4.9053706482452455,4.385374270058385,4.213454309092361,4.341962854458408
2023-08-01,4.971441694621335,4.491421528062257,4.307137306579932,4.403662284009016
2023-08-02,4.922371582229243,4.470989575278592,4.316807085377437,4.423842385241607
2023-08-03,4.88764757518689,4.483834079298764,4.389890637173745,4.54036255036919
2023-08-04,4.82405136372463,4.420570978909017,4.326945685260763,4.473388149634063
2023-08-07,4.868255514271507,4.4682274868451355,4.381379876955866,4.534796706524602
2023-08-08,4.867089006187686,4.436421608271426,4.314154198174806,4.461561203671852
2023-08-09,4.868401446684613,4.437944824346194,4.304394612919214,4.463440308937243
2023-08-10,4.8367208246514855,4.412125283004915,4.294528077644252,4.471505548804504
2023-08-11,4.960702930235167,4.552615255463138,4.453296243016419,4.616835474966043
2023-08-14,5.000714771920307,4.593057826831,4.494187871591851,4.641109587665705
2023-08-15,5.057206617360619,4.62862897093419,4.524618160279449,4.665452357893618
2023-08-16,5.085511155908072,4.6500753504213765,4.550543989078815,4.709469269059627
2023-08-17,5.173226110392651,4.7455123431426305,4.644513362222506,4.801218980712106
2023-08-18,5.127419507368793,4.711578974195544,4.608418062482544,4.770311815922592
2023-08-21,5.162950117002492,4.758635579006155,4.653677186176736,4.808089511645648
2023-08-22,5.099766198364634,4.7061726337056005,4.595578128058899,4.745419143478388
2023-08-23,4.9094227107564805,4.505668495167908,4.411816434608004,4.60692922118085
2023-08-24,4.903182461470667,4.479407666215158,4.358984629619667,4.545907405201164
2023-08-25,4.961289036637754,4.527011815067036,4.383157028402162,4.539513712630291
2023-08-29,4.918524622612656,4.492713229739676,4.371363972293164,4.553856825986281
2023-08-30,4.885470496336804,4.45707896261238,4.356383149241869,4.559497686283248
2023-08-31,4.803940935833786,4.382233512953117,4.291951215928586,4.508860978548323
2023-09-01,4.813279567762296,4.406393654185096,4.344311891719129,4.582220304458059
2023-09-04,4.863395642416121,4.4602043402364915,4.402008445273596,4.673193484807873
2023-09-05,4.913410675583743,4.511145570756657,4.445071105020727,4.690932008775135
2023-09-06,4.9083740748482105,4.53682376731613,4.475063346232161,4.697212640570904
2023-09-07,4.824757229545148,4.465157269804367,4.4205029172058055,4.64100137547322
2023-09-08,4.741111542286264,4.381799098036629,4.360878649892798,4.61398742626884
2023-09-11,4.790028147125246,4.444767974446726,4.429535073787644,4.703037437456971
2023-09-12,4.734822663114549,4.380334582205949,4.370989459109937,4.669835924258875
2023-09-13,4.679573262674899,4.304915588751784,4.303342618153289,4.60035879183088
2023-09-14,4.626450117852949,4.21771994485055,4.225104620577862,4.534237279885388
2023-09-15,4.684064314998125,4.277517595793935,4.3079884932917025,4.637153910813315
2023-09-18,4.724497123568354,4.330414161331427,4.355552046872043,4.681005507943338
2023-09-19,4.688701292022343,4.284617672891865,4.302675473329451,4.670220865116054
2023-09-20,4.542034436027016,4.1432500698080235,4.198224858116399,4.614357620109831
2023-09-21,4.531879871652737,4.1710251184425795,4.2513612223654365,4.650363463311079
2023-09-22,4.496130555854679,4.13612617414917,4.22197405521028,4.656286880477978
2023-09-25,4.5036084408498125,4.1650363582513545,4.2905656526518445,4.767561255848874
2023-09-26,4.4959928634347275,4.163525406265292,4.296868928584466,4.786500204922008
2023-09-27,4.561314004078695,4.22383171381226,4.321871398512576,4.744420165694445
2023-09-28,4.692333075212864,4.40227125234731,4.5120884211633685,4.904716971486496
2023-09-29,4.587340472897246,4.270466413247758,4.392303209974819,4.853788400569814
2023-10-02,4.665290558553808,4.3784997936124075,4.52355297935299,4.9724963967642255
2023-10-03,4.683295534271071,4.407925854079285,4.557761043023731,5.006132866085058
2023-10-04,4.670321124703211,4.429680227940555,4.581183732414812,4.984516612235056
2023-10-05,4.592017574713183,4.356181348680039,4.523815864548366,4.968822961694317
2023-10-06,4.612610700547498,4.398627101013465,4.579099729265184,5.038725900936336
2023-10-09,4.552445598593055,4.299808024164189,4.477529454642235,4.983172782137858
2023-10-10,4.514298159000277,4.25353156135048,4.424037588241097,4.926007407656625
2023-10-11,4.499467635776798,4.195543828754234,4.306335023243747,4.743999504109899
2023-10-12,4.569204523856891,4.275438666559262,4.392735586746843,4.830457187220716
2023-10-13,4.572488063670586,4.267674882524107,4.374733201145856,4.814471670861489
2023-10-16,4.627266076713771,4.337850875387733,4.4574827664243974,4.903071084333077
2023-10-17,4.61700997098065,4.363237752418227,4.506665324273308,4.926389627356311
2023-10-18,4.7402694555258815,4.496012441256349,4.626343140081258,4.987042609574569
2023-10-19,4.732323711424017,4.511463042122665,4.66505199969042,5.038872716889471
2023-10-20,4.639519277415551,4.445760472988412,4.644855396545049,5.091300291532471
2023-10-23,4.60727165065198,4.409179042771006,4.608504509387201,5.0355284502568765
2023-10-24,4.566218085198287,4.345530478553551,4.550919154926317,4.985759027146819
2023-10-25,4.606654442420264,4.38362977079763,4.597128599500881,5.01957018928221
2023-10-26,4.576607034769417,4.357996982929898,4.591005554393599,5.039682838058838
2023-10-27,4.509490266820029,4.290610505854625,4.535845630546299,4.997138074584682
2023-10-30,4.540809918510917,4.327021665318923,4.56227456702655,5.015044435494366
2023-10-31,4.532510499366115,4.293173703916275,4.506710971476416,4.949677565453006
2023-11-01,4.5337328468926135,4.273520330930177,4.479771720986033,4.920113596275161
2023-11-02,4.486335250359683,4.174906122132996,4.3829778662615375,4.847351420253812
2023-11-03,4.433119875898452,4.096090080241952,4.292996789788768,4.754531400859605
2023-11-06,4.46534490725858,4.151647345997875,4.366643450949153,4.818706265190342
2023-11-07,4.401806845138945,4.081635935060809,4.279491378272643,4.724026592159632
2023-11-08,4.392525465091412,4.065561324287601,4.238586485725326,4.663689342553044
2023-11-09,4.396952977969784,4.081699594210574,4.268473431218165,4.699105554802927
2023-11-10,4.438208917122206,4.1367783716559305,4.317257788532455,4.736170554852981
2023-11-13,4.455159504094199,4.1572839562790085,4.325087828882605,4.709202376691658
2023-11-14,4.339739267912644,3.9991354243712074,4.154793866137277,4.532774298558664
2023-11-15,4.362250142295569,4.034951362548101,4.20389009545598,4.580974744991318
2023-11-16,4.282632130483644,3.9419711845565573,4.1181774846892685,4.505986012771097
2023-11-17,4.320507346343815,3.949371970067605,4.109423986075748,4.499622369707109
2023-11-20,4.306263577095371,3.950936562676014,4.126539980503393,4.503135489459108
2023-11-21,4.326650355571661,3.956003181258228,4.100528739569928,4.479801154239723
2023-11-22,4.396273405866941,4.025968563380049,4.160709687236856,4.589401798779588
2023-11-23,4.48894054072852,4.121409860117013,4.236469250673481,4.667847959726717
2023-11-24,4.505723172451578,4.161275620529774,4.288492253925113,4.716989777297979
2023-11-27,4.428881790227973,4.083079249413894,4.21523067336594,4.629770936640005
2023-11-28,4.395174802219037,4.032557331977066,4.168946903895185,4.6014867762755625
2023-11-29,4.319554590672241,3.9344457185983828,4.095468875852562,4.567188648122993
2023-11-30,4.374739339198896,4.007211803527687,4.177304063195669,4.654124662013761
2023-12-01,4.32098255899835,3.968237994876297,4.166417529510748,4.673358191061244
2023-12-04,4.368414541344804,4.0085818479752495,4.187417004518162,4.690572758703985
2023-12-05,4.265150066949776,3.876927374557563,4.027571857739529,4.551148717021236
2023-12-06,4.26225884567031,3.843684443470134,3.9693719998573243,4.442752881256793
2023-12-07,4.282113301097336,3.8616026463516926,3.985425339168919,4.444052066199836
2023-12-08,4.32634226088289,3.904149523600254,4.028332412550305,4.476606668734941
2023-12-11,4.385178003707878,3.9661800249407557,4.088768343174299,4.523815447427321
2023-12-12,4.298474370018625,3.8657234949106707,3.9777833073316082,4.455839238063898
2023-12-13,4.158435968242707,3.717855454586329,3.8472402740875333,4.317674967538017
2023-12-14,4.094646896112925,3.6423046596216855,3.8064214740580633,4.269902832692283
2023-12-15,4.054313087283246,3.577102117203514,3.7223493236128156,4.167188219120502
2023-12-18,4.069302255006138,3.5786193189238324,3.7166819480380107,4.147110572305145
2023-12-19,4.015122940635866,3.5086219554563725,3.6610691116293688,4.117265266749826
2023-12-20,3.859961931415154,3.3766227738400074,3.5711638999431843,4.076297025856556
2023-12-21,3.813345397937122,3.342957821700182,3.557690726223538,4.074039638309828
2023-12-22,3.7743417515363267,3.308373637871984,3.532334344094083,4.0623841182931795
2023-12-27,3.7286775761869477,3.257981392959426,3.4787071155307507,4.033877162830502
2023-12-28,3.7320913852744395,3.276877767295388,3.5144382388356794,4.104787459065279
2023-12-29,3.725379885072095,3.305422078805415,3.580310718064035,4.141369915408877
2024-01-02,3.7987541387695445,3.391553063694725,3.6775789912965395,4.277148598599549
2024-01-03,3.871364799847038,3.4576497430595063,3.7113626775201354,4.344264257900649
2024-01-04,3.9205939332465864,3.508736879753208,3.747406800551545,4.364237489552758
2024-01-05,3.9573301528619944,3.5680368442127337,3.7868557254814674,4.374319971737949
2024-01-08,3.971632817988211,3.588800993582633,3.807817689099867,4.405524234415284
2024-01-09,3.9771508854101736,3.5937517301500064,3.8168849260282514,4.412385344174343
2024-01-10,3.9670565486725873,3.603530535693473,3.8374062379077536,4.416632458861837
2024-01-11,3.992102969593605,3.6318481245050003,3.8790979597342705,4.454809225702793
2024-01-12,3.9104363417926913,3.555029747629277,3.8448416391893674,4.455889877716522
2024-01-15,3.9150157618705035,3.5524262887356906,3.847497786600634,4.478416975942865
2024-01-16,3.9226812287345023,3.5492317809704823,3.8556450476897566,4.529620829635371
2024-01-17,4.120489636957421,3.73955176609027,4.009464467227739,4.638648695931168
2024-01-18,4.067845698412718,3.6938978694056233,3.977540195006187,4.6176634832949395
2024-01-19,4.06218779478533,3.691611445919129,3.961278597115487,4.575568454057083
2024-01-22,4.063493102209604,3.683727955059367,3.9276822737091406,4.526417477234802
2024-01-23,4.151364183809893,3.7770498559641843,4.0145013441396555,4.587855021005919
2024-01-24,4.184301944233266,3.8106626387609452,4.038680932578365,4.614059290447888
2024-01-25,4.1458407355828415,3.771978588052202,4.011460861460934,4.598416809184989
2024-01-26,4.124117110274537,3.7633715921559676,4.016913345615037,4.616945173286363
2024-01-29,4.073312875102245,3.7012482987919766,3.9479747330423898,4.5563386158141395
2024-01-30,4.122974036342788,3.7278208945840996,3.9554598590299612,4.555210745806706
2024-01-31,3.992645440774381,3.5969441387306538,3.842683173703975,4.487778261643441
2024-02-01,3.9628490987677227,3.5448881387632647,3.782769887191197,4.435869218474076
2024-02-02,4.165950259877213,3.7460765211164313,3.951382746021944,4.5629356219809525
2024-02-05,4.278419433823675,3.8693977280135363,4.068133458461241,4.658269927512143
2024-02-06,4.1995291560941235,3.790002234728449,3.9770304683110247,4.564901483306294
2024-02-07,4.194724292601866,3.807395255208129,3.9956824697775937,4.559671247098158
2024-02-08,4.2787750933585,3.890727919202545,4.07087715925296,4.612442715079312
2024-02-09,4.338985257039283,3.949062401561025,4.111369120337436,4.616509461386203
2024-02-12,4.3034541499164565,3.921317563749909,4.094110946589703,4.596458032095098
2024-02-13,4.414477875017289,4.015070464817905,4.1564585150672215,4.628110909735869
2024-02-14,4.315221165455856,3.9186409024429154,4.080469971721365,4.584272204365978
2024-02-15,4.302245031535264,3.9029565550347116,4.071507989863671,4.60181758381532
2024-02-16,4.362561281465798,3.9690562315223703,4.12697897935163,4.643036146096675
2024-02-19,4.361358912883091,3.9737879895702393,4.13474104160741,4.639361075318018
2024-02-20,4.29262432537333,3.911004178553243,4.075054319353495,4.601920063883899
2024-02-21,4.33927803496497,3.9548175536983536,4.110436774305739,4.616246588491199
2024-02-22,4.325822132078824,3.966669612559477,4.109167684455302,4.613387718397339
2024-02-23,4.280386618698635,3.9265500177461967,4.071386433350407,4.610402008685892
2024-02-26,4.316834685727148,3.9561728513814316,4.0935469074319535,4.613959758385154
2024-02-27,4.361177775096822,4.001529344935067,4.1329043449441105,4.643829794281559
2024-02-28,4.37810635857135,4.0226401383932995,4.135566955090634,4.642144201124081
2024-02-29,4.324701885013255,3.969725601025136,4.073469223234289,4.547996741253231
2024-03-01,4.303675777404453,3.9428331298871755,4.052548934536207,4.519625570251504
2024-03-04,4.3604229401024845,3.9905292866578828,4.082763333716257,4.537712777039555
2024-03-05,4.311955974822922,3.892055785150238,3.9553255018409708,4.42631625400651
2024-03-06,4.297217185091037,3.8840024786591814,3.958527863785527,4.42066152683211
2024-03-07,4.328680692212066,3.900170179927825,3.9555340691319336,4.381512991154134
2024-03-08,4.285108237636732,3.8532998866066883,3.9338576985435667,4.395447959791511
2024-03-11,4.2544521971783436,3.830324435089331,3.923296335036374,4.392682775319202
2024-03-12,4.226689223365713,3.8008472969069373,3.9009307655923804,4.392655834605971
2024-03-13,4.271175735080711,3.859992698499005,3.9656814507267617,4.446557406794083
2024-03-14,4.312233706508435,3.9211666085643584,4.0387591738297415,4.505548064913629
2024-03-15,4.330449632939979,3.94184453706401,4.0523486500010755,4.510709327606804
2024-03-18,4.304334104672915,3.926669539256308,4.041534031258223,4.496352672784698
2024-03-19,4.262606757969433,3.880911560035167,4.007712904712745,4.492400241544803
2024-03-20,4.239111024992102,3.837888584224884,3.9721833141689253,4.463753297741211
2024-03-21,4.1806950688290785,3.792248767990275,3.950910156972669,4.482391230094977
2024-03-22,4.140088106546414,3.744705599889909,3.8990705472021716,4.454588578040892
2024-03-25,4.192226617052908,3.800506007031026,3.9538206109809684,4.488888907266774
2024-03-26,4.19280289322547,3.786073684732269,3.9338025077208485,4.452729932569695
2024-03-27,4.167156034715345,3.7598717586847004,3.9077577834038784,4.44008561043853
2024-03-28,4.1695707030863485,3.750117560065597,3.8916546165480552,4.424801460317626
2024-04-02,4.245285182922247,3.87394389194703,4.049402642781604,4.579361764117475
2024-04-03,4.236725986330031,3.85659313092643,4.039207400790687,4.583979454099693
2024-04-04,4.196220594358694,3.8054203788289227,3.9754842171933973,4.532407251768876
2024-04-05,4.246638827331417,3.863540452433213,4.03939014090769,4.591035600056273
2024-04-08,4.26084746127938,3.8846541803132935,4.055272513968234,4.603383154138707
2024-04-09,4.2226081261068105,3.835188770656474,3.991168471927987,4.529655471735507
2024-04-10,4.347335227819199,3.964378315505673,4.093445149744047,4.5963942671789955
2024-04-11,4.428540825165194,4.052203557297335,4.17693257086094,4.681163075724403
2024-04-12,4.35966965487546,3.9721288579313994,4.0902351702268325,4.609760355802875
2024-04-15,4.427516511615314,4.071478874326404,4.203386235023961,4.718666291504263
2024-04-16,4.491143712171658,4.135134606335236,4.257780935385193,4.732531595444462
2024-04-17,4.499670297379918,4.136529004773762,4.235098943661724,4.690227175130108
2024-04-18,4.47768246747102,4.109313520336004,4.216414749883673,4.690185599222738
2024-04-19,4.4235719495365675,4.071852359112298,4.210831358847253,4.707886433136735
2024-04-22,4.343895212701358,4.012192053618099,4.1683866271260985,4.672881658315275
2024-04-23,4.394206495656066,4.066617575685674,4.214929730053935,4.724098339101421
2024-04-24,4.470738521735559,4.145658649634734,4.292328668414767,4.78641609245558
2024-04-25,4.506218554741864,4.180088381148403,4.317525291052308,4.806806040044048
2024-04-26,4.50042561102428,4.1600949122738475,4.279413469034588,4.759842128726973
2024-04-29,4.465413497431931,4.120043455880163,4.242257030172689,4.7311844347634615
2024-04-30,4.5331700187847614,4.193832741355363,4.315960554840627,4.783632572465717
2024-05-01,4.542361748296521,4.206005785158178,4.328613046282801,4.794246006139682
2024-05-02,4.4654678581711975,4.123082468662265,4.258659823262813,4.758339130718758
2024-05-03,4.400496376916445,4.053911076625452,4.197550670787214,4.717078431076519
2024-05-07,4.342803823360223,3.960270775808503,4.089344875915163,4.6108607926273475
2024-05-08,4.333469749150216,3.9551142505400625,4.092923416715785,4.600053215029373
2024-05-09,4.297339898958672,3.9461282918938445,4.105298827539917,4.631722698037323
2024-05-10,4.3340389195019675,3.9788216714562497,4.12612284891664,4.647292059247985
2024-05-13,4.339005593680408,3.983295762368859,4.12534937965336,4.651100824306718
2024-05-14,4.338067390611943,3.9831655083659334,4.126014301813365,4.648118730947131
2024-05-15,4.26121854450585,3.8866737462162098,4.023247634300387,4.534886164634243
2024-05-16,4.267622337612408,3.8834675012428326,4.01837665723118,4.534171142036036
2024-05-17,4.324134242339451,3.948113832298232,4.088642798908349,4.595752387545092
2024-05-20,4.354004704206503,3.9876452122409076,4.132648114206961,4.648914846742833
2024-05-21,4.332091021462045,3.966536710941719,4.109049059407543,4.630159507692577
2024-05-22,4.45542060944743,4.068871938883261,4.189288315549496,4.673829147608481
2024-05-23,4.522474610570996,4.115672472115815,4.219033373007517,4.687889253017428
2024-05-24,4.510306485463113,4.1091595909112035,4.213735296545208,4.695564267024
2024-05-28,4.50913560895069,4.114837868488388,4.229447136753434,4.722471318338868
2024-05-29,4.578423275897158,4.2234926705529485,4.347555316292373,4.8422491544779795
2024-05-30,4.524510314209397,4.19256848358717,4.325252645454835,4.819039634390491
2024-05-31,4.4726355399825755,4.146337397837909,4.26925030220779,4.741475350229999
2024-06-03,4.429543897276276,4.078097016667623,4.195000083506431,4.673703697541938
2024-06-04,4.422138914704502,4.042583518173599,4.144197855871342,4.608117134141586
2024-06-05,4.431155851641333,4.046032762923753,4.145461457462685,4.597039679120816
2024-06-06,4.386370330330883,4.019798302084416,4.13584621455551,4.598714792463208
2024-06-07,4.4490066486078685,4.102384058744479,4.221589125974046,4.666418688531774
2024-06-10,4.4848837899269,4.15670398274821,4.286970359031315,4.741322136158173
2024-06-11,4.432431461373172,4.09980280066596,4.2327252625905505,4.7222308525481695
2024-06-12,4.330332436151401,3.9744030987042107,4.104393195799632,4.622714347180911
2024-06-13,4.350439071743107,3.983267672209564,4.11802642954151,4.6421450286806305
2024-06-14,4.279423739748565,3.8971622952766842,4.018583879987101,4.535903185341141
2024-06-17,4.3154487068564,3.9436909673537444,4.076459801956783,4.595256011407838
2024-06-18,4.266048520508018,3.8914514479130746,4.0313832063485275,4.537921243685375
2024-06-19,4.285697612388887,3.902398637417183,4.049470963228264,4.5573981594262465
2024-06-20,4.238465346181827,3.8654276142693975,4.035125676331806,4.571189889957287
2024-06-21,4.252970670079661,3.883531579870619,4.053764654879172,4.584418964153861
2024-06-24,4.271592167648983,3.8981762161843982,4.0571163061545565,4.585447621259136
2024-06-25,4.2700410554828645,3.893781775142525,4.043868034659551,4.562122833645515
2024-06-26,4.327835360824252,3.965902771629269,4.110588147363253,4.6202765376168795
2024-06-27,4.324075981524569,3.9655032247171804,4.105397741120138,4.607783120409672
2024-06-28,4.329072117635262,3.9902982564649,4.153406513174174,4.663484802922392
2024-07-01,4.362691758849834,4.064321552395482,4.251024478063028,4.7664620406127085
2024-07-02,4.359908366671282,4.04081348198825,4.224859646920241,4.751125262447325
2024-07-03,4.308778730781295,3.970072900233223,4.137677671230481,4.655986017642423
2024-07-04,4.336982381693866,4.006600674922929,4.177095101655554,4.688508797384185
2024-07-05,4.277988179561887,3.938848894532339,4.103703867412763,4.6291327653383005
2024-07-08,4.267358120072369,3.9198387538383086,4.086565888539832,4.621349887144183
2024-07-09,4.29131948582603,3.967688907831623,4.142949512794744,4.681014545377995
2024-07-10,4.275579801859362,3.9393142548577984,4.110624364283224,4.650761212075166
2024-07-11,4.216767226229316,3.8804521501271743,4.055096300499685,4.594066499158318
2024-07-12,4.229851348645517,3.9100897571677535,4.093617796982167,4.628994377864531
2024-07-15,4.21175088478611,3.895635063113364,4.080092881148705,4.6150193756615145
2024-07-16,4.177392284767563,3.864676859032717,4.052799505260436,4.58467686794577
2024-07-17,4.206090233063151,3.8785638147490884,4.057727461440132,4.575976561278314
2024-07-18,4.160490736506344,3.8337693689310157,4.024267361166747,4.556359798375724
2024-07-19,4.192847057429768,3.889240999491944,4.102529358444853,4.643792020250467
2024-07-22,4.2327021048109845,3.918201448633416,4.117259404117954,4.655973197955757
2024-07-23,4.220353644076159,3.913119369583967,4.116181960894851,4.657347316700614
2024-07-24,4.167605662294445,3.9007627554959745,4.130200031033233,4.675516441954854
2024-07-25,4.137120079168262,3.8787181740083008,4.1110089044279245,4.685001671323366
2024-07-26,4.118884770366528,3.858429195938675,4.084942569475037,4.6853290307595215
2024-07-29,4.077925837347165,3.8178800452905355,4.031726915379805,4.638864997704294
2024-07-30,4.074911440446624,3.8081604298673652,4.026838984946421,4.621728349312864
2024-07-31,4.02481079083434,3.742130412523429,3.972066073372949,4.575917162522683
2024-08-01,3.924872227312054,3.6251471243810043,3.8610250971870377,4.496739157998516
2024-08-02,3.8498418281363183,3.584714801771219,3.836411174892689,4.482456421781153
2024-08-05,3.8367233529801954,3.5939724840747926,3.8450792984573425,4.477094173139657
2024-08-06,3.8928548725180665,3.6553169074525464,3.900000479712736,4.510225239813083
2024-08-07,3.909029846962638,3.6974347611881826,3.9515334806846196,4.56499263598371
2024-08-08,3.904281848552486,3.7034684688240396,3.9570532271490686,4.559672899416538
2024-08-09,3.8992743091571547,3.6848942438586967,3.929322600841482,4.543231022633546
2024-08-12,3.9033849333900186,3.6889292997739878,3.9252499248260597,4.543198997069763
2024-08-13,3.8530162397372036,3.633223685322411,3.8686050073895,4.495867420023105
2024-08-14,3.814132156080675,3.5813377303475895,3.8112102098595373,4.434459769799522
2024-08-15,3.9076229241124465,3.6854942088393137,3.9111433775875617,4.514938779199868
2024-08-16,3.935175481159133,3.700917131489171,3.909456601350706,4.495053071973948
2024-08-19,3.9696191522788684,3.7263944023351483,3.9267168827640675,4.506241597711939
2024-08-20,3.945451528934586,3.7011889787274668,3.8990835889436903,4.482517606155803
2024-08-21,3.9290678959094785,3.6863399998093547,3.8863424162812783,4.477273802217385
2024-08-22,3.978321777191053,3.7472135871400725,3.947786206203383,4.5383341256553935
2024-08-23,3.92820991350143,3.702713556593068,3.896394583943811,4.48126300619297
2024-08-27,3.968483853701436,3.75883407668332,3.963211286928766,4.543707210625973
2024-08-28,3.9748679416617154,3.7624461145315777,3.969293994822943,4.555602172333855
2024-08-29,3.97525297293966,3.7753957870804578,3.9903283011846336,4.585633845861025
2024-08-30,3.9569924842588797,3.7551733737349506,3.97100689476979,4.554440746216666
2024-09-02,3.973631950005242,3.7905704502355038,4.019709708608416,4.596168414866278
2024-09-03,3.9428177630883563,3.7317925575219015,3.9499903425285234,4.5365708340312505
2024-09-04,3.885196250763274,3.676563792235494,3.897518489573847,4.493565728997035
2024-09-05,3.871920729421737,3.668745052269325,3.891648972412065,4.482405106935527
2024-09-06,3.8152981545217526,3.6247146827402963,3.8569792073966753,4.470088843087855
2024-09-09,3.7557124673043654,3.585159227213448,3.8396150904143957,4.477367082907913
2024-09-10,3.747489065594376,3.5554816074257274,3.80993614599671,4.463303014276984
2024-09-11,3.6597268151633964,3.4592383145846677,3.724518783963487,4.426450708774916
2024-09-12,3.702182147828432,3.501669223030992,3.7585133100287047,4.447521026420096
2024-09-13,3.6844316337814784,3.4888331655275473,3.749880187450068,4.427893580220505
2024-09-16,3.661031552125385,3.4724999062742428,3.734357262003286,4.408981611833505
2024-09-17,3.6981623658021343,3.49891653365571,3.748730728286899,4.415032119266509
2024-09-18,3.7685770046549756,3.576502420129657,3.825351272370951,4.468610858294793
2024-09-19,3.785665272382239,3.6036602546180836,3.866843139762237,4.5137936903359925
2024-09-20,3.8038043865586317,3.6282921914426822,3.894336160002903,4.536764624787252
2024-09-23,3.7983740773784254,3.635047670786391,3.914910085778028,4.558882669499721
2024-09-24,3.7754379702902123,3.635464591234423,3.914573114422835,4.556294787014521
2024-09-25,3.8192902553600296,3.6952187694073517,3.9710023571975315,4.614096749521377
2024-09-26,3.794238318357353,3.6841124658491657,3.967479762167246,4.629283620970178
2024-09-27,3.8038965259395505,3.693403796126245,3.9752319055960776,4.646469926615612
2024-09-30,3.845248991631068,3.718726354710659,3.9914675950901937,4.637299998264697
2024-10-01,3.8154605917193574,3.6669142656241753,3.9204899765835237,4.563200713138979
2024-10-02,3.8734333267018113,3.7605941094200204,4.022782542804929,4.655340280256666
2024-10-03,3.807047924842072,3.7125215555394817,3.9959055076000327,4.647387225029127
2024-10-04,3.9631221658443976,3.863543227049989,4.112384422174613,4.717854587269807
2024-10-07,4.032203288141198,3.9476426869820616,4.183817759670023,4.761426937370919
2024-10-08,3.999668547886711,3.928067544707173,4.17460958966737,4.762721398118637
2024-10-09,3.996570330662726,3.914133480582051,4.164357134184993,4.760402761283245
2024-10-10,3.9952085721699406,3.9455179476748916,4.210815723115686,4.806654349506044
2024-10-11,3.9755235799110964,3.9279596685009794,4.200436870772439,4.788839570128934
2024-10-14,3.9659474245196344,3.943350486546283,4.22684548785819,4.818812730902843
2024-10-15,3.9160867708932754,3.88185231917683,4.145865856170509,4.715177935215439
2024-10-16,3.798277913306082,3.7683688645872366,4.0432876072911395,4.617998345768281
2024-10-17,3.8279030166085297,3.803294220003965,4.089690834673538,4.653983457066349
2024-10-18,3.800024363893611,3.768578310186496,4.050947617397806,4.6307415316194005
2024-10-21,3.835340675284058,3.8070620802587536,4.1116146066141654,4.70629219912358
2024-10-22,3.8620677285093192,3.838725232530725,4.146401132770225,4.739158137677742
2024-10-23,3.884624018049703,3.891263322206991,4.20264369413811,4.782267076494895
2024-10-24,3.9068125082277416,3.905771794390792,4.202249560280417,4.76996775732161
2024-10-25,3.936170184569209,3.9208903187372703,4.1985567662771635,4.734808266367094
2024-10-28,4.0016165450443175,3.971185981250403,4.23651866251227,4.76868680601225
2024-10-29,4.050073547832589,4.02066789474908,4.2856013608156385,4.792726303633016
2024-10-30,4.122719601596487,4.07479032660288,4.327070551692119,4.848845708735936
2024-10-31,4.242022305967943,4.16566327352103,4.409609318061359,4.87559092412297
2024-11-01,4.2492393198261365,4.183762668400943,4.425887545539508,4.913122694086914
2024-11-04,4.242031244877461,4.179510490705495,4.416300604284019,4.924032673089481
2024-11-05,4.3148037028541015,4.273719048763456,4.488309740594862,4.951522721665697
2024-11-06,4.309963585238451,4.296831283669711,4.536398861719611,5.021084412908103
2024-11-07,4.250237460525145,4.216508979148969,4.4680853016991975,4.968304945922034
2024-11-08,4.231184222900907,4.16823619639983,4.40521970401724,4.914639049299258
2024-11-11,4.2167742046821175,4.158089014228998,4.39099593255971,4.872393000038367
2024-11-12,4.272307778150064,4.227546555372854,4.445859329462462,4.88677473573981
2024-11-13,4.281463924105732,4.2591859524014275,4.487148586845241,4.894222518939762
2024-11-14,4.221790660787188,4.213017370701399,4.471233034206866,4.926031162953687
2024-11-15,4.201108928480825,4.1883642106933054,4.454532173484571,4.9308808635807315
2024-11-18,4.2211484259092416,4.195206851647019,4.453672967775521,4.916321390325432
2024-11-19,4.210149205573844,4.165183963993901,4.413939648546381,4.856868786910402
2024-11-20,4.2226104198330265,4.185301978806548,4.456504521215331,4.9249469934403765
2024-11-21,4.196141551301887,4.144476561538886,4.413231991386125,4.911847841417283
2024-11-22,4.155916330785611,4.104108041715819,4.373541446838784,4.872014308178476
2024-11-25,4.138257460764744,4.061256955681532,4.310773522501666,4.806701000291515
2024-11-26,4.154686518463068,4.084437298000158,4.336586918552865,4.8521619959747415
2024-11-27,4.146294263448242,4.055293823773702,4.2854443152463,4.824280127504918
2024-11-28,4.113689038513433,4.020082557303375,4.258324241999285,4.799422575563468
2024-11-29,4.070196219850807,3.971856904832957,4.233265400837236,4.778455017575024
2024-12-02,4.041840856048265,3.9500889049557983,4.208583668977857,4.773120072451717
2024-12-03,4.057501376869671,3.9613915009638583,4.224620999474604,4.801184554402955
2024-12-04,4.040215174736687,3.9599088198828647,4.224274825719371,4.805650894637566
2024-12-05,4.084914059027639,4.001497252426365,4.256130542840252,4.844615135755808
2024-12-06,4.0920038305436846,4.007378339851604,4.2633299886245615,4.858114893600239
2024-12-09,4.062700071212546,3.984447459341913,4.25296213315051,4.867968326728442
2024-12-10,4.085706723067542,4.023274913407467,4.302663410979397,4.918678524391291
2024-12-11,4.0633602315266995,4.009457129886143,4.30027697742148,4.922705029857047
2024-12-12,4.055179978244898,4.026840847309179,4.326543144399631,4.953391062329155
2024-12-13,4.100385775110955,4.088330666649531,4.391324479644903,4.9981136040182035
2024-12-16,4.142689851830234,4.134219140818507,4.423208191174448,5.0152212989293075
2024-12-17,4.246354977884611,4.223613595134096,4.499868066344264,5.06217033924244
2024-12-18,4.2575582050228284,4.25026501630424,4.537166175391155,5.069592524848925
2024-12-19,4.225345681155283,4.249949547741778,4.577345746514405,5.1414038784762015
2024-12-20,4.1674101273035475,4.187236834667612,4.5180566580012,5.07880274223706
2024-12-23,4.20947187010297,4.219211389534226,4.556898570308792,5.130564653965567
2024-12-24,4.241383494572546,4.253508016184331,4.592639509797517,5.1644321730335125
2024-12-27,4.2566194357204195,4.27796975066591,4.62350315811287,5.1875818816597095
2024-12-30,4.232091247868001,4.254042503381659,4.595881985733415,5.168478920864217
2024-12-31,4.19833635145777,4.221104173011314,4.570061581712263,5.148584462126232
2025-01-02,4.1981924699423505,4.222633210749013,4.577716196580962,5.168337525882308
2025-01-03,4.221993276597095,4.248008050281422,4.587559448001253,5.175429525601424
2025-01-06,4.2403405994409615,4.27543625436075,4.615576129419549,5.211003170283566
2025-01-07,4.260181322960912,4.320906823297002,4.6744710623780765,5.267112788374555
2025-01-08,4.305807154444652,4.4064721899110015,4.795131961387629,5.379706874024089
2025-01-09,4.296660480732965,4.394710243319511,4.798467195183955,5.390384086142735
2025-01-10,4.331783704634733,4.433852805131425,4.8468542692002075,5.425767560746716
2025-01-13,4.378089755589535,4.474118264927144,4.8724669895762815,5.4354087170289676
2025-01-14,4.392246471965379,4.488687436992409,4.885628824659953,5.454698808709666
2025-01-15,4.252076455657193,4.325545541598964,4.707868336903507,5.307759614984476
2025-01-16,4.182217834345947,4.274997291471034,4.672534949939114,5.246104080813439
2025-01-17,4.172694005546288,4.256301266584498,4.648279875457174,5.2132136338219786
2025-01-20,4.187137397563779,4.271609523818839,4.660300788527584,5.2238862526298
2025-01-21,4.14911783154779,4.223611459350148,4.593327624007358,5.169544092038937
2025-01-22,4.150303504651977,4.224609125942953,4.599498174223123,5.158449001262881
2025-01-23,4.131681279576461,4.226387923431285,4.627323710328334,5.19553034760271
2025-01-24,4.139940780043226,4.237205916382061,4.627259832297698,5.209272148561474
2025-01-27,4.104148848815101,4.179497758308063,4.5778889333687784,5.150916755027353
2025-01-28,4.126853364976015,4.207220190210233,4.6109654385553185,5.18854298861785
2025-01-29,4.133480361196618,4.1988346795312825,4.59841493447872,5.167661339185577
2025-01-30,4.061935982260953,4.161450560497141,4.560047215045188,5.14020311445788
2025-01-31,4.011695717948448,4.126189057040227,4.537867219974891,5.138449768594233
2025-02-03,3.9544206829165365,4.065178249377755,4.49634070756813,5.113936014341787
2025-02-04,3.989262589359157,4.098379349194363,4.537437915642094,5.156101077075439
2025-02-05,3.9471191344890593,4.027904584448866,4.442144723069657,5.050608953420288
2025-02-06,3.9381616951136658,4.051621275901029,4.46849136922002,5.064784399549668
2025-02-07,3.9592468427934313,4.079115203754194,4.493880289790843,5.082966217738603
2025-02-10,3.9264132180303397,4.048812464572067,4.467803587348234,5.08189239470351
2025-02-11,3.9777329944758244,4.108185735051565,4.526131899051082,5.131767504980265
2025-02-12,4.00217743776101,4.146558004346995,4.57450102862077,5.184326895323644
2025-02-13,3.9679706470593192,4.089889612087448,4.490003169425469,5.098900191014782
2025-02-14,3.9876747122070335,4.107416872783754,4.4990427751370365,5.10991392285946
2025-02-17,3.9887871704816917,4.12212726431774,4.5326121197090234,5.146430301598719
2025-02-18,4.027376439643867,4.156610360840128,4.567338475822661,5.176486375602272
2025-02-19,4.060606872559988,4.205502471132687,4.6197708901931085,5.218513594179917
2025-02-20,4.062076380254969,4.205088379394942,4.624459347038312,5.232797795423067
2025-02-21,4.028273580880853,4.166277801974951,4.586423664107074,5.202419083956486
2025-02-24,4.008795741683811,4.138358369306512,4.559349818129532,5.18229205926961
2025-02-25,3.9630993269389814,4.085697094700292,4.508441039195121,5.135258489158706
2025-02-26,3.971292304163318,4.094596552979179,4.5197071048420545,5.134861926476081
2025-02-27,3.9758318412006464,4.1073946130841765,4.533870614329137,5.164027250897974
2025-02-28,3.9499984876257126,4.067557598424793,4.483536413274288,5.118228028608963
2025-03-03,4.005037372588318,4.128357262904242,4.546329798661704,5.190626934167519
2025-03-04,3.9366232631059317,4.056057655669049,4.482067079367397,5.1512707916823945
2025-03-05,4.052559965548134,4.215187628889691,4.662119992682151,5.3088130532070785
2025-03-06,4.038759995880847,4.221730818964579,4.68436247395033,5.317389942987211
2025-03-07,4.005636720138247,4.16586313893197,4.624949189667124,5.268410083991103
2025-03-10,3.9737476960011864,4.145892112202247,4.604994718718062,5.266552280877806
2025-03-11,3.9590874807349725,4.153694002119313,4.645042397616699,5.335687214986221
2025-03-12,4.013108000606209,4.2083673789266784,4.701811694874892,5.392658035429632
2025-03-13,3.986570359172682,4.177271905374733,4.6644559897627484,5.353354077928387
2025-03-14,3.969277840322808,4.1533799675526915,4.6425029537185285,5.327534473282162
2025-03-17,3.9734886928074387,4.140575272504027,4.602731294060009,5.26238500886105
2025-03-18,3.989278475239227,4.159220421981819,4.617861932971264,5.278229840159974
2025-03-19,3.990627279977272,4.15669834090833,4.612256778665086,5.267278905432533
2025-03-20,4.041367073623912,4.189936224698514,4.6322390806006135,5.271771691201056
2025-03-21,4.041874171591382,4.205530259960363,4.675998837929961,5.349054424916181
2025-03-24,4.0533278279196,4.218533244442042,4.70253674900776,5.384171631537182
2025-03-25,4.08006261960826,4.245659360239289,4.729382539001802,5.422962789407233
2025-03-26,4.060652117663374,4.228732682665333,4.702171913552059,5.347093836899976
2025-03-27,4.055616153827643,4.261313624131362,4.769920414938538,5.414116661529956
2025-03-28,4.0015299050794075,4.190728113344374,4.688024280915662,5.352644927844055
2025-03-31,3.9881133873102965,4.161466730317373,4.661087841876131,5.3391102650999
2025-04-01,3.9729466075876982,4.135509824226361,4.621273273210549,5.31165972875042
2025-04-02,3.9582847710544877,4.128116123681407,4.612997694215616,5.299248939351185
2025-04-03,3.8020964241480297,3.9738363251602458,4.500404179712501,5.249137188923479
2025-04-04,3.7406785518629317,3.9126171782384396,4.447897309677251,5.198595542534755
2025-04-07,3.7854097075271076,4.012914593967027,4.598915592357022,5.3943737946211305
2025-04-08,3.758920052039642,4.010921979442051,4.600613348252197,5.453596862308264
2025-04-09,3.7435922812365936,4.0597574510389665,4.741539220359375,5.641337932118644
2025-04-10,3.700876870532859,3.983295464396201,4.637884374994092,5.504089442566729
2025-04-11,3.829853221230326,4.0985333688990355,4.744164174341832,5.59857408785976
2025-04-14,3.803770223483683,4.047026400869251,4.654922344474775,5.465739648920317
2025-04-15,3.7443162756527446,4.005195034239008,4.642085298601677,5.532076069690305
2025-04-16,3.7459099247278473,3.981472737433573,4.605809956533998,5.462809003136841
2025-04-17,3.698402810528541,3.934481745264757,4.561740169306086,5.429790036357849
2025-04-22,3.6262758987138524,3.87887447731039,4.558704933757228,5.493543220793608
2025-04-23,3.7067307949307784,3.929034693673697,4.559402807549052,5.404785286761871
2025-04-24,3.659374976962208,3.875162587425103,4.49795835170919,5.327563307118895
2025-04-25,3.6581110553509424,3.8719503731504723,4.490769738451161,5.319026030095581
2025-04-28,3.654955132959186,3.873571170184686,4.502608197884361,5.3586514403804495
2025-04-29,3.6322309948013514,3.8485858041903533,4.480206035559738,5.34801374506562
2025-04-30,3.6010137761317043,3.8197204418054356,4.452917164951576,5.323076088539768
2025-05-01,3.5881127245916278,3.8126463039419107,4.454854706149991,5.344081667054927
2025-05-02,3.624038081930932,3.8519255241086063,4.488552042522899,5.412155523618257
2025-05-06,3.616496172413155,3.8618986907006674,4.5213936332828935,5.437403890335919
2025-05-07,3.592536213043303,3.8253491298088087,4.459731416655472,5.371402640838097
2025-05-08,3.6920769317631623,3.8980674559355686,4.522832775675511,5.404672527159486
2025-05-09,3.695734830330024,3.9172278436159553,4.5615241290098405,5.451576801050409
2025-05-12,3.794673744079107,4.0170433817660545,4.635531234664786,5.49048940336013
2025-05-13,3.772115362634776,4.014335739756396,4.653616070326347,5.524851696463699
2025-05-14,3.826648504244986,4.078257697177291,4.7162270506104,5.583767309220685
2025-05-15,3.793285235665083,4.041961618347136,4.671492124245317,5.523955036671942
2025-05-16,3.8004624392502655,4.0341683518924345,4.6471360932568135,5.491212959924305
2025-05-19,3.8043721502046393,4.046345756894212,4.664950044076813,5.517115189148218
2025-05-20,3.8440864574867284,4.087491307008261,4.7064644852692,5.551689392108952
2025-05-21,3.8843098010069945,4.134439581744617,4.762341337781045,5.6194158678003285
2025-05-22,3.8462922307224936,4.1135335221583915,4.774352972677474,5.680688525327111
2025-05-23,3.8100000546155455,4.060631281156017,4.717407374393163,5.623218204822879
2025-05-27,3.840787112196003,4.065222649935953,4.691885504243747,5.56264573946867
2025-05-28,3.873958213079678,4.103590141778116,4.727539311157357,5.581853669068417
2025-05-29,3.8182518185417598,4.0486252131197755,4.666075226198552,5.51361092468239
2025-05-30,3.8540618384896015,4.069881256540297,4.671180218083259,5.4928601202962195
2025-06-02,3.824665234075597,4.052067696520117,4.663264640224137,5.501765232817012
2025-06-03,3.8197444928588284,4.0240612643802525,4.627371779009701,5.450489253257137
2025-06-04,3.838300956788443,4.031765736777475,4.6287893406521,5.436358840574059
2025-06-05,3.840285182085236,4.036876622961695,4.630996857341399,5.431229988475949
2025-06-06,3.826785853808158,4.052297894182541,4.646965630319886,5.425396650318904
2025-06-09,3.832136805055376,4.054046003316261,4.648310873887858,5.428067986659861
2025-06-10,3.7476024383386535,3.9652467789366197,4.559055361600732,5.3588609409961805
2025-06-11,3.7449615453447835,3.9629840896550412,4.5673898767118315,5.387468570573669
2025-06-12,3.700118087961813,3.9050069866868284,4.49662977070792,5.2967254690631105
2025-06-13,3.7661315031035194,3.9727041875030054,4.559594280330762,5.347271847056786
2025-06-16,3.7318688333875647,3.9447976641710127,4.541755580295886,5.344302038949631
2025-06-17,3.7463285158022277,3.9488353848499207,4.549679149696629,5.366255111985924
2025-06-18,3.7264471653431905,3.9159917310275043,4.51029869311802,5.330414615144471
2025-06-19,3.7406847889226555,3.9375018497558827,4.542170088099305,5.369730643263732
2025-06-20,3.747525065548659,3.945450893393597,4.547522435180895,5.361082160997859
2025-06-23,3.725329825113493,3.9105921999702566,4.50146038677688,5.30480755112302
2025-06-24,3.692837023659333,3.875148001758048,4.464849199129984,5.306546581002073
2025-06-25,3.6976654838876617,3.8877487392146484,4.495710217687297,5.359262512073254
2025-06-26,3.6662754759939036,3.86047761552605,4.486434236043797,5.38556307631343
2025-06-27,3.6866260459529,3.8863495354449724,4.522896031000096,5.406666682111849
2025-06-30,3.669415843435629,3.871378614989253,4.513921282380313,5.4207258969316205
2025-07-01,3.657474249450744,3.8363918057996047,4.457871267261915,5.354900951906629
2025-07-02,3.70796975460079,3.9391618019411196,4.612200656558351,5.54063475692789
2025-07-03,3.684775757612799,3.906458379371324,4.568078854230343,5.491216267345993
2025-07-04,3.6978971897196304,3.9143754239609665,4.574240562473785,5.486081505889948
2025-07-07,3.708627196346513,3.933013342892888,4.600579211108627,5.535227863600288
2025-07-08,3.724460920120709,3.970462538587114,4.655302673438704,5.615918180203696
2025-07-09,3.7200871464804712,3.958004135309223,4.6291717785621564,5.568188551762748
2025-07-10,3.7146126724019473,3.953940013713102,4.623913897701281,5.562253775884724
2025-07-11,3.721788921076419,3.9731657000768443,4.6539428725042535,5.5895081272441915
2025-07-14,3.673816303897227,3.9387998194846965,4.635126963407671,5.592977307959018
2025-07-15,3.69820156256358,3.9661404873156627,4.667695097884725,5.62696952985634
2025-07-16,3.727442564765519,3.982551479655836,4.672844115433437,5.62291873857757
2025-07-17,3.7489427391676045,3.9972302497589256,4.679465743976921,5.630982713101927
2025-07-18,3.7658298951580016,4.023369089073112,4.716676298859992,5.678499348381275
2025-07-21,3.7216190808491296,3.963452620011637,4.643617407896537,5.591384961647553
2025-07-22,3.688773869822193,3.9231732926439653,4.605065657819708,5.557941086365493
2025-07-23,3.6977523405457973,3.9486322033186623,4.6497608368222085,5.624008496990928
2025-07-24,3.707009466341042,3.963329336443705,4.667145768704087,5.6304427030639905
2025-07-25,3.735326738841311,3.9869850106857845,4.676874194245992,5.609570874545812
2025-07-28,3.7540300870745833,4.001460578920856,4.681571388072941,5.602351972712425
2025-07-29,3.728979865781286,3.9759644511848413,4.64860348180722,5.57643339796194
2025-07-30,3.720936799600489,3.9589670777587984,4.630670734756831,5.562303665875626
2025-07-31,3.7029451016995245,3.9283408034656624,4.60229942595057,5.523463734423566
2025-08-01,3.65640361747495,3.8854748592613944,4.572742230445991,5.521988373862004
2025-08-04,3.648122322657526,3.8653433029591184,4.54581979579382,5.4861406911322455
2025-08-05,3.6537025046783174,3.865641302966388,4.537455380730584,5.484926514493929
2025-08-06,3.6568373181119,3.873986270238813,4.54655082466796,5.511404368028144
2025-08-07,3.7212217281515887,3.924332338337481,4.573965657426829,5.506587606956966
2025-08-08,3.7380862707826097,3.955258952657722,4.624092877563135,5.586228477048844
2025-08-11,3.7043508822728257,3.923246105801174,4.592558854675078,5.553321701800646
2025-08-12,3.7369337598785366,3.9615396392452356,4.635470923265247,5.604680808074529
2025-08-13,3.703814828290601,3.9336844768231303,4.615184399540324,5.594327662266634
2025-08-14,3.7490811275216434,3.9809002355136833,4.666680199919464,5.663308276987708
2025-08-15,3.7633655035272224,4.011424145646161,4.717625164994864,5.738469875282159
2025-08-18,3.8139004757970754,4.066235443190753,4.7748259054871465,5.807235330246526
2025-08-19,3.8172603848845044,4.066831304824076,4.767905809126563,5.792043257650159
2025-08-20,3.7690093387987957,4.011631441666382,4.710278073820964,5.722061129311746
2025-08-21,3.8161723228613416,4.0633224076595145,4.767962713826314,5.765551591729369
2025-08-22,3.7825825639835777,4.029456169572201,4.7271064139975865,5.729904107209577
2025-08-26,3.816553573707259,4.074072181120816,4.782385728769874,5.797282820824304
2025-08-27,3.799260440676342,4.056559061317943,4.7658426441160415,5.774499245800132
2025-08-28,3.7844360932876997,4.03508146533209,4.746203493404979,5.761007978138728
2025-08-29,3.789291576427135,4.044943016574551,4.768826970611897,5.78844048383576
2025-09-01,3.810498907101541,4.0727025412338325,4.799989345681018,5.835140425512583
2025-09-02,3.8344299454292132,4.1146350302647265,4.852691851712386,5.893311750329446
2025-09-03,3.802728592644881,4.0716408192376,4.80120903092506,5.79871534229305
2025-09-04,3.80666168827999,4.06532235593431,4.782596383449967,5.7679545398400185
2025-09-05,3.7582585313423635,3.994394780711018,4.698020626818514,5.681351618805989
2025-09-08,3.7443720050899665,3.962218729665475,4.6606121402840355,5.6368539771868456
2025-09-09,3.762150642415486,3.9822488046650433,4.6801745946337965,5.656123985946815
2025-09-10,3.785172920976463,4.000103985227062,4.686366118878094,5.663923294169155
2025-09-11,3.777792816574325,3.9844763285894387,4.6563339575219285,5.61434260527729
2025-09-12,3.810427345388443,4.023167667469544,4.7049293964775725,5.651449452833072
2025-09-15,3.792380604732689,4.002571845802121,4.680546243332296,5.634423719113068
2025-09-16,3.809589199146949,4.018641150478095,4.690256556294791,5.62230569320339
2025-09-17,3.801666463902938,4.0058500517248055,4.668595025358488,5.587920268652318
2025-09-18,3.7975251277469813,4.0283767044319685,4.716077539375058,5.659890235088332
2025-09-19,3.824195616675878,4.066278047059847,4.767186000157019,5.72478732375863
2025-09-22,3.8165358534153997,4.0575465048065436,4.75380431104329,5.70019567178905
2025-09-23,3.813000526511984,4.053295882459738,4.743341866262027,5.664649860808243
2025-09-24,3.800193083071942,4.040731300708929,4.731353882270318,5.648479892378401
2025-09-25,3.8523068970893823,4.104724794674093,4.800367446820696,5.704138532093739
2025-09-26,3.8673224469490273,4.115525568749836,4.801775498606041,5.711479082279711
2025-09-29,3.8404826297505865,4.083924070952852,4.7587827942044525,5.663234711916183
2025-09-30,3.845779690135916,4.0870681250224,4.762835190605581,5.661416519281704
2025-10-01,3.81816912589885,4.067463148749053,4.755877550669189,5.665050299856186
2025-10-02,3.839720321968491,4.087456930895584,4.769698155216199,5.673151795658216
2025-10-03,3.822687270031954,4.0706239926816385,4.753452043203972,5.657506039469931
2025-10-06,3.8391262453044446,4.094212824281842,4.785109864651178,5.700130299137268
2025-10-07,3.8506786693129977,4.105347767415526,4.794594958132551,5.705858346515819
2025-10-08,3.853064826219893,4.097244912588822,4.769726363561681,5.669030698567713
2025-10-09,3.8666572600085845,4.122712158085973,4.808588361570833,5.699329520678838
2025-10-10,3.8177086550329427,4.062602644205798,4.7326488143282495,5.6141261314422914
2025-10-13,3.8054751244689005,4.047184298344346,4.724240962785705,5.618782960217733
2025-10-14,3.7477362040798505,3.9764727710471846,4.6465968186811875,5.541839468075244
2025-10-15,3.7226704020770796,3.9352732965025985,4.596397674799728,5.48788595164137
2025-10-16,3.704985716083828,3.912727185695656,4.573288357496894,5.460962692633066
2025-10-17,3.7220186319998163,3.9301829352939484,4.596265707577339,5.492382906462585
2025-10-20,3.700022967419478,3.9099791831165205,4.5732400090730305,5.464810563632383
2025-10-21,3.7032894399475125,3.8982586531210766,4.543292977367049,5.414813320843354
2025-10-22,3.612386833029352,3.8244143682708995,4.479854818902298,5.367393699143021
2025-10-23,3.621211760798931,3.832085368353958,4.479190005327036,5.370046698412163
2025-10-24,3.642608554453084,3.8520605313210248,4.491031729043259,5.359362432102883
2025-10-27,3.6355159009024285,3.8353728563426452,4.467564837825374,5.324843819629161
2025-10-28,3.6250997803587257,3.8320669330316086,4.461845954941333,5.307774253542113
2025-10-29,3.624863420944309,3.834697777088232,4.459479656918498,5.307787056259714
2025-10-30,3.644561253595699,3.8576726133426695,4.471420350316273,5.2927322129837515
2025-10-31,3.633542279073549,3.8504249296108037,4.477307980685369,5.313794839759791
2025-11-03,3.660872495604533,3.876928240851303,4.507278932802223,5.350042641653815
2025-11-04,3.6354664185111742,3.8489124500737213,4.473480207728537,5.324248513284426
2025-11-05,3.6783639732979703,3.900763241447926,4.5312195135618625,5.396329023989564
2025-11-06,3.654364987249635,3.868971859599023,4.50250775543973,5.366621199063181
2025-11-07,3.6643799592645174,3.8902730003915167,4.525123604184502,5.386622553178602
2025-11-10,3.67222821731011,3.895920582169701,4.521070085001918,5.374446697625848
2025-11-11,3.5980353646557433,3.8246129898047307,4.451833567269732,5.30653887147488
2025-11-12,3.607187270583333,3.8408058915470535,4.474160971960976,5.33711929612529
2025-11-13,3.633165255584292,3.8703159124681754,4.505429647683546,5.373180350713896
2025-11-14,3.71166690554017,3.9758198308530845,4.636921423261095,5.545474258465181
2025-11-17,3.6777989769398043,3.9434533296428382,4.610873275266146,5.502611297171474
2025-11-18,3.6708278083431245,3.9433720959321312,4.618791323955653,5.523855083933624
2025-11-19,3.6871937264823185,3.9813000434440142,4.683571312128241,5.610098486393174
2025-11-20,3.6687054520949567,3.9619595760168878,4.659264437772194,5.573512244721703
2025-11-21,3.646026487469639,3.9296728303626667,4.614149634431268,5.505578159835216
2025-11-24,3.670527633228085,3.9496579676057935,4.624088937232524,5.512344543568759
2025-11-25,3.6316811735378165,3.9107449211983853,4.570492305444939,5.46049725592226
2025-11-26,3.6006154504020116,3.8595531437300012,4.510920115106663,5.352736610583638
2025-11-27,3.629269396978475,3.8945641541278064,4.54110659858405,5.333527269472289
2025-11-28,3.617701653900203,3.883306696468698,4.533548757151312,5.316085861550687
2025-12-01,3.6219920992923593,3.901724306566721,4.565277462099516,5.371668081211297
2025-12-02,3.6177377726986713,3.901043173408174,4.568718423601366,5.373255998867724
2025-12-03,3.6078123360168903,3.877174435920883,4.5227619446297425,5.304312981855023
2025-12-04,3.5971763860359727,3.8665681011564423,4.516114436616302,5.260548386063465
2025-12-05,3.6438308672724093,3.9173451168388573,4.557079028678588,5.297873084429991
2025-12-08,3.7037074967510457,3.9925343601228698,4.622770230322546,5.332071876054967
2025-12-09,3.6802885634613163,3.9673190399206795,4.5910383717969445,5.2940929043406415
2025-12-10,3.6917118339371227,3.982227095412951,4.594786305337523,5.315695828897934
2025-12-11,3.6636910509819645,3.947247214636635,4.55675523664772,5.315230652958687
2025-12-12,3.654261633596243,3.9612384332317747,4.600394537855356,5.393481314438313
2025-12-15,3.6449467238960467,3.9411798062374985,4.571528451591478,5.352849498698658
2025-12-16,3.669213699963519,3.9604127061557626,4.599436396152745,5.3751245496687545
2025-12-17,3.6168605921182357,3.9110613907086815,4.552704385591164,5.332692784489408
2025-12-18,3.6501604642021985,3.931333365611576,4.559347296421199,5.311532650789345
2025-12-19,3.667270474462747,3.9642549227276604,4.602259652560369,5.358105764089932
2025-12-22,3.6702497767296762,3.9809692946597424,4.624095304213962,5.380112392999361
2025-12-23,3.665034288689949,3.9684434264435593,4.593904626596222,5.345582056437559
2025-12-24,3.671558977555938,3.9759036551440197,4.599578222498928,5.345232497922585
2025-12-29,3.6476152232516545,3.9533852277641097,4.575121569012152,5.3196763295031335
2025-12-30,3.6459747801345808,3.9545716393223684,4.583820102727132,5.32637193522008
2025-12-31,3.63252597532319,3.936559692491638,4.5715602580238635,5.313040953774897
2026-01-02,3.6536316772290363,3.9746829256079494,4.626484542549445,5.37872735421763
2026-01-05,3.637220836520467,3.9552224754910577,4.603328347062279,5.360636089879681
2026-01-06,3.6164407439965456,3.9322287160979754,4.5811148539737365,5.344856094111277
2026-01-07,3.5763630227601686,3.8713204700467436,4.5104403176399135,5.265129766442472
2026-01-08,3.572072193869809,3.8698856302299505,4.506951443944098,5.281400209507333
2026-01-09,3.552861510393347,3.847302366288686,4.469734038330506,5.234502532159866
2026-01-12,3.563844244455019,3.852853418515344,4.464995250711192,5.22223500719973
2026-01-13,3.564001588248737,3.864639843307958,4.483894911406935,5.245997465386671
2026-01-14,3.5349307508297083,3.827644415313665,4.448166754181149,5.228579181024224
2026-01-15,3.575688485198969,3.8641046678808486,4.4734059761420175,5.233123558288658
2026-01-16,3.598123412870629,3.8942647012371987,4.500418438800351,5.25629378524818
2026-01-19,3.5817282252478178,3.889250404622941,4.501795395227149,5.27527552266527
2026-01-20,3.597578432581968,3.927995823718022,4.557013681667537,5.347813528172831
2026-01-21,3.590635191649395,3.915271525362158,4.543794490208647,5.319494646640251
2026-01-22,3.5982529650046677,3.939710216403726,4.5770227015428375,5.354086727984432
2026-01-23,3.6397893880713057,3.9705278545387728,4.592095287296492,5.3487948061522745
2026-01-26,3.64777918970264,3.973172319988084,4.588525703534622,5.343882646034474
2026-01-27,3.6560119619258113,3.9933871747543948,4.617789686074891,5.379816779218353
2026-01-28,3.658825028283442,4.0012344029305185,4.637743421190304,5.408835839908941
2026-01-29,3.623432962336283,3.95710451836577,4.606208540348957,5.380385138878563
2026-01-30,3.6281963510005224,3.970708624399721,4.627391175595525,5.411893439252692
2026-02-02,3.6228669023878854,3.961622978028059,4.61404221939848,5.397959659785163
2026-02-03,3.6300530920406207,3.9695734561738725,4.617787426950268,5.410628807717358
2026-02-04,3.6381401946001874,3.986067092641158,4.642073544618521,5.450100081238407
2026-02-05,3.58740216129676,3.963865491629562,4.657410578163457,5.5020928128694315
2026-02-06,3.561347888016026,3.9392686023522785,4.638065482593509,5.485459147139253
2026-02-09,3.5553884456613485,3.9397137406965967,4.648018760178777,5.487066285563411
2026-02-10,3.5595222501689823,3.9198956676656023,4.6119325947949,5.4524747588228255
2026-02-11,3.5589622732967543,3.917814799034324,4.599113529955446,5.431149262007825
2026-02-12,3.527749781775201,3.8878321941441305,4.561956180330087,5.388794146793733
2026-02-13,3.5044560882140514,3.8491235753631705,4.52215773274971,5.3471496009478505
2026-02-16,3.5016826399258427,3.840469934606954,4.514535043650425,5.334868017557292
2026-02-17,3.4940439795744336,3.826200431709219,4.489286248619139,5.30611168954115
2026-02-18,3.4965222483261,3.8293064597849593,4.489107819050341,5.299203864468085
2026-02-19,3.484184978439089,3.8204056684537355,4.488538051461226,5.308381613464607
2026-02-20,3.484919448009011,3.808970730377304,4.467316097471115,5.285302286859358
2026-02-23,3.468039886072453,3.7812802149119356,4.4286300531624665,5.247621402132902
2026-02-24,3.48027642106254,3.7823674309591113,4.42330741233414,5.246432861135065
2026-02-25,3.486397373913098,3.79062478024769,4.429097757836517,5.2684006022937995
2026-02-26,3.457733189358372,3.7588644587620004,4.3958015543573765,5.2227759592152365
2026-02-27,3.42368876916733,3.7180677467173795,4.351930609195932,5.178699039081688
2026-03-02,3.52803251797695,3.792702401094928,4.412464985847554,5.233945956369403
2026-03-03,3.6619978072053883,3.9291043415274904,4.555329397671693,5.366902754770032
2026-03-04,3.5960401201697754,3.8603989983349236,4.486466999519028,5.306345998581642
2026-03-05,3.684286653526586,3.9531217209536287,4.5762120051547726,5.383581283397259
2026-03-06,3.782134067271127,4.088124977816436,4.70340940891731,5.488178953952887
2026-03-09,3.8494143862027075,4.098483447378607,4.666753508354413,5.426983734517277
2026-03-10,3.7496188579764627,4.007011817522043,4.596616573006339,5.3781731929080685
2026-03-11,3.9017942600018958,4.15799245321575,4.7341337537265655,5.497864573218539
2026-03-12,3.9679262636671826,4.231264669013518,4.816233790922558,5.592765006312954
2026-03-13,3.9911725126287863,4.263258444698954,4.854443184171123,5.621966181305621
2026-03-16,3.9620176315675835,4.21496542140452,4.793902535240976,5.562731501886464
2026-03-17,3.923501269567732,4.158830377735226,4.7352617149231655,5.509884349307657
2026-03-18,3.9900210730192245,4.211316912223017,4.784952235241257,5.551679902185665
2026-03-19,4.273285483111014,4.37935062883862,4.854795970880194,5.523264552179484
2026-03-20,4.432754856190243,4.511092967958159,4.9960347709969115,5.649098284455486
2026-03-23,4.306899300459014,4.426446530581745,4.950506687698709,5.640026199860623
2026-03-24,4.31769498667436,4.419766167332851,4.9534340869821145,5.6525904015698325
2026-03-25,4.266643331184702,4.344048031019481,4.847347459463268,5.527269104404431
2026-03-26,4.366305441604295,4.465721856240085,4.966154257501001,5.648289843707903
2026-03-27,4.3574650636742875,4.481704068943569,5.009783312349838,5.692510699761046
2026-03-30,4.31763679513874,4.431861740312966,4.957855234640258,5.644071821986056
2026-03-31,4.282973901327042,4.407574546856058,4.944189405467784,5.633330944894763
