0,uk_real_5yr,uk_real_10yr,uk_real_30yr
2016-01-04,-0.9966783793423806,-0.7239955023490352,-0.7328451490590097
2016-01-05,-1.0211300719801297,-0.7402954131174959,-0.7377994013339697
2016-01-06,-1.0729230645000927,-0.7977954710519075,-0.7726289298359081
2016-01-07,-1.0780741676559273,-0.8054266965445567,-0.770915167044236
2016-01-08,-1.1159328391339955,-0.8360462460195446,-0.7669362558054846
2016-01-11,-1.1239710794793543,-0.8429713349159498,-0.7841990812232164
2016-01-12,-1.1179241152973858,-0.8404688241433919,-0.8150504338212834
2016-01-13,-1.1309667617598729,-0.8475270537702698,-0.824707456679482
2016-01-14,-1.116990358746293,-0.8313842860286652,-0.8055705553310623
2016-01-15,-1.15372987448173,-0.8641474370729494,-0.8252996166134401
2016-01-18,-1.117368015241734,-0.8295967514442444,-0.8220043537126275
2016-01-19,-1.1356637840038566,-0.8306624840574033,-0.8003575620241118
2016-01-20,-1.1589924102394158,-0.8783142808284667,-0.8441682380108412
2016-01-21,-1.1425599588008517,-0.8607476817620328,-0.829315389692183
2016-01-22,-1.1739972453098102,-0.8770097974570439,-0.8303329313703156
2016-01-25,-1.2016535016576806,-0.9017600572180742,-0.857440505851723
2016-01-26,-1.1985493090554291,-0.896803872669081,-0.8607801746753865
2016-01-27,-1.1960494524677276,-0.8976445273966336,-0.8686370433578265
2016-01-28,-1.2236425132898743,-0.9208959958802201,-0.877012862736312
2016-01-29,-1.291136517508494,-0.9701845403720348,-0.9073875180803984
2016-02-01,-1.2247193919606274,-0.9070730719575858,-0.8574777081088478
2016-02-02,-1.2430476367291867,-0.9326864600153243,-0.8910993368552316
2016-02-03,-1.2796536901317923,-0.9666531683061408,-0.9250482446759282
2016-02-04,-1.2866365491182248,-0.9505904785329895,-0.9064255937602206
2016-02-05,-1.2946719952278245,-0.9625034414854372,-0.9110415006678833
2016-02-08,-1.3750360333033527,-1.052590352581953,-0.9791736067551892
2016-02-09,-1.321437074648933,-1.0135797210680841,-0.9434038784316542
2016-02-10,-1.2822255235696123,-0.9898134039411343,-0.9334648569424336
2016-02-11,-1.3430052765157774,-1.0710465157970515,-1.0050490086825357
2016-02-12,-1.2340947060934742,-0.9729457229328462,-0.9357226842297487
2016-02-15,-1.2502078137242179,-0.9810711243895796,-0.9363753004848533
2016-02-16,-1.254284891994913,-0.9778720460074707,-0.9250211345381328
2016-02-17,-1.2207003464626855,-0.9348548341784841,-0.8858821773645869
2016-02-18,-1.2350138844765728,-0.9505944643410384,-0.8599159598930866
2016-02-19,-1.2200969821637884,-0.9431562817877426,-0.8523943349607965
2016-02-22,-1.2234184439780216,-0.9441680979700017,-0.8474185167921006
2016-02-23,-1.2264016344055562,-0.9371745193924659,-0.8421087436856917
2016-02-24,-1.244988740236507,-0.9686725069222734,-0.8520704288633638
2016-02-25,-1.2466749649713311,-0.9593646052543068,-0.8182779269646959
2016-02-26,-1.2514504013987477,-0.9576208617744356,-0.8265710632307047
2016-02-29,-1.2940622475903574,-1.0088470120689184,-0.8702870197646455
2016-03-01,-1.2657139365061587,-0.9743783967332942,-0.8537989012741681
2016-03-02,-1.2476832981453159,-0.9405977827903923,-0.8475004443845653
2016-03-03,-1.2860765233533757,-0.973064170176514,-0.8781322126801548
2016-03-04,-1.3404902428264998,-0.9986773653647847,-0.8709455096401036
2016-03-07,-1.367292786801923,-1.0170310633811492,-0.8726169375110062
2016-03-08,-1.388668806615476,-1.0713717183538305,-0.9642802104053966
2016-03-09,-1.3534817933727383,-1.0163851554748788,-0.9227895717838251
2016-03-10,-1.3540371683253194,-1.0234899622010747,-0.9543477387786384
2016-03-11,-1.3430052717495982,-1.007424783904817,-0.9354073519304834
2016-03-14,-1.3799532235219796,-1.0355242337791917,-0.9481696470181054
2016-03-15,-1.3687163011564885,-1.022354685215832,-0.9341132751750659
2016-03-16,-1.385678892099346,-1.0297527869010987,-0.917047227294945
2016-03-17,-1.4679614148380289,-1.1008250431076498,-0.9561792504416261
2016-03-18,-1.4755198757715746,-1.1053581306755975,-0.9648616607720907
2016-03-21,-1.4319774929321345,-1.0652599059847183,-0.9389402174087376
2016-03-22,-1.4848324078255541,-1.1013188814558759,-0.9585631040276837
2016-03-23,-1.488204657902651,-1.1036094859228278,-0.9679056951566537
2016-03-24,-1.4734912797928705,-1.0774998028510672,-0.9179419788814316
2016-03-29,-1.4884999511732455,-1.092042777510992,-0.9093128707103222
2016-03-30,-1.48199264897598,-1.0801827753105329,-0.9017079431632831
2016-03-31,-1.5128022765965787,-1.1139911090813106,-0.9415320150765536
2016-04-01,-1.4986264742673938,-1.1003895394038659,-0.925668891621611
2016-04-04,-1.506005839514277,-1.1131194549713652,-0.9444118345065925
2016-04-05,-1.5183540112796012,-1.1281339302746007,-0.9473582393997352
2016-04-06,-1.528525066063081,-1.1220641691121562,-0.9422447259224128
2016-04-07,-1.6039438786364428,-1.1847487342586516,-0.9711305902428468
2016-04-08,-1.6107049858236018,-1.1693913627900199,-0.9371436240879275
2016-04-11,-1.6186872103556553,-1.1591694926784792,-0.9115570899625748
2016-04-12,-1.6397648833193053,-1.1435864561685782,-0.8790457495135894
2016-04-13,-1.6505370559109493,-1.1579502064847205,-0.9262862854798036
2016-04-14,-1.6002543238778124,-1.1154264888020782,-0.9082240448644555
2016-04-15,-1.5917983048090278,-1.1156987563287653,-0.9135298802513889
2016-04-18,-1.5343385290665246,-1.0574426302783086,-0.8709052817518234
2016-04-19,-1.5250341113441643,-1.041582365058223,-0.8558955666134068
2016-04-20,-1.5383548556273097,-1.0674736702438878,-0.888288211827627
2016-04-21,-1.492359909195256,-1.0052574016906408,-0.8355695258572412
2016-04-22,-1.4998137717391513,-1.0041259161974385,-0.8267761209940337
2016-04-25,-1.4683617528686237,-0.9816442595801373,-0.822475201530682
2016-04-26,-1.4030226220975273,-0.915192267478411,-0.7692768311001622
2016-04-27,-1.3957823442737831,-0.9241826473873301,-0.7791140145248814
2016-04-28,-1.3872872689584077,-0.9326328825552557,-0.7944168190785516
2016-04-29,-1.3830359439588715,-0.9454439465180846,-0.8231281162122563
2016-05-03,-1.38776489813271,-0.9619959524499931,-0.8640322872643671
2016-05-04,-1.375231687144903,-0.9500572215702491,-0.8358822202353616
2016-05-05,-1.4012261482894994,-0.980344995340312,-0.8474089340863429
2016-05-06,-1.4205058975948404,-1.012670120817019,-0.8736998412870695
2016-05-09,-1.4103337827404645,-0.9944441372372778,-0.8512766406993973
2016-05-10,-1.410206059198867,-0.9965597546255504,-0.856154020559711
2016-05-11,-1.4004298881878243,-0.9949620348045547,-0.8635311785511806
2016-05-12,-1.423363091136668,-1.004316272141564,-0.8476182265158327
2016-05-13,-1.4395728972567934,-1.0272653050391456,-0.8613362380606351
2016-05-16,-1.4279113175120606,-1.0133974778357766,-0.8510203525623498
2016-05-17,-1.4721372845513403,-1.041601205387297,-0.8724268374914251
2016-05-18,-1.4500271906624813,-1.020092917785391,-0.8576146176973414
2016-05-19,-1.416433328064144,-1.0002864632721478,-0.857492054861742
2016-05-20,-1.3861659035060376,-0.9785621404194703,-0.8536055908478837
2016-05-23,-1.3703595148499146,-0.9754764480559223,-0.8631046602025679
2016-05-24,-1.353528767288038,-0.9771599745322306,-0.8709493123586125
2016-05-25,-1.3931263538068206,-1.0207249549378543,-0.9038957362930721
2016-05-26,-1.4195254505046906,-1.045768633576938,-0.9227932341947975
2016-05-27,-1.3864785626329201,-1.0167548432288176,-0.8991111029103193
2016-05-31,-1.3851982877585451,-1.0116958115513381,-0.9001666941995442
2016-06-01,-1.3910006885257244,-1.0218919912913869,-0.9113235497549665
2016-06-02,-1.4180994447286723,-1.03645083146395,-0.9051198155381357
2016-06-03,-1.498296701266626,-1.1086442486775128,-0.9377200059320405
2016-06-06,-1.5368004707366578,-1.1383295050065154,-0.9412068763287332
2016-06-07,-1.5125903019617024,-1.1168067651553961,-0.9308833054750719
2016-06-08,-1.5074998994080986,-1.1269920319747961,-0.9553661408042508
2016-06-09,-1.4859572992798917,-1.1119255282016753,-0.9465248860127817
2016-06-10,-1.441217254989549,-1.0999908124712827,-0.9565242377565585
2016-06-13,-1.3996240151396306,-1.0696909126087883,-0.9692316443429877
2016-06-14,-1.4837125406228522,-1.1459450601886136,-1.032488503684397
2016-06-15,-1.5180938532693289,-1.1734919291748125,-1.0748550033966071
2016-06-16,-1.5674957521291812,-1.220811247798584,-1.1107459913071223
2016-06-17,-1.5701477483744164,-1.2149396735879157,-1.075356057503256
2016-06-20,-1.5007759996138104,-1.1481701375093842,-1.0162119908002394
2016-06-21,-1.4607609302338926,-1.1144142945828968,-0.9943279721821732
2016-06-22,-1.4182611288876932,-1.0657326747096278,-0.9849164939840188
2016-06-23,-1.3951976618129476,-1.0466831168257973,-0.9896087030808854
2016-06-24,-1.7117231796142616,-1.3090338434103312,-1.1875612189292706
2016-06-27,-1.9702769734858936,-1.5133904893306753,-1.252997308536315
2016-06-28,-2.018891288525673,-1.5504837569930032,-1.2963547704798484
2016-06-29,-2.019959577708204,-1.5588310387916202,-1.3140611853995574
2016-06-30,-2.008930211748016,-1.5597839490864038,-1.3342544146372959
2016-07-01,-2.0207216624424573,-1.5871728654645354,-1.3399612125447384
2016-07-04,-1.999961059787759,-1.5828288503002488,-1.359551777514939
2016-07-05,-2.0527683868122315,-1.6295985154386212,-1.3923906417823606
2016-07-06,-2.134695017926732,-1.6849923606266255,-1.4230419373736558
2016-07-07,-2.200402994989851,-1.7163965212180965,-1.4280755575730189
2016-07-08,-2.1698558967694472,-1.7191149607328746,-1.4360496175850879
2016-07-11,-2.1507081280376825,-1.6993749883201879,-1.4121748773497367
2016-07-12,-2.067438921595313,-1.6195096894269052,-1.3581619242996361
2016-07-13,-2.0907824828781982,-1.662411623384639,-1.3993449804829605
2016-07-14,-2.0672071819408186,-1.6344431871223992,-1.3800594928689898
2016-07-15,-2.035086495409481,-1.5931664963564054,-1.3131553036716581
2016-07-18,-2.0374919818622685,-1.60576337931575,-1.3172821442705966
2016-07-19,-2.083793807115171,-1.6383228990729293,-1.3281255402449674
2016-07-20,-2.045531850104487,-1.5862816830539894,-1.2771434617411292
2016-07-21,-2.042003101184098,-1.5749625763981656,-1.2767876689327247
2016-07-22,-2.0426290357632917,-1.5838248888155033,-1.291834977217983
2016-07-25,-2.0520374285764444,-1.5842748563169708,-1.291884311746538
2016-07-26,-2.100108327872869,-1.5998070465421654,-1.2385655958256636
2016-07-27,-2.160620589384373,-1.6871780441745283,-1.3026948919869559
2016-07-28,-2.1550359326301267,-1.6937850845428333,-1.3205810945471539
2016-07-29,-2.152512152626442,-1.7154876141357918,-1.3775615173878748
2016-08-01,-2.1200345232145508,-1.687326258387733,-1.3460686704095735
2016-08-02,-2.088399076792969,-1.6390780563535596,-1.3092472828268265
2016-08-03,-2.098527273825202,-1.6520461329134233,-1.3334756908849532
2016-08-04,-2.2666215028677534,-1.8219624705500028,-1.4131477452032948
2016-08-05,-2.3013211879849047,-1.8548167204077113,-1.4365751757116711
2016-08-08,-2.3598680199050848,-1.903898090315126,-1.4808924737143054
2016-08-09,-2.408888768535404,-1.9619794597635682,-1.5233202166686808
2016-08-10,-2.4235847017768655,-2.0121753049369726,-1.606075050390527
2016-08-11,-2.3676971697353952,-1.9992317496427419,-1.6704799198642406
2016-08-12,-2.3656721221369006,-1.9873054217833297,-1.6840968263751295
2016-08-15,-2.371457096249972,-1.9812911082574345,-1.6729242825894979
2016-08-16,-2.4538308310622616,-2.021879407756768,-1.6703616359641822
2016-08-17,-2.4732684318764444,-2.027691739684351,-1.6605417160055254
2016-08-18,-2.4656012173399655,-2.028625747195817,-1.6751821281697832
2016-08-19,-2.433858238770632,-1.9878311590957327,-1.630779627410658
2016-08-22,-2.4461191853344144,-2.0163277310516765,-1.6525092946417037
2016-08-23,-2.4648774467007852,-2.0555257620999714,-1.7134133832876308
2016-08-24,-2.448225296522323,-2.054239004979094,-1.7258040832903354
2016-08-25,-2.451293691874844,-2.0679595670488324,-1.740435459842087
2016-08-26,-2.471357946152351,-2.1069681790739287,-1.7819568125795147
2016-08-30,-2.478033455227192,-2.1230445043492865,-1.7839118527282616
2016-08-31,-2.4984796358135855,-2.1367339087541746,-1.769182274768555
2016-09-01,-2.492449461260473,-2.1440122336102956,-1.7782768189255649
2016-09-02,-2.3793462684827973,-2.0449938782744743,-1.706915809631112
2016-09-05,-2.379504017051991,-2.066043263888268,-1.7355365814123902
2016-09-06,-2.4102121175005857,-2.100680497193988,-1.7557333320729003
2016-09-07,-2.4078860757802563,-2.1133866915538357,-1.7872607649500094
2016-09-08,-2.370220356367523,-2.059390039460122,-1.7114807777805534
2016-09-09,-2.3181670726440937,-1.9802213679822689,-1.62752581302765
2016-09-12,-2.3112469072322486,-1.9746188481364633,-1.650290299173528
2016-09-13,-2.3117260608215826,-1.9638174577351208,-1.643776301138834
2016-09-14,-2.306431364043889,-1.9695286869576514,-1.656453628280047
2016-09-15,-2.301115800085019,-1.967452603971179,-1.6534858384114128
2016-09-16,-2.298256454393692,-1.9752350408576553,-1.6545256115668592
2016-09-19,-2.2696955132960825,-1.9534818465011294,-1.6250299930463574
2016-09-20,-2.2878682497945912,-1.9902958023754054,-1.6489638339439396
2016-09-21,-2.3008463792884175,-1.9863412219290748,-1.6295720330904908
2016-09-22,-2.361821254562874,-2.0708104490288513,-1.7258779303872478
2016-09-23,-2.361556052498398,-2.0669379808495423,-1.7124304718618761
2016-09-26,-2.4082080813961295,-2.107202435325204,-1.7518887070494762
2016-09-27,-2.445558061524469,-2.15544766680292,-1.8175753375158255
2016-09-28,-2.4543750475166655,-2.1674023340744286,-1.8339106378185805
2016-09-29,-2.4913338326476135,-2.184586471865429,-1.836137885450961
2016-09-30,-2.4164149284264553,-2.1014760233582934,-1.7514630217691578
2016-10-03,-2.5098534160566865,-2.184859712441294,-1.8408479828143065
2016-10-04,-2.555148547494185,-2.2030933373689985,-1.823620337218702
2016-10-05,-2.555700891681194,-2.189561249732148,-1.8334443207762345
2016-10-06,-2.6082663444208345,-2.218910872117079,-1.8565453440664847
2016-10-07,-2.6321216482183374,-2.199554302940955,-1.8086049407634797
2016-10-10,-2.594097558163597,-2.160583548244434,-1.7865438741418187
2016-10-11,-2.684093855444657,-2.2260280380155115,-1.8034122437094795
2016-10-12,-2.6338159708311792,-2.1655115729129,-1.7488699698322574
2016-10-13,-2.5700905057070758,-2.109957673086341,-1.7068083009064112
2016-10-14,-2.464774203821641,-1.9995272409126066,-1.6494613576780188
2016-10-17,-2.4436382011628646,-1.9780638039964287,-1.6472211653004158
2016-10-18,-2.516991010602152,-2.050827009811825,-1.6897747632447775
2016-10-19,-2.514214258381865,-2.064873836072917,-1.7207061652163478
2016-10-20,-2.5501555153091546,-2.1031225046031716,-1.7653722113121157
2016-10-21,-2.52389254475355,-2.090299881288041,-1.7478953832256583
2016-10-24,-2.5267907427300114,-2.1010894133994427,-1.7686460490381273
2016-10-25,-2.5458883621895545,-2.12440885877945,-1.7897945853967814
2016-10-26,-2.481159903611061,-2.058252744935235,-1.7515994219535354
2016-10-27,-2.4806224705019004,-2.026529891328609,-1.7114373702987251
2016-10-28,-2.4757355367669733,-2.004626451911579,-1.649543355369082
2016-10-31,-2.509165662983082,-2.0419684153463935,-1.7018186253094696
2016-11-01,-2.4927528004328083,-2.0070816501797037,-1.6561059708990464
2016-11-02,-2.552425305353314,-2.0700846955347827,-1.7065946008818367
2016-11-03,-2.4471810842830113,-1.993487460879664,-1.6882845049942063
2016-11-04,-2.4704501957457046,-2.0348111667091144,-1.7225208087515047
2016-11-07,-2.438754166239662,-1.9903860993924571,-1.670630499603318
2016-11-08,-2.4245889746609954,-1.9631649522667154,-1.6392742755092593
2016-11-09,-2.4781921498510653,-1.9948883040543965,-1.6274955444106078
2016-11-10,-2.440722689177016,-1.9299179715375196,-1.5740314944980012
2016-11-11,-2.389470169089813,-1.8871935036643612,-1.5712717284631261
2016-11-14,-2.3425446766515385,-1.8225020630549178,-1.5182441009239307
2016-11-15,-2.396734103126946,-1.8765293750709002,-1.5700572814080558
2016-11-16,-2.3779881049290426,-1.851382101643543,-1.5654922455483573
2016-11-17,-2.3635481023722287,-1.831514818666356,-1.5468099117994927
2016-11-18,-2.307996016355806,-1.7581095698059954,-1.4751305924099207
2016-11-21,-2.327629035880064,-1.7856571948488085,-1.4910823279390926
2016-11-22,-2.349661085441073,-1.8088461310023463,-1.5083751102407836
2016-11-23,-2.329276265585346,-1.7717383167529903,-1.4873937662607835
2016-11-24,-2.3583676677568013,-1.8003446739692408,-1.521673078769503
2016-11-25,-2.333703349630657,-1.7739410781502873,-1.5023113332802425
2016-11-28,-2.3565214749199335,-1.7968370583137196,-1.5026667380522114
2016-11-29,-2.3361418384711787,-1.7783395295293167,-1.4866928001643782
2016-11-30,-2.324370500751976,-1.7720951375877008,-1.4553171561105585
2016-12-01,-2.3193708136408695,-1.7399789731640432,-1.3797073478457509
2016-12-02,-2.401688904954133,-1.853866439950713,-1.4895008478843195
2016-12-05,-2.3989263932653926,-1.8477352491862693,-1.4929779143394475
2016-12-06,-2.360719942329348,-1.8243656208275714,-1.4836086749901727
2016-12-07,-2.374442389319698,-1.8668256327625947,-1.532495410106389
2016-12-08,-2.3651460876374877,-1.8616361298503932,-1.5534147984489084
2016-12-09,-2.3336966569180486,-1.820010279613427,-1.5251499219932987
2016-12-12,-2.344112509959669,-1.7996542032889118,-1.4789562941448573
2016-12-13,-2.434396079016005,-1.8569898177830961,-1.491458343831305
2016-12-14,-2.433601874497769,-1.8638246195558157,-1.490601823139937
2016-12-15,-2.331706581032369,-1.7441553524442182,-1.374678343903645
2016-12-16,-2.325425090713586,-1.7543460856688842,-1.3921418862018204
2016-12-19,-2.3439836104661476,-1.774214578804452,-1.394088478628012
2016-12-20,-2.380542320922968,-1.8091060679172912,-1.4236751298090364
2016-12-21,-2.4133576018758633,-1.847892955079288,-1.4600337828540626
2016-12-22,-2.4178445548088034,-1.8579609054811592,-1.4816703802240523
2016-12-23,-2.4357416029908743,-1.8827429260310642,-1.506410326107365
2016-12-28,-2.461858612381108,-1.919224101409585,-1.5414713868285168
2016-12-29,-2.4956128521328607,-1.9738659358591188,-1.5940785059674125
2016-12-30,-2.542560428952112,-1.9955956923206706,-1.5920976034710097
2017-01-03,-2.5209975962755524,-1.9596255462697627,-1.5442316763030066
2017-01-04,-2.5284607018962033,-1.9763403347095003,-1.5701916128377986
2017-01-05,-2.5528333046206853,-1.995788664931015,-1.591601755961505
2017-01-06,-2.528728625636532,-1.9501612910613613,-1.5539462377194717
2017-01-09,-2.553166451660588,-1.960188022389898,-1.5473089149894752
2017-01-10,-2.5911474530070846,-1.9757820326779107,-1.5560443576216891
2017-01-11,-2.65291041007342,-2.0076289431907104,-1.574060902113143
2017-01-12,-2.6627512096325368,-2.031492992151763,-1.6041317084840627
2017-01-13,-2.621221602280659,-1.987415535413734,-1.5637878284636593
2017-01-16,-2.627902051231971,-1.9965386652465806,-1.5715950927000573
2017-01-17,-2.5917568814581236,-1.9631338842467645,-1.5686096093617468
2017-01-18,-2.586168814050994,-1.9621304157288773,-1.5737080200457227
2017-01-19,-2.52101696150877,-1.888796197927635,-1.5101825115620455
2017-01-20,-2.4755387107756937,-1.8454159871522944,-1.477508677945919
2017-01-23,-2.503227001803471,-1.879501717014571,-1.5055012824044256
2017-01-24,-2.5213358198286864,-1.9078696376277051,-1.5575728846830752
2017-01-25,-2.458188687249641,-1.8481853559242682,-1.5174376102917224
2017-01-26,-2.450519652204191,-1.84045446050221,-1.505750236547876
2017-01-27,-2.4878044265361874,-1.88582493617056,-1.5232083874209676
2017-01-30,-2.5130760766606,-1.9218443685621942,-1.5589148639573958
2017-01-31,-2.5573009096576427,-1.9721445367555248,-1.6007978094838344
2017-02-01,-2.5534851330787283,-1.9623910178610455,-1.5781228283935256
2017-02-02,-2.5748683460800503,-1.9849014730665542,-1.5909292429807882
2017-02-03,-2.5541625510721575,-1.9580219317933305,-1.5633354097553394
2017-02-06,-2.579794807587468,-1.9871962674989778,-1.585617382437687
2017-02-07,-2.595486017709496,-1.9968551425260759,-1.5951721213655434
2017-02-08,-2.6098928189377957,-2.0304451297725015,-1.646920352108005
2017-02-09,-2.6031853362702466,-2.0279922815032068,-1.6509372875608723
2017-02-10,-2.578983078989001,-1.9957706272266489,-1.6208256819436833
2017-02-13,-2.5557907529336044,-1.97161588115654,-1.6058737109216645
2017-02-14,-2.5115209409825034,-1.9408584206051003,-1.6187493603371172
2017-02-15,-2.4937570052403015,-1.925379246396788,-1.5752897512769721
2017-02-16,-2.5017975496744307,-1.935930557266244,-1.5857712106473645
2017-02-17,-2.499506516245315,-1.9441883281498942,-1.586046119914349
2017-02-20,-2.4853544110146504,-1.9259440325792905,-1.5693819634499928
2017-02-21,-2.4323919881343903,-1.8718231105610628,-1.5266735186277074
2017-02-22,-2.409807962860414,-1.8653155917082471,-1.5444722498036538
2017-02-23,-2.4593745538818146,-1.9358386714825386,-1.5842952419052474
2017-02-24,-2.5113598511206954,-2.0020364901596706,-1.6209878626400225
2017-02-27,-2.5345211534635346,-2.015605976703457,-1.6232269695976695
2017-02-28,-2.540675094782996,-2.0161127252518316,-1.6302345048283986
2017-03-01,-2.5066831101163545,-1.9743284427772594,-1.6097098934791632
2017-03-02,-2.527881403628517,-1.9713776104040452,-1.5891863628833396
2017-03-03,-2.520602480769539,-1.9503593627232145,-1.5558196062537637
2017-03-06,-2.4885375882496654,-1.9190014024510744,-1.5374678175294467
2017-03-07,-2.523243136588228,-1.9482078053785195,-1.5729249812161965
2017-03-08,-2.5467153380018144,-1.9480106673768165,-1.592566768219822
2017-03-09,-2.5228748969152273,-1.9528876506934068,-1.6240869585178335
2017-03-10,-2.5131485358675665,-1.9463626088763977,-1.6075743713948787
2017-03-13,-2.5308333396778893,-1.9501664041507307,-1.6020830567764723
2017-03-14,-2.5418290507391172,-1.9604168142249603,-1.606374571450037
2017-03-15,-2.555205683510404,-1.9678022810477667,-1.6048638760911842
2017-03-16,-2.5120450733820316,-1.924967220325297,-1.593767124827188
2017-03-17,-2.4632079119515202,-1.864296253857433,-1.5366431715019064
2017-03-20,-2.486367127036883,-1.8876930066520157,-1.5565008485751541
2017-03-21,-2.547806054300694,-1.9077880917707115,-1.5640563733821793
2017-03-22,-2.61772995396635,-1.9869652123139812,-1.6268241538633563
2017-03-23,-2.626483400556425,-1.9819650681008274,-1.6041275088909606
2017-03-24,-2.6416490972968343,-2.025732481077985,-1.639514932104666
2017-03-27,-2.6442071920745036,-2.044935368412851,-1.6550623953036794
2017-03-28,-2.623508935216957,-2.02678000147858,-1.6499424618444622
2017-03-29,-2.6261539074295945,-2.0253011258466223,-1.6403446640770372
2017-03-30,-2.6559269653335495,-2.0413375421894857,-1.6450105302833782
2017-03-31,-2.6803325836189695,-2.069579801054981,-1.6780943435824516
2017-04-03,-2.7439650801190276,-2.1409055307913345,-1.7500480398994869
2017-04-04,-2.7769380574042537,-2.1710514768322406,-1.7689302621075138
2017-04-05,-2.7905366050919933,-2.1756688151036023,-1.7688307214116474
2017-04-06,-2.810302050623912,-2.202863032350417,-1.8102498540788832
2017-04-07,-2.7984641776017436,-2.193440208015486,-1.804166858197097
2017-04-10,-2.819022408541112,-2.205099903326494,-1.821686149948822
2017-04-11,-2.911206426991819,-2.2781496988783756,-1.8868626079409998
2017-04-12,-2.939785704904677,-2.2984245474171443,-1.9043962352240456
2017-04-13,-2.879427948619493,-2.2593868256018617,-1.8620239344594336
2017-04-18,-2.782427089346594,-2.172003086488804,-1.7929857965205727
2017-04-19,-2.6990051818848335,-2.11949888007761,-1.7799266024997502
2017-04-20,-2.6616430923917958,-2.0960454116014464,-1.7750502333737026
2017-04-21,-2.682621846491354,-2.1258007392682514,-1.781159642797819
2017-04-24,-2.6591975850081506,-2.0928046520362917,-1.742361470489532
2017-04-25,-2.628949367046157,-2.0653706047618927,-1.7204318756294419
2017-04-26,-2.6073639891660347,-2.042295062339316,-1.6967090440307657
2017-04-27,-2.5732656805865664,-2.01622694581794,-1.6834750145594848
2017-04-28,-2.601882534777221,-2.0716417723334914,-1.760684352990921
2017-05-02,-2.580693371657177,-2.045329566958206,-1.7313256581737806
2017-05-03,-2.5587196785290662,-2.020653567000423,-1.700831176234997
2017-05-04,-2.497997096057611,-1.9591602530319019,-1.6319365332060405
2017-05-05,-2.442428716746691,-1.9218493657462148,-1.6076338539789725
2017-05-08,-2.4003027073701535,-1.8781408849866117,-1.5621686470810705
2017-05-09,-2.4022361200256652,-1.877402523743104,-1.5934606522023154
2017-05-10,-2.4543222980742048,-1.9370781926830976,-1.6480450843390844
2017-05-11,-2.514962643530214,-1.975131794277773,-1.6547485390818681
2017-05-12,-2.5238134941065637,-1.9985390981467965,-1.6766659215658035
2017-05-15,-2.554239370714575,-2.0062509118846936,-1.6608356880263873
2017-05-16,-2.5677041726488503,-2.0069084126192545,-1.6826453092431197
2017-05-17,-2.566780248491516,-2.015873021427545,-1.7008706547143055
2017-05-18,-2.553438472791803,-2.0177331074407365,-1.7131284406757847
2017-05-19,-2.545010657486113,-2.015247116960165,-1.7281455429581125
2017-05-22,-2.5545798771199153,-2.0242240534942644,-1.7312393563125381
2017-05-23,-2.5805174730525264,-2.055816518122104,-1.7556486958075304
2017-05-24,-2.581664009516255,-2.0522168585324994,-1.7534413904808273
2017-05-25,-2.5633926760736783,-2.043238917852098,-1.7445118388609993
2017-05-26,-2.5966414123358006,-2.068187975027146,-1.7247926181316768
2017-05-30,-2.611418624032693,-2.0767647198081134,-1.700643353561652
2017-05-31,-2.5468946164540136,-2.028098208133188,-1.6684108493600875
2017-06-01,-2.5176472592662202,-2.0032966457169468,-1.6762846974269157
2017-06-02,-2.5256462766676098,-2.0187684051985046,-1.6814703182899142
2017-06-05,-2.5145044864261967,-2.003046052426857,-1.6637263706181002
2017-06-06,-2.5675577563483376,-2.0589501436943864,-1.6922349954134364
2017-06-07,-2.5340321479607772,-2.0407477097213347,-1.6885987342360946
2017-06-08,-2.4593043361305487,-1.966283474524158,-1.6082371964534075
2017-06-09,-2.5071163919188284,-2.0048411010494367,-1.6277087792387808
2017-06-12,-2.548089835196543,-2.047812953246166,-1.6544734819001135
2017-06-13,-2.568070087394502,-2.0154166477405786,-1.6052393425546512
2017-06-14,-2.5925264200537157,-2.059480713232148,-1.6629250065654033
2017-06-15,-2.458439853682828,-1.9319388049025548,-1.551096450692133
2017-06-16,-2.456572671906314,-1.9414398664321706,-1.5740469721585921
2017-06-19,-2.4611341432759284,-1.9539613933288416,-1.6058882856399959
2017-06-20,-2.488855873181275,-1.9905386436247567,-1.6486694141786478
2017-06-21,-2.43590027722989,-1.9750725297584766,-1.6849414747071518
2017-06-22,-2.455553025404816,-2.0097300903818267,-1.7049674802185466
2017-06-23,-2.3970059143151703,-1.9629325357294767,-1.6663755295228346
2017-06-26,-2.4195662824145137,-1.97689270924276,-1.641668572971391
2017-06-27,-2.384988128207151,-1.9259973081437796,-1.5902560581581429
2017-06-28,-2.323495738717136,-1.863246857498813,-1.5608716357249486
2017-06-29,-2.260691067974049,-1.7980099862613592,-1.4998049685230765
2017-06-30,-2.281561443420843,-1.8252755030385672,-1.5345931136394595
2017-07-03,-2.2886699926179084,-1.8319825267020693,-1.5247910792177533
2017-07-04,-2.2961916083130514,-1.8311160568390321,-1.5160538825110388
2017-07-05,-2.2825418325465643,-1.8027038618422366,-1.4882127286949673
2017-07-06,-2.2319529009507653,-1.7547455905162415,-1.430973877722083
2017-07-07,-2.2240576494569995,-1.7525530118848944,-1.4163723061818028
2017-07-10,-2.2247164668598804,-1.7577748403228974,-1.4237121918321134
2017-07-11,-2.198503000013178,-1.7346549119145436,-1.4023606345079795
2017-07-12,-2.2410203869345304,-1.7793108282138337,-1.450051861578338
2017-07-13,-2.1954956235018033,-1.734680246682138,-1.4243495699949547
2017-07-14,-2.1465491284069156,-1.6724776460647175,-1.3621876818434742
2017-07-17,-2.1452854069705394,-1.6738024119193455,-1.3616041965898873
2017-07-18,-2.256776320870503,-1.764826008709217,-1.4228104768961904
2017-07-19,-2.279808166398509,-1.791711420665282,-1.4548638761894337
2017-07-20,-2.2792244831729915,-1.798132920888729,-1.4703051721636697
2017-07-21,-2.285333560505113,-1.8238087627684791,-1.521048169757686
2017-07-24,-2.298145586730569,-1.8433603483888958,-1.553050000396101
2017-07-25,-2.277795719484364,-1.8100115994505728,-1.5069902673656899
2017-07-26,-2.3024526983051956,-1.8249666239028752,-1.513929426294135
2017-07-27,-2.298183233512963,-1.8145922183869079,-1.4756947040142059
2017-07-28,-2.270489334258489,-1.7936158183732498,-1.4587421297907794
2017-07-31,-2.2553627490262884,-1.7877088965011025,-1.4634660686808203
2017-08-01,-2.262382085923094,-1.8017260950413665,-1.4870509489506183
2017-08-02,-2.233529797408395,-1.7757786463371272,-1.4661092183552218
2017-08-03,-2.2870532535663672,-1.8353372728609743,-1.5141513024411966
2017-08-04,-2.2709750027619453,-1.8246363172839046,-1.5081613813357568
2017-08-07,-2.293282785290702,-1.846195051602518,-1.521549524614718
2017-08-08,-2.29368768827388,-1.8564572627939726,-1.5366249679503456
2017-08-09,-2.3258945863192695,-1.895752928498292,-1.5725455845960226
2017-08-10,-2.363466110167008,-1.94312980871231,-1.6139222559629856
2017-08-11,-2.3706386881196644,-1.9518587996759549,-1.6140460599466386
2017-08-14,-2.344394604824783,-1.9259647481623845,-1.5843044577788221
2017-08-15,-2.420516851001459,-1.9630414196871744,-1.594283455266664
2017-08-16,-2.417229911199799,-1.954836788100288,-1.5775530729355116
2017-08-17,-2.4235533312315347,-1.961467478731204,-1.5889822969937384
2017-08-18,-2.4224331433924613,-1.9631937499288115,-1.5892174701430712
2017-08-21,-2.42521744958375,-1.9691682116356595,-1.602633715703077
2017-08-22,-2.4089497421959933,-1.9414067661110077,-1.5818284220654562
2017-08-23,-2.438798847887726,-1.982933967023916,-1.62657845577182
2017-08-24,-2.441231983092932,-1.9881464137649132,-1.6358695420226455
2017-08-25,-2.449243006211505,-2.0006112233684985,-1.6555618187915384
2017-08-29,-2.5005160908054838,-2.06494098708274,-1.7166503774164303
2017-08-30,-2.4757262551845285,-2.027654405148361,-1.6674166352204327
2017-08-31,-2.475749719348007,-2.02451616544844,-1.6567119292173529
2017-09-01,-2.4524993941669906,-2.0013907731404874,-1.636301369353156
2017-09-04,-2.452687016752754,-1.9985579463413234,-1.6209107907379166
2017-09-05,-2.479774594823471,-2.02794188492323,-1.6551307707775431
2017-09-06,-2.5027606808992364,-2.052127255363033,-1.6830190248946946
2017-09-07,-2.576998765787727,-2.1226209209406637,-1.7576906287377836
2017-09-08,-2.5428328169799403,-2.091853736729953,-1.7412590419137985
2017-09-11,-2.494814132135342,-2.044703791405122,-1.6973253335875236
2017-09-12,-2.4645874307929523,-1.9652884688482186,-1.5959333531333384
2017-09-13,-2.488242821596444,-1.9812385207923455,-1.6077996504192582
2017-09-14,-2.4051387041761116,-1.9144643270110635,-1.5652895157213638
2017-09-15,-2.2294875419150735,-1.7656845219687554,-1.4750083288887026
2017-09-18,-2.2215853061750552,-1.7558322163864157,-1.4549922125808823
2017-09-19,-2.227379985757919,-1.7572592387747061,-1.4485982570580036
2017-09-20,-2.2320196410991224,-1.7715206323889348,-1.4778377110510883
2017-09-21,-2.203904379479419,-1.751303012530574,-1.4896054979039066
2017-09-22,-2.2044402981848896,-1.7628210006338876,-1.5042541592292153
2017-09-25,-2.2311702370323063,-1.7999788475111427,-1.5275079238023699
2017-09-26,-2.215125725752645,-1.784412239300933,-1.4915055108126676
2017-09-27,-2.1677521283027996,-1.734483063593019,-1.4607207641391307
2017-09-28,-2.16892835693453,-1.7385315555645469,-1.4566272890559362
2017-09-29,-2.1715324140816916,-1.7516748058988412,-1.4779066117161757
2017-10-02,-2.1985804403809697,-1.7828924533483916,-1.510132008637402
2017-10-03,-2.170229936217095,-1.7550254160995096,-1.4959827010888707
2017-10-04,-2.189684318478108,-1.7663495948439834,-1.501610956452932
2017-10-05,-2.1959234925024833,-1.7651782936298546,-1.488918997122124
2017-10-06,-2.23699197427143,-1.7976431382712186,-1.5155462436466922
2017-10-09,-2.20870479481021,-1.7776997521592588,-1.5068788169483154
2017-10-10,-2.2098078477284586,-1.7980486628314978,-1.5385264275484192
2017-10-11,-2.2027712448253007,-1.8019684730186172,-1.553976591074004
2017-10-12,-2.149422064435007,-1.7589532445942715,-1.5239338051834133
2017-10-13,-2.1429145204291813,-1.7719640418071738,-1.5464030029637044
2017-10-16,-2.1561872185255226,-1.7971766481435876,-1.572224119662606
2017-10-17,-2.271763394200773,-1.876429715079858,-1.609484313735487
2017-10-18,-2.2110408378734823,-1.8174421842151394,-1.5559748252439356
2017-10-19,-2.2239217579666937,-1.8341869029457218,-1.5647412742633027
2017-10-20,-2.165176952732713,-1.766913428544166,-1.5008753425189394
2017-10-23,-2.176055993182781,-1.7847946740308593,-1.5133088263930607
2017-10-24,-2.128307592435598,-1.7378710343424892,-1.485910460394522
2017-10-25,-2.077784101990467,-1.6995547493411785,-1.4684771407354014
2017-10-26,-2.0706258484378397,-1.6913462131021668,-1.4447557724405515
2017-10-27,-2.085356331601624,-1.7110636804318247,-1.4371332123003986
2017-10-30,-2.1114502306480945,-1.7377081074424214,-1.457299780841716
2017-10-31,-2.12528064031865,-1.7572207815300653,-1.4919538426163583
2017-11-01,-2.1164774651602483,-1.7554532700583283,-1.5034900601461934
2017-11-02,-2.2273369372226544,-1.8359708890047899,-1.5346077909497085
2017-11-03,-2.2024182062124895,-1.8072688191881077,-1.4939694778997679
2017-11-06,-2.1912491714554845,-1.7948092687889674,-1.5052034832654289
2017-11-07,-2.231538264584237,-1.839834014928637,-1.5662698947832392
2017-11-08,-2.249683014792087,-1.8705980531959892,-1.6146574106297924
2017-11-09,-2.218188964951625,-1.8387479242379121,-1.583656667900001
2017-11-10,-2.156877026554494,-1.7783156804851923,-1.543918766155366
2017-11-13,-2.1877064280676914,-1.8071831012249864,-1.5583840196470835
2017-11-14,-2.234248840251769,-1.8363931932151794,-1.5721583015160012
2017-11-15,-2.230460752050013,-1.846769133319604,-1.5670151494835378
2017-11-16,-2.2043565415892123,-1.8239517877143008,-1.550329541500337
2017-11-17,-2.197155918121893,-1.8273454437501644,-1.5627350755743568
2017-11-20,-2.2099429211131376,-1.8513098605725458,-1.6127868597538362
2017-11-21,-2.2048103287959058,-1.8573815191257868,-1.6226884475129966
2017-11-22,-2.1933673396605338,-1.8403465900163631,-1.5869216954708862
2017-11-23,-2.2188514708583664,-1.8650916971658051,-1.6031201533683257
2017-11-24,-2.213846555186204,-1.864206521030198,-1.611024146654795
2017-11-27,-2.210505665322288,-1.862301244513367,-1.6118808414010766
2017-11-28,-2.211729664962414,-1.8668278210908444,-1.6139592496045512
2017-11-29,-2.0845385214483194,-1.758236368137726,-1.5393220186556427
2017-11-30,-2.049677821848633,-1.7414921978064928,-1.5338779534882296
2017-12-01,-2.123033007099025,-1.8221915633094767,-1.6009883023341578
2017-12-04,-2.049790456195905,-1.7621057387476782,-1.555599281601806
2017-12-05,-2.0930473250566317,-1.8077723504881764,-1.5993691252351128
2017-12-06,-2.1228197423521946,-1.8424487437053654,-1.6182493482572022
2017-12-07,-2.1217841654588776,-1.835198809520076,-1.5945790600528187
2017-12-08,-2.075703274148192,-1.7884878640542308,-1.5608546341313578
2017-12-11,-2.1217686793684076,-1.8397356196552574,-1.5963099731078438
2017-12-12,-2.1693122455030465,-1.862606530188182,-1.6062765914844899
2017-12-13,-2.1250351891779915,-1.8336067423394713,-1.5883102472713386
2017-12-14,-2.130793405165819,-1.8610172886885628,-1.6358590636523551
2017-12-15,-2.1472400646613665,-1.8784024356233662,-1.6328558461347202
2017-12-18,-2.1468688831734015,-1.8818635280967662,-1.6368702817184058
2017-12-19,-2.1056806691894128,-1.8359750440841165,-1.5819340953385117
2017-12-20,-2.0845365282578276,-1.8093050929054975,-1.5626732634692855
2017-12-21,-2.1037924380892283,-1.8276042476533614,-1.5783395808238831
2017-12-22,-2.121749516001495,-1.8506186953967396,-1.6008296395805104
2017-12-27,-2.162349836615538,-1.9021984410214614,-1.6434575177011064
2017-12-28,-2.1284584348500646,-1.8736005706823307,-1.6253502100041985
2017-12-29,-2.115859353676857,-1.871392923018344,-1.628484570843418
2018-01-02,-2.0653567987272394,-1.8110444382269943,-1.5813827768188948
2018-01-03,-2.1247855219974054,-1.8720603725192948,-1.6401765118252885
2018-01-04,-2.133259566162235,-1.865582052480947,-1.633480241000644
2018-01-05,-2.1445884283643784,-1.8494790237407142,-1.6112226308424475
2018-01-08,-2.1437998595945453,-1.8568451777841488,-1.6219612958626137
2018-01-09,-2.1149537954880073,-1.830107179592428,-1.6071237112685544
2018-01-10,-2.11110086141339,-1.8299493066321002,-1.600876458903012
2018-01-11,-2.0835970584821757,-1.8056882496202529,-1.5846265061364375
2018-01-12,-2.03629393083058,-1.7761656760777829,-1.5731527577883526
2018-01-15,-2.0314506017854113,-1.78405437699968,-1.5848645380638842
2018-01-16,-2.130810583004851,-1.8395827670244322,-1.5847097020013736
2018-01-17,-2.1272581481780604,-1.8422407175556184,-1.6007921270624328
2018-01-18,-2.0752356312014646,-1.80950462489532,-1.5789936732948628
2018-01-19,-2.0845826358742108,-1.818103662232651,-1.5737717246232876
2018-01-22,-2.065113190483998,-1.8006142168510706,-1.5652470058253576
2018-01-23,-2.0488198759793335,-1.793853118570567,-1.5615785674263682
2018-01-24,-1.9741704709101042,-1.7259284722888897,-1.5275460827136316
2018-01-25,-1.9364866146304436,-1.7022582117742047,-1.5305737961448456
2018-01-26,-1.9155624248201792,-1.6940173826352762,-1.5484557400457672
2018-01-29,-1.9132602989081007,-1.691264500013272,-1.549659927207899
2018-01-30,-1.9136630033354092,-1.6943077177906243,-1.543628230190325
2018-01-31,-1.889630661191891,-1.6644454178395054,-1.5133971127944936
2018-02-01,-1.8526570512457827,-1.622582070359115,-1.494072741543407
2018-02-02,-1.8286558975651144,-1.5953889584251464,-1.4883971368827082
2018-02-05,-1.8495896525377262,-1.6098518904042252,-1.4931830243989346
2018-02-06,-1.9242659560051691,-1.6595232603213421,-1.4897533859956347
2018-02-07,-1.9146371422127664,-1.654471713948435,-1.5041780068307087
2018-02-08,-1.7796595757903848,-1.5427150044555866,-1.4520136496927725
2018-02-09,-1.7659508652176417,-1.542698810641809,-1.4505943296882904
2018-02-12,-1.7640413929854564,-1.5434482742973104,-1.4466133249638071
2018-02-13,-1.7861795266733331,-1.5490195526908055,-1.4410394916781497
2018-02-14,-1.7757259153464022,-1.536184308875398,-1.42500631137214
2018-02-15,-1.7778496996791386,-1.5348684065037044,-1.421680256008543
2018-02-16,-1.829382931801641,-1.5906475315559687,-1.475814795021322
2018-02-19,-1.8171673327111506,-1.5832103790005891,-1.4758570298277407
2018-02-20,-1.8387780009350316,-1.6122368133312228,-1.5117700671069412
2018-02-21,-1.8268581715645957,-1.6052352652996231,-1.5044527032522204
2018-02-22,-1.8142099025750937,-1.592764538747102,-1.4877742490282961
2018-02-23,-1.806590380414819,-1.5941844494157105,-1.485878271883544
2018-02-26,-1.7973017581668138,-1.597282147162533,-1.4963668176749503
2018-02-27,-1.7517748670838418,-1.5604586927978916,-1.475396367879795
2018-02-28,-1.7848093871780555,-1.5975049982722838,-1.5052635124768898
2018-03-01,-1.8086243752903433,-1.6238111464404525,-1.5188790516561395
2018-03-02,-1.8269016836897383,-1.640651298002794,-1.5208123266923863
2018-03-05,-1.8103692678017598,-1.618088198881257,-1.4927281873025593
2018-03-06,-1.7929409867620723,-1.5900051254389114,-1.4767073911453958
2018-03-07,-1.7941616084728722,-1.5991616840524485,-1.4819911699101633
2018-03-08,-1.7950602955091128,-1.611342508691272,-1.4905899474553133
2018-03-09,-1.7859429005159995,-1.593524671409083,-1.4574713379743918
2018-03-12,-1.7856232635144444,-1.5917467529897487,-1.4630825432316064
2018-03-13,-1.7708419525479075,-1.590537321593798,-1.5020987172959765
2018-03-14,-1.8187229103959386,-1.6405910675653712,-1.5562969523872416
2018-03-15,-1.8038394919788747,-1.6273450876052482,-1.562866636011795
2018-03-16,-1.7903331239239133,-1.6185394723322433,-1.5660167058587449
2018-03-19,-1.742227046650666,-1.5927949415984743,-1.5761241981793819
2018-03-20,-1.7822360993661175,-1.5994285082181243,-1.5767302098455043
2018-03-21,-1.7574268022399047,-1.5691378999059502,-1.5629225122304657
2018-03-22,-1.8484461907426883,-1.666014902499958,-1.632714933139466
2018-03-23,-1.8473690477391405,-1.650546691929377,-1.6034880770509115
2018-03-26,-1.8418883851919237,-1.6443763919489807,-1.6024505152963768
2018-03-27,-1.8712256375844256,-1.664636948055593,-1.5979867419967395
2018-03-28,-1.9267417694391085,-1.7070122496925921,-1.627538643574278
2018-03-29,-1.9668891783583216,-1.7391788531823207,-1.6548225504261491
2018-04-03,-1.9534338807137075,-1.7244730796107615,-1.628484836461261
2018-04-04,-1.942582490318408,-1.7118304324730242,-1.602752820041489
2018-04-05,-1.9101606575098646,-1.6796303626153084,-1.5785368118519625
2018-04-06,-1.902465392877189,-1.6809352661391148,-1.5817585203544064
2018-04-09,-1.8858453811957756,-1.670613924785299,-1.5763781571837157
2018-04-10,-1.8752675252655702,-1.6639692571130553,-1.5639417614758848
2018-04-11,-1.883446461286066,-1.6864943749159795,-1.6046277416544403
2018-04-12,-1.8313842735255133,-1.6269963129431033,-1.5537510390420697
2018-04-13,-1.8043317197112194,-1.612203005973131,-1.5421290188646395
2018-04-16,-1.7730809001156254,-1.5781624886460892,-1.50767834398259
2018-04-17,-1.7837721777846347,-1.5894983331497572,-1.505242961055615
2018-04-18,-1.8567540886813192,-1.6291252598755634,-1.5062172519703005
2018-04-19,-1.7934264169474907,-1.5579705019119416,-1.4407431577152938
2018-04-20,-1.8230421081951562,-1.5777042971841753,-1.4488906768126304
2018-04-23,-1.8017180234947887,-1.5503284045053445,-1.422297828018145
2018-04-24,-1.7830433559374383,-1.5408079119920548,-1.4124272574995642
2018-04-25,-1.784046784129083,-1.5532383413962874,-1.4382162717164835
2018-04-26,-1.7955968125586454,-1.5759281185651943,-1.4603353650678768
2018-04-27,-1.8528612358981853,-1.6128567822206599,-1.4701465224913044
2018-04-30,-1.886752717186674,-1.6459143107074912,-1.5093120758459015
2018-05-01,-1.9050520120076926,-1.6704182570581956,-1.5370324133173596
2018-05-02,-1.8682109188130962,-1.6334010484165398,-1.4958141264338984
2018-05-03,-1.9245463715584066,-1.6841458509097875,-1.5318744192928377
2018-05-04,-1.9190241151066438,-1.6824941998451675,-1.5223887272760748
2018-05-08,-1.8835431843176913,-1.6431133000996585,-1.4849486788334292
2018-05-09,-1.8534313736312598,-1.6102720350177073,-1.4645951820228968
2018-05-10,-1.9156372029898485,-1.6600421566214003,-1.4943645205740446
2018-05-11,-1.893546866952347,-1.6363677241515955,-1.4735602348772998
2018-05-14,-1.8644713754033753,-1.6030908362829248,-1.4443682277515513
2018-05-15,-1.8321737181285223,-1.5727555188076492,-1.4428806733125028
2018-05-16,-1.840153926050922,-1.5761089131906432,-1.449524358596226
2018-05-17,-1.797782630589062,-1.538270379610706,-1.4253711225821408
2018-05-18,-1.8421846132573936,-1.5786103828744105,-1.4470995974580487
2018-05-21,-1.851300155151036,-1.5829075930663021,-1.4474003064400847
2018-05-22,-1.8344416575312692,-1.568763947964864,-1.4395400194338521
2018-05-23,-1.9418384234345982,-1.6454224048568105,-1.4790042167831023
2018-05-24,-1.9474516532912154,-1.6526314667003326,-1.4789368681338477
2018-05-25,-1.985027295419369,-1.692424186126961,-1.512391231469881
2018-05-29,-2.0596855128643026,-1.763027358325667,-1.558385383218159
2018-05-30,-2.0789284085777413,-1.780043236969433,-1.5866551302981373
2018-05-31,-2.109599072243284,-1.8066298543919934,-1.6086420720690033
2018-06-01,-2.068220738350555,-1.7624728694627294,-1.5603405530933692
2018-06-04,-2.0586271497984656,-1.7625317643240368,-1.5701870989236115
2018-06-05,-2.0443775789122656,-1.7602417716542125,-1.572080172117092
2018-06-06,-1.9671622348465263,-1.6772633620033766,-1.4921861856254768
2018-06-07,-1.9247422654096744,-1.6424416567635505,-1.4664743773107733
2018-06-08,-1.9329732021754928,-1.664492836405857,-1.4927069063212364
2018-06-11,-1.928819910733651,-1.6601066577891017,-1.497250457054885
2018-06-12,-1.9510263476442755,-1.6877890445188903,-1.527967824131655
2018-06-13,-2.018743927186863,-1.7399841452139722,-1.572458028195612
2018-06-14,-2.0256998395626056,-1.7643825051783018,-1.6038987381240035
2018-06-15,-2.019434781636546,-1.7597865663911076,-1.5806260429224415
2018-06-18,-2.001004330181341,-1.7482814851904707,-1.5662829896572708
2018-06-19,-2.0112046219212525,-1.7687119901449115,-1.5803185319217075
2018-06-20,-1.9953509706926398,-1.748797108286442,-1.5604321223078736
2018-06-21,-1.9827039342666903,-1.7471123909681752,-1.5745034629502994
2018-06-22,-1.9564408291673843,-1.7315117847960277,-1.562380804911982
2018-06-25,-1.9795633490973354,-1.7454669095118507,-1.5555680002241103
2018-06-26,-1.9675148065815395,-1.7340352631712637,-1.5589887711235517
2018-06-27,-2.0168952928979214,-1.7745462583437888,-1.5851986746820192
2018-06-28,-2.0039238408956934,-1.7552886973632298,-1.5617735498341092
2018-06-29,-1.9933274155746787,-1.753055234292312,-1.562647566742465
2018-07-02,-2.0268603488602612,-1.7831405352807543,-1.578806170081235
2018-07-03,-2.039956282715005,-1.7880451229760053,-1.5867610299247794
2018-07-04,-2.0043271332575747,-1.748702134497402,-1.557114581172119
2018-07-05,-2.0048723679659863,-1.7584118119716927,-1.5768835326491781
2018-07-06,-1.984173890996166,-1.7497418462583276,-1.582037075961648
2018-07-09,-1.979391142719059,-1.7409866820268178,-1.581247368221861
2018-07-10,-1.9496234625772,-1.7146491784529267,-1.5558606704810045
2018-07-11,-1.9570441609499354,-1.722646246255152,-1.5739919391855604
2018-07-12,-1.9618179186749534,-1.7322750171711956,-1.5943239652605077
2018-07-13,-1.9681933540384342,-1.741688273513147,-1.5915082458262158
2018-07-16,-1.9499834910664322,-1.7266106338271587,-1.5821489937804996
2018-07-17,-1.9575439227525453,-1.7406268988012,-1.5915445609589927
2018-07-18,-2.0192395851701574,-1.7739558466873877,-1.5974475234313374
2018-07-19,-2.0465544239337583,-1.8087311129109054,-1.6310484173196722
2018-07-20,-2.0086240438209084,-1.7736742663796363,-1.6196908182184868
2018-07-23,-1.9821830984522748,-1.7549890683401177,-1.6023772201744582
2018-07-24,-1.97628342248918,-1.7540042209002078,-1.6077080717595302
2018-07-25,-1.970726905897409,-1.7547142378960294,-1.6079664203430892
2018-07-26,-1.963925860901659,-1.7490787075802843,-1.592508862839007
2018-07-27,-1.964944287927361,-1.7529038689889904,-1.5897309318804658
2018-07-30,-1.9103981036901732,-1.6939079076219818,-1.5451454424549411
2018-07-31,-1.9383751093167791,-1.7228793648996585,-1.5806081834900405
2018-08-01,-1.88647242541419,-1.674226997857399,-1.5479659725333952
2018-08-02,-1.8789839458591966,-1.6771094296972726,-1.5523812557986822
2018-08-03,-1.9291040103396113,-1.7248124358183847,-1.5814518574753997
2018-08-06,-1.9519656522987365,-1.744024733405433,-1.6003392933729648
2018-08-07,-1.9577216968910336,-1.7406978705609002,-1.5931972944035926
2018-08-08,-1.9661490766945342,-1.7517228670484877,-1.5979617513821556
2018-08-09,-1.9772696134562708,-1.7603516698517343,-1.5933965542447859
2018-08-10,-2.0203516849177747,-1.8065589985962718,-1.6263849322543669
2018-08-13,-2.0097923363365635,-1.795744960582742,-1.6226441507325593
2018-08-14,-2.019595821401228,-1.801822676555938,-1.631179617566947
2018-08-15,-2.0875118062538625,-1.841463464435077,-1.646273960192759
2018-08-16,-2.08493621848695,-1.8384326521767982,-1.6468911766044962
2018-08-17,-2.077366773388812,-1.8307815104800003,-1.6344425256773305
2018-08-20,-2.082898084043289,-1.835310995885046,-1.6353075425984689
2018-08-21,-2.048902294425514,-1.7926953911651295,-1.603763598017537
2018-08-22,-2.039148879268396,-1.7811634100123546,-1.5922925745001522
2018-08-23,-2.0311028378001352,-1.7749574752705832,-1.58766557167768
2018-08-24,-2.0258156644088983,-1.7703707495647116,-1.5774533263290131
2018-08-28,-2.0128162677940145,-1.7518651354792851,-1.563568830511448
2018-08-29,-1.946962975911017,-1.6922373318995487,-1.5232588332203638
2018-08-30,-1.9676632430522816,-1.7131224525636877,-1.5306204533545036
2018-08-31,-1.9820923103536767,-1.7279701906180307,-1.532926299358676
2018-09-03,-2.0265080724854236,-1.7741041942236486,-1.5625638285756096
2018-09-04,-2.0442337157148573,-1.7751628972134559,-1.5471302273290848
2018-09-05,-1.9867190143081621,-1.715100084133148,-1.4983734725187718
2018-09-06,-2.015702792009414,-1.7512377597101203,-1.5353520789473543
2018-09-07,-1.9690626932749011,-1.7033103753167005,-1.4942319418400443
2018-09-10,-1.937685829799948,-1.6713707440499963,-1.46638819217837
2018-09-11,-1.9204367556850612,-1.662740390203032,-1.4649400999854194
2018-09-12,-1.9290092575384363,-1.670529138205668,-1.4697877160804376
2018-09-13,-1.913644310306145,-1.6626792364165985,-1.477668960243317
2018-09-14,-1.8832203413446653,-1.641455416764126,-1.4751837859926622
2018-09-17,-1.8675395611974028,-1.6302103021036103,-1.4639064121036418
2018-09-18,-1.848862418562805,-1.6008290300651322,-1.4346641015677064
2018-09-19,-1.8922135576277312,-1.6019766340639072,-1.4164508299213026
2018-09-20,-1.9206321306053424,-1.6365879628986264,-1.4545795061586015
2018-09-21,-1.9875247543596184,-1.6984259319213428,-1.4919763144461726
2018-09-24,-1.992711901025355,-1.6821406097352778,-1.4630899184360653
2018-09-25,-2.021245542578676,-1.686202057457536,-1.445505030091078
2018-09-26,-2.033128203402327,-1.6951480219414925,-1.4548367008152179
2018-09-27,-2.011491647521157,-1.682360270056956,-1.4531992131858287
2018-09-28,-2.0327459914622596,-1.7049711004424613,-1.4828571879820676
2018-10-01,-2.0478530270712834,-1.7273896169281688,-1.5138256162551484
2018-10-02,-2.086819716099067,-1.7631140080428214,-1.5279168758403048
2018-10-03,-2.060258416766711,-1.7441097323780888,-1.5173225745163847
2018-10-04,-1.9883461746119164,-1.6678840064032034,-1.462698789677035
2018-10-05,-1.893777766024927,-1.5905665061460676,-1.4151904499331174
2018-10-08,-1.9360713840534665,-1.6474804027456873,-1.4808267623439777
2018-10-09,-1.9416415698161689,-1.6496652016312339,-1.4631316999823312
2018-10-10,-1.8956717295668704,-1.6101409203945558,-1.4362645838692845
2018-10-11,-1.9019706889969072,-1.6186253043574463,-1.4067233719682255
2018-10-12,-1.9271146902775342,-1.6515704972885417,-1.4280354153904242
2018-10-15,-1.9687079433027754,-1.6908834968066528,-1.4456377933491928
2018-10-16,-1.9544129133451658,-1.6851087284319057,-1.4638405902398661
2018-10-17,-2.0044827650689196,-1.7249468083726314,-1.5120435322770478
2018-10-18,-1.9998570506778421,-1.7161227506111463,-1.499606412170005
2018-10-19,-1.9782529410865237,-1.703473137453138,-1.4923469278276094
2018-10-22,-2.0148139756586243,-1.7374581796007367,-1.512071309793661
2018-10-23,-2.012912277368732,-1.7535921137852373,-1.5295911837456777
2018-10-24,-2.0415073278607947,-1.785261934234508,-1.5472777825891353
2018-10-25,-2.067707463902733,-1.8108976192358721,-1.547520839063536
2018-10-26,-2.118123651897439,-1.8692134604993207,-1.5815937645950622
2018-10-29,-2.098025529648225,-1.8551988629819895,-1.5724533946051225
2018-10-30,-2.098757592258419,-1.8735249140522838,-1.6168048983367733
2018-10-31,-2.0494333368997153,-1.8287699522351093,-1.578244666300049
2018-11-01,-1.9819736367760796,-1.7739963155305467,-1.561774193243923
2018-11-02,-1.9364640825656168,-1.7341608425557495,-1.5287613825976938
2018-11-05,-1.939559527067797,-1.7378948570137698,-1.5287975942940204
2018-11-06,-1.92356460009998,-1.722585361367673,-1.5136987294518953
2018-11-07,-1.9123235082721834,-1.723623869527011,-1.5113395512540762
2018-11-08,-1.8835384634172734,-1.698697475059052,-1.4857660663436885
2018-11-09,-1.9369712114863529,-1.759239333218444,-1.5317858295521782
2018-11-12,-2.041137320239338,-1.8510175349712188,-1.5782247370229598
2018-11-13,-1.9488358543173359,-1.7671458865844905,-1.5038721012735623
2018-11-14,-2.02915178569468,-1.8071279808152831,-1.4996952134007138
2018-11-15,-2.2743708267890925,-1.9941154537508452,-1.5352315121542632
2018-11-16,-2.2506156177627643,-1.9637958238815443,-1.5082782547086964
2018-11-19,-2.283323454565761,-1.9819766096271283,-1.4945298443534338
2018-11-20,-2.2579021439691513,-1.9517018760020073,-1.4574555764957753
2018-11-21,-2.243011528078179,-1.938159336583635,-1.4663824988087335
2018-11-22,-2.170375752275213,-1.8819683126313937,-1.4348356360855397
2018-11-23,-2.1704253363448567,-1.9007945491806093,-1.4565033135344267
2018-11-26,-2.1215578850885133,-1.8571363896989876,-1.4222211971646308
2018-11-27,-2.1411751218213952,-1.8742391919405381,-1.4063511366572832
2018-11-28,-2.152470059978894,-1.877991275536133,-1.373756795513625
2018-11-29,-2.193175863939117,-1.925925751970959,-1.4014937208592897
2018-11-30,-2.2274413778490225,-1.9529825646646355,-1.3807357344825324
2018-12-03,-2.304519617457288,-2.028965621360799,-1.4473672077566162
2018-12-04,-2.3505467413566627,-2.0887594254517436,-1.5439017632435048
2018-12-05,-2.2876637450986985,-2.0417309810351165,-1.5276003415733685
2018-12-06,-2.323452182188085,-2.1045683700250866,-1.6083126852893554
2018-12-07,-2.322605350948886,-2.0907848067547348,-1.6186004837229915
2018-12-10,-2.425945120012106,-2.223802140604178,-1.7702517770678345
2018-12-11,-2.4084647752921162,-2.1905616496148252,-1.6908806054987486
2018-12-12,-2.3809352744591976,-2.1642992608884546,-1.6440990664214865
2018-12-13,-2.3290050536325824,-2.1301361211192718,-1.631737964104684
2018-12-14,-2.38480412908637,-2.174116129976467,-1.6659239994205661
2018-12-17,-2.3362907516457723,-2.1336281055510873,-1.6555058364322663
2018-12-18,-2.286681610571154,-2.0949968442654594,-1.6338287448220994
2018-12-19,-2.3177140328244636,-2.089862663787856,-1.5984969169908487
2018-12-20,-2.27260680628229,-2.0501920141447156,-1.5846643952413377
2018-12-21,-2.2265872938102245,-2.0101772984061617,-1.5549594100389208
2018-12-24,-2.2720839543182523,-2.0606936925212693,-1.6011328183952405
2018-12-27,-2.2242274366517076,-2.01113946233846,-1.5533678359356053
2018-12-28,-2.2460892656879334,-2.040403112055059,-1.5741930282106709
2018-12-31,-2.1931001188638057,-1.9890134307710543,-1.5137907989272554
2019-01-02,-2.2454218322090016,-2.036850082317879,-1.5395959506836023
2019-01-03,-2.297760783454213,-2.0966220684491605,-1.5972085119700763
2019-01-04,-2.2643930397378695,-2.0606055125394858,-1.5897621236527946
2019-01-07,-2.270917757277864,-2.0798316458713755,-1.6167308917880967
2019-01-08,-2.268379780551883,-2.053885182536399,-1.5883435544915556
2019-01-09,-2.2934161497753762,-2.078516195839798,-1.6237928118721925
2019-01-10,-2.291043797226092,-2.078398473172852,-1.627585596235627
2019-01-11,-2.2673714432360974,-2.064344303592395,-1.6105748090611054
2019-01-14,-2.245431612597968,-2.0456714788159585,-1.6094696698891844
2019-01-15,-2.2861925032644788,-2.083873239255659,-1.6291784620323853
2019-01-16,-2.2306539966143406,-2.0128048709459927,-1.5839259954368436
2019-01-17,-2.12064434072982,-1.8810482395143748,-1.4662338098059613
2019-01-18,-2.1299839925423303,-1.8907698892911124,-1.481078885176669
2019-01-21,-2.168459976693616,-1.9275974763984856,-1.5013747957692636
2019-01-22,-2.1378459880214358,-1.904103361064814,-1.4832244229295715
2019-01-23,-2.112320100798783,-1.9024145413040734,-1.5138491307842947
2019-01-24,-2.1391263747648046,-1.9405303965486602,-1.5413623025134584
2019-01-25,-2.0751992295958535,-1.891034051569457,-1.5254824960212217
2019-01-28,-2.1244809027340414,-1.933466508691304,-1.5584890429558615
2019-01-29,-2.1481571429003443,-1.9556722469679815,-1.5710731189819345
2019-01-30,-2.17690247608714,-1.9746836091200355,-1.5757113749302243
2019-01-31,-2.2089610621709435,-1.9902291289676626,-1.555863204448494
2019-02-01,-2.211911171632102,-1.9960776785475112,-1.5676455271475047
2019-02-04,-2.2163747495019543,-1.9957464645559786,-1.5638592641620808
2019-02-05,-2.240396856742308,-2.018828382574249,-1.5780119456595083
2019-02-06,-2.2514390824330475,-2.031124335032994,-1.6025904338850216
2019-02-07,-2.299786042226056,-2.0754362986591595,-1.6225468781552541
2019-02-08,-2.298632507982186,-2.0813193985578784,-1.6339762671070812
2019-02-11,-2.301273582070776,-2.0829427023621747,-1.6408515902701626
2019-02-12,-2.261796128332974,-2.044337283532166,-1.6124870084097536
2019-02-13,-2.2781098246180376,-2.0438891015633254,-1.6054319742109684
2019-02-14,-2.3327467704516085,-2.0922750199698337,-1.634346397577026
2019-02-15,-2.3126332984472997,-2.0732276004457986,-1.6253048992699435
2019-02-18,-2.3026584913875583,-2.0676799612182633,-1.6289247734688743
2019-02-19,-2.288269814837217,-2.055852113968654,-1.6183499441121363
2019-02-20,-2.283833785317669,-2.0566082128487233,-1.6336364404496628
2019-02-21,-2.251186049074545,-2.03310847514031,-1.6316230838130354
2019-02-22,-2.289521768035467,-2.072812696012103,-1.6485198742750071
2019-02-25,-2.2555623965131466,-2.041999289884732,-1.611893368384017
2019-02-26,-2.1840317573578667,-1.9758704976791364,-1.5466934916839052
2019-02-27,-2.0714329397656424,-1.8922864332230442,-1.5035717388677732
2019-02-28,-2.060122847367446,-1.8885861175853154,-1.5189494501889524
2019-03-01,-2.0883203364525844,-1.9168943115466326,-1.5508010648211352
2019-03-04,-2.112822192548106,-1.9515701687038465,-1.590270674454289
2019-03-05,-2.114434555950254,-1.9529601384193416,-1.5907839444877883
2019-03-06,-2.218616149765297,-2.0484317023714853,-1.665002091497432
2019-03-07,-2.3135724158963944,-2.1270860755182537,-1.7131282341401617
2019-03-08,-2.294207918508321,-2.09713944337381,-1.6612747707852367
2019-03-11,-2.3155553708680796,-2.117046613261729,-1.6849810781142773
2019-03-12,-2.3210068392609178,-2.1275642764918974,-1.706024589104781
2019-03-13,-2.2771567257588474,-2.0930178864673468,-1.6832085071448377
2019-03-14,-2.258000385398055,-2.0983715723936904,-1.7377869774721912
2019-03-15,-2.2364683461498522,-2.072999158787138,-1.715101485498286
2019-03-18,-2.254936872908062,-2.092952909882725,-1.7298881887535773
2019-03-19,-2.2315041631532537,-2.081953124313203,-1.746239291071528
2019-03-20,-2.358182885286282,-2.1801847894829107,-1.8188035741765274
2019-03-21,-2.552350790291943,-2.34562177920182,-1.9224222305629952
2019-03-22,-2.576610702685419,-2.393884422996906,-2.0057182906728186
2019-03-25,-2.5951557302951556,-2.4085091671221237,-1.988437400290003
2019-03-26,-2.5471212274876818,-2.348599699081647,-1.9082841128244605
2019-03-27,-2.531336692167433,-2.3239886449583613,-1.8814916930679175
2019-03-28,-2.5422963115695296,-2.3118486656597343,-1.8428671219182182
2019-03-29,-2.5846404973364576,-2.326043123669881,-1.818955804369845
2019-04-01,-2.547281969782646,-2.2947323612126795,-1.8139969412888761
2019-04-02,-2.633545804538017,-2.3591496823518443,-1.853773968559867
2019-04-03,-2.544298007842102,-2.2838079905702555,-1.8209563874995072
2019-04-04,-2.566783666971665,-2.305153105878263,-1.8220263810541824
2019-04-05,-2.5284755529224623,-2.277157748950704,-1.8074039300876554
2019-04-08,-2.558497025546238,-2.3027638797986376,-1.8212460444042393
2019-04-09,-2.559827796891335,-2.3036625721473802,-1.8334513664912717
2019-04-10,-2.572090843234686,-2.3133741081541217,-1.8280728342172485
2019-04-11,-2.4472680031662826,-2.1995607961686647,-1.7524525040554648
2019-04-12,-2.365999787039612,-2.1266731124477976,-1.7157065767145137
2019-04-15,-2.3559741835219588,-2.1225596328867518,-1.72669009904738
2019-04-16,-2.342228683667064,-2.1094555691776997,-1.7018526222177244
2019-04-17,-2.3495898521925023,-2.1018434624507103,-1.698332535676949
2019-04-18,-2.3655636963303746,-2.1247921794608304,-1.7092292459311507
2019-04-23,-2.344336020201869,-2.101502956839729,-1.6820217930377952
2019-04-24,-2.396383666429085,-2.1525250625337318,-1.7109724756614786
2019-04-25,-2.401647731381489,-2.152919786571247,-1.7083717566522791
2019-04-26,-2.3824584100616666,-2.141479005552,-1.7075158214666168
2019-04-29,-2.399324648651713,-2.162958391584096,-1.7358251306043555
2019-04-30,-2.380273691301613,-2.1565192613861295,-1.7519705817366729
2019-05-01,-2.394501180908383,-2.184981232815514,-1.7884347941709966
2019-05-02,-2.368060951068787,-2.1660899415879666,-1.7756679551352288
2019-05-03,-2.2922287330185487,-2.09893398921933,-1.7206468586818524
2019-05-07,-2.3489393116927997,-2.160737439210509,-1.775073487474438
2019-05-08,-2.4037353317791075,-2.2154169067583096,-1.8010632373537108
2019-05-09,-2.395867214649735,-2.2014187261899734,-1.7843647216974843
2019-05-10,-2.4325460820489115,-2.206134423720317,-1.768385588056392
2019-05-13,-2.434573721980614,-2.213081362649678,-1.7720516957258308
2019-05-14,-2.454116001949982,-2.2274283624904743,-1.7872616745413767
2019-05-15,-2.4863458192435894,-2.251561018762543,-1.7909424356328645
2019-05-16,-2.5055504477761965,-2.2600622290377337,-1.7899201781591279
2019-05-17,-2.5337322365431074,-2.2820640050535483,-1.8137593872884035
2019-05-20,-2.52053839301164,-2.276716332204587,-1.8172902494817156
2019-05-21,-2.49871915557746,-2.2542561083017767,-1.791260379703177
2019-05-22,-2.5696631180683007,-2.318895848654323,-1.8276136121358662
2019-05-23,-2.5897219824063304,-2.353065546740094,-1.8627998253473408
2019-05-24,-2.6053548601029033,-2.3693198951594576,-1.884683725058252
2019-05-28,-2.650387664275719,-2.40805463410013,-1.8940281545739102
2019-05-29,-2.7039518416241237,-2.4593096708917566,-1.9203758014255927
2019-05-30,-2.7256144297263534,-2.48292137531912,-1.9406667801846345
2019-05-31,-2.700847046533176,-2.4572634631174415,-1.9080052469693993
2019-06-03,-2.7413692450260396,-2.4891309342398187,-1.916822297849975
2019-06-04,-2.7214837814151585,-2.4675538243427653,-1.8864969197180388
2019-06-05,-2.7512835186532105,-2.5018893847932686,-1.9142652651358296
2019-06-06,-2.8098069055558694,-2.5597493889403395,-1.9635301840164034
2019-06-07,-2.819063415640297,-2.5764905423541387,-1.9823960928519522
2019-06-10,-2.8284095976916435,-2.5852672306545097,-1.970211636897631
2019-06-11,-2.8313514055862723,-2.588816583592506,-1.9391426198741328
2019-06-12,-2.741953188369098,-2.511518432036226,-1.8699284021353217
2019-06-13,-2.757871119198405,-2.5379543292515727,-1.8933452143838598
2019-06-14,-2.722807750070397,-2.5115193444658392,-1.8917102866263045
2019-06-17,-2.7134189565775335,-2.498924917283118,-1.8746734014565232
2019-06-18,-2.7584403427219555,-2.545291746843311,-1.91225455252228
2019-06-19,-2.7441545816977753,-2.510409868732417,-1.9140919228145177
2019-06-20,-2.777958485061549,-2.544826090401816,-1.930569186255226
2019-06-21,-2.711787380164058,-2.482164008631197,-1.8871328032398382
2019-06-24,-2.743467255680582,-2.513027354840784,-1.9055810961492414
2019-06-25,-2.7475520375304807,-2.521734482852712,-1.8991717834380306
2019-06-26,-2.720813065674299,-2.494452439257423,-1.8759450375303723
2019-06-27,-2.6920022285415532,-2.4698530779498045,-1.8537139549373827
2019-06-28,-2.627915551806903,-2.4219831974199866,-1.8277390651314838
2019-07-01,-2.666370562578081,-2.467455706305954,-1.8802170241242722
2019-07-02,-2.7323542088094332,-2.532420482944089,-1.9325775902736033
2019-07-03,-2.7641269973780562,-2.5634758602809624,-1.954956194030607
2019-07-04,-2.746213617643123,-2.5567888940805568,-1.938609467358546
2019-07-05,-2.6828808519796765,-2.5051661960002374,-1.901374354614048
2019-07-08,-2.7133596269866858,-2.5350830732324825,-1.930672435014854
2019-07-09,-2.7102437213021426,-2.526390808205519,-1.936725888515047
2019-07-10,-2.655392450559402,-2.4778569378919078,-1.9116103598744971
2019-07-11,-2.5824402007084313,-2.408503987022208,-1.849282463675136
2019-07-12,-2.5873908758400366,-2.415484170185444,-1.862959324139454
2019-07-15,-2.6197972663077684,-2.4469609808277393,-1.8978362120320975
2019-07-16,-2.652510058118644,-2.4548560479190913,-1.8777631546639852
2019-07-17,-2.794369715011577,-2.5684717629647116,-1.937797352279552
2019-07-18,-2.7798609663391036,-2.553557021001518,-1.9054048456406163
2019-07-19,-2.7967237550659902,-2.5702246196163143,-1.91540111502007
2019-07-22,-2.8384289815889625,-2.6029914111651773,-1.9252710082764641
2019-07-23,-2.870367902494126,-2.630701995049962,-1.9388028080119777
2019-07-24,-2.8727071866880514,-2.6280904610820666,-1.9314116422518812
2019-07-25,-2.828617175508019,-2.5679250746777447,-1.8709830238967655
2019-07-26,-2.8597243950163334,-2.6071868596506578,-1.9032191186328158
2019-07-29,-2.941462223520989,-2.666264876088171,-1.9143154397097784
2019-07-30,-2.9982299952014944,-2.7001984835074766,-1.903733476539572
2019-07-31,-3.0377630152595776,-2.7513563332534896,-1.9687481121440231
2019-08-01,-3.068189452338804,-2.7802047318187424,-2.005174159153914
2019-08-02,-3.0559958389141935,-2.7770068890653765,-2.006328753289589
2019-08-05,-3.09364433617167,-2.829902601423932,-2.059021371406174
2019-08-06,-3.064746287255887,-2.8130185783629686,-2.052193787354265
2019-08-07,-3.0243145640511284,-2.806693778956422,-2.0727974940592357
2019-08-08,-2.981557919981439,-2.7630514229588266,-2.0258690129188257
2019-08-09,-2.988771175472373,-2.780963313742031,-2.009465167964345
2019-08-12,-3.0022582602881207,-2.79443480755197,-2.0226232692834354
2019-08-13,-2.99601123889527,-2.804637586153838,-2.0468534009660426
2019-08-14,-3.07844405095574,-2.886900279953764,-2.1253126431383533
2019-08-15,-3.1061868220328934,-2.9487178106649834,-2.2027898290812207
2019-08-16,-3.06910016272585,-2.9258292438289013,-2.175796227418353
2019-08-19,-3.082308523727458,-2.9299148104672104,-2.1640911193394277
2019-08-20,-3.082740692723151,-2.9371846980228415,-2.2004617888702303
2019-08-21,-3.1011739387067836,-2.956462562808516,-2.2402630887746766
2019-08-22,-3.0425169498234617,-2.888598938144822,-2.2033402958432555
2019-08-23,-3.032528080481506,-2.8661412350738136,-2.1746829161063506
2019-08-27,-3.0851433838896143,-2.9295297242235585,-2.2156920990980447
2019-08-28,-3.1674955604813237,-3.001720836754386,-2.2357781590922463
2019-08-29,-3.166692807923312,-3.012104469277623,-2.2501496029501795
2019-08-30,-3.115045319712055,-2.9469841074787584,-2.161769299408159
2019-09-02,-3.1563035957934114,-2.9901459291387438,-2.227069398259688
2019-09-03,-3.213830769402546,-3.0471898392485515,-2.2805949519585043
2019-09-04,-3.1286849672757393,-2.9065802388995143,-2.0645946730588216
2019-09-05,-3.0507429888607738,-2.8154909375181227,-1.9626328060199425
2019-09-06,-3.160295574994749,-2.922329401615009,-2.065028694882529
2019-09-09,-3.0842149607983553,-2.852099812976323,-1.9973849069653824
2019-09-10,-3.0429909111926468,-2.8304087167220633,-2.0376259073955927
2019-09-11,-2.9979775161644473,-2.8257680155076472,-2.0809350380671985
2019-09-12,-2.960402814629905,-2.806894295913057,-2.091501611605768
2019-09-13,-2.8257482200022,-2.6679547168729405,-1.9649881959802207
2019-09-16,-2.937863930394131,-2.774246763393016,-2.0693058345438198
2019-09-17,-2.9024179899949756,-2.742105207874268,-2.0375602522386496
2019-09-18,-2.9953735929733254,-2.8077926551647594,-2.0666574290823516
2019-09-19,-3.017490161956208,-2.8302787859481615,-2.0782533049291403
2019-09-20,-2.998721634195991,-2.8169182121802736,-2.0660968057423927
2019-09-23,-3.108129196734946,-2.9312941597353572,-2.166585095546209
2019-09-24,-3.097578105016706,-2.928174936573648,-2.17696333409221
2019-09-25,-3.108409780429885,-2.940231659802319,-2.178315479860565
2019-09-26,-3.1145041846475716,-2.9462638835997,-2.187561704936031
2019-09-27,-3.174910505642186,-2.975470474576069,-2.17930925069854
2019-09-30,-3.1895116532222425,-2.9819980426132497,-2.1469800445388114
2019-10-01,-3.2265445908114736,-3.0061252748019625,-2.149358408824946
2019-10-02,-3.186578365455788,-2.981168363990026,-2.142806555855316
2019-10-03,-3.1682273672991497,-2.9797723763437505,-2.151402316042135
2019-10-04,-3.2012989677443158,-3.0184662617045,-2.1839522252349743
2019-10-07,-3.163355507827481,-2.9860829864261094,-2.15740915984173
2019-10-08,-3.1981218937873113,-3.011748454904488,-2.157239537694833
2019-10-09,-3.137905639579258,-2.9526111865546896,-2.109892944204067
2019-10-10,-3.0355262388754256,-2.8590511859257797,-2.0432311232544356
2019-10-11,-2.7421147168843634,-2.6320065270614577,-1.933576261833933
2019-10-14,-2.782265913827333,-2.6818444379123454,-1.9836751970798205
2019-10-15,-2.6261110873987477,-2.559756036175048,-1.9448722852819929
2019-10-16,-2.7034708683977215,-2.6016413005250074,-1.9583072063224047
2019-10-17,-2.6579790164292367,-2.5598876875819965,-1.9106726371110716
2019-10-18,-2.6159961974696513,-2.5265986761314707,-1.9031294703725503
2019-10-21,-2.518257852716242,-2.427137932867714,-1.835109729122667
2019-10-22,-2.5754548790156138,-2.469639675815843,-1.852677767307715
2019-10-23,-2.615680300506157,-2.515630841879387,-1.9012178219982097
2019-10-24,-2.653097427849458,-2.5567988348878177,-1.9318313449288345
2019-10-25,-2.657603550573799,-2.5415139888205345,-1.8908896298625626
2019-10-28,-2.5686716240475,-2.451966507381277,-1.8069842661881814
2019-10-29,-2.5210787439496785,-2.3954643098581654,-1.7276112822464378
2019-10-30,-2.558949452004033,-2.43721647732293,-1.771361694838977
2019-10-31,-2.632790376340183,-2.533409101944895,-1.9060006726329985
2019-11-01,-2.6038303260375697,-2.500469955370832,-1.862046155932889
2019-11-04,-2.5923696195961266,-2.4855942673268614,-1.8421885205341442
2019-11-05,-2.568235153883335,-2.456006488374153,-1.7900139157792918
2019-11-06,-2.557786964235961,-2.4598542245992285,-1.8008917928563155
2019-11-07,-2.554697586275638,-2.4353540008775525,-1.7789240583473969
2019-11-08,-2.529896957096376,-2.4199250492795388,-1.7798314425070416
2019-11-11,-2.4988459985869214,-2.404690632294642,-1.7951159368361416
2019-11-12,-2.4846768489862576,-2.390569228927349,-1.785286085624516
2019-11-13,-2.5356702984613526,-2.436771937886222,-1.8186677325276623
2019-11-14,-2.5636318760358043,-2.466407801737703,-1.825819560307298
2019-11-15,-2.515712470753606,-2.431982818761894,-1.786451584953271
2019-11-18,-2.4789382681473118,-2.410585005382288,-1.765107595619036
2019-11-19,-2.4737361554062516,-2.4083555880996794,-1.744409688470592
2019-11-20,-2.4907954067487497,-2.4258091053351665,-1.7617716955034888
2019-11-21,-2.483593041601803,-2.415863344634311,-1.7529657923250128
2019-11-22,-2.5581554330214353,-2.469434971796091,-1.7703083224399558
2019-11-25,-2.5499262924526667,-2.4682383077549437,-1.7698232295603766
2019-11-26,-2.5805385958646245,-2.499322684174796,-1.7870195514267462
2019-11-27,-2.5399516711274925,-2.460424252330199,-1.7470289675451989
2019-11-28,-2.514901789461198,-2.44664511699285,-1.7522728995246604
2019-11-29,-2.5095918718204513,-2.470031856053201,-1.8415805100047222
2019-12-02,-2.5224560622211034,-2.470998485177627,-1.8377943337693874
2019-12-03,-2.550870427648014,-2.4956195081597654,-1.8371092689247301
2019-12-04,-2.474161372086249,-2.4329611272716702,-1.7633024145129939
2019-12-05,-2.429095786427007,-2.3876218268126777,-1.7271386716758839
2019-12-06,-2.450094226113027,-2.4115745851823247,-1.766222819791335
2019-12-09,-2.478330465464139,-2.4411908372117677,-1.7990423956335924
2019-12-10,-2.480659746833161,-2.442422604433688,-1.790438544726621
2019-12-11,-2.536096168075351,-2.4884836710199,-1.8171734340306935
2019-12-12,-2.538836718816938,-2.4705916237813232,-1.7761301120265793
2019-12-13,-2.3531816065308475,-2.3538720858113575,-1.7642756622980194
2019-12-16,-2.2920217240724465,-2.2952714854356415,-1.7019239745177883
2019-12-17,-2.4608080503288092,-2.429768697423871,-1.7739302742667924
2019-12-18,-2.5456820318412077,-2.490791758028789,-1.8320539728767118
2019-12-19,-2.5042074268386,-2.4345852074422436,-1.7845958296825504
2019-12-20,-2.5089542531577527,-2.438493564808353,-1.779387408624988
2019-12-23,-2.525408300185622,-2.457129401279295,-1.7960418894511057
2019-12-24,-2.5460997236518113,-2.4769027526243264,-1.8200301883750558
2019-12-27,-2.5321299368390813,-2.463363190658012,-1.8214624221024127
2019-12-30,-2.4402998126353945,-2.364412109903524,-1.741043599102305
2019-12-31,-2.4620161848358935,-2.392761985128306,-1.778484858363043
2020-01-02,-2.484097058094575,-2.4368299677752328,-1.8519634922259423
2020-01-03,-2.5546207013227553,-2.4961066275426096,-1.8885557783604805
2020-01-06,-2.545538765128309,-2.485967914188797,-1.8788738412595334
2020-01-07,-2.521487874459628,-2.4559389974111356,-1.8470966098942543
2020-01-08,-2.516939156069774,-2.4445413348254883,-1.8262080207678595
2020-01-09,-2.488957977579152,-2.4092811449248113,-1.7858963973599438
2020-01-10,-2.5235815825424073,-2.4437825620010796,-1.8184694193526647
2020-01-13,-2.5694501919406627,-2.4749402776629834,-1.8345326156265835
2020-01-14,-2.5987149979447044,-2.517074777438262,-1.8970254533787503
2020-01-15,-2.6742396117002363,-2.5820300964791594,-1.94898314432795
2020-01-16,-2.689843791063128,-2.6002616331619857,-1.9453357347681368
2020-01-17,-2.700074884109336,-2.6062758079627004,-1.9343332902480834
2020-01-20,-2.7057736944330144,-2.5996050506470136,-1.9055554535112362
2020-01-21,-2.7190312708089395,-2.620493782442872,-1.9274079831173958
2020-01-22,-2.6918638335321807,-2.6093118721507613,-1.9390183120610633
2020-01-23,-2.7195407612365594,-2.651308158824419,-2.0045309433506855
2020-01-24,-2.7254934424890207,-2.6643338008544752,-2.007074491076521
2020-01-27,-2.765356705120733,-2.704282524409126,-2.0398867255994926
2020-01-28,-2.7013644036615583,-2.639640828031776,-1.9859817137807534
2020-01-29,-2.703911524850471,-2.6487866997285536,-2.000184423325813
2020-01-30,-2.647041795141162,-2.6149226735376896,-1.9748204480456288
2020-01-31,-2.6173844825108104,-2.592316093541308,-1.9678426489388647
2020-02-03,-2.643550490023301,-2.605358297597233,-1.9714651983106897
2020-02-04,-2.6276963535665634,-2.580634943585701,-1.9478979750330654
2020-02-05,-2.596115078251213,-2.5483105702892295,-1.9385668264137408
2020-02-06,-2.6052804906854297,-2.5622452098055417,-1.9605613434515063
2020-02-07,-2.625614101008648,-2.585113940975309,-1.9772310929498491
2020-02-10,-2.6225115297188593,-2.5873545823101947,-1.9834151051748734
2020-02-11,-2.5923825674336607,-2.5628920055067215,-1.9701768561467246
2020-02-12,-2.550886387176411,-2.526151653342713,-1.9539799284466164
2020-02-13,-2.5312861944256513,-2.5184409958885006,-1.9724255208492134
2020-02-14,-2.556641377227109,-2.5365926945273634,-1.969553437348489
2020-02-17,-2.550284682515296,-2.528468159847493,-1.9586427063748753
2020-02-18,-2.552641179620376,-2.537518878904749,-1.9698094065013017
2020-02-19,-2.564090382178187,-2.545068155806718,-1.975874462890308
2020-02-20,-2.597621156739851,-2.580772217315998,-2.0092797312648156
2020-02-21,-2.573380826792162,-2.5842987596035174,-2.0672077679125618
2020-02-24,-2.5992739391226483,-2.609010997998256,-2.0759052410115193
2020-02-25,-2.6408748975646423,-2.6534289949946084,-2.11869789158204
2020-02-26,-2.649791650527622,-2.657327115733957,-2.1166017417873233
2020-02-27,-2.680757833014432,-2.682714367532245,-2.110495432565791
2020-02-28,-2.628431800092844,-2.633480194553822,-2.044277253829418
2020-03-02,-2.6869352270066083,-2.672196427499439,-2.046944265586571
2020-03-03,-2.730527688507909,-2.6990256056014035,-2.04558865919348
2020-03-04,-2.759501007536486,-2.718863436590266,-2.030854723115637
2020-03-05,-2.764010190968064,-2.729226945251834,-2.0609758730985352
2020-03-06,-2.79616291126563,-2.7924297064064647,-2.1786381388802645
2020-03-09,-2.6337125438266873,-2.695658378560402,-2.184603745512574
2020-03-10,-2.647656869646925,-2.6779844796991337,-2.1183232527101343
2020-03-11,-2.6714976766028244,-2.672316734670905,-2.027365239880214
2020-03-12,-2.593454291858602,-2.654753608423003,-2.058584604617001
2020-03-13,-2.509487208578068,-2.547996802728277,-1.9082362949650216
2020-03-16,-2.3558020998320908,-2.4017540315205004,-1.786798779187957
2020-03-17,-2.229568827858636,-2.2758548837919403,-1.6651186746117266
2020-03-18,-1.9952363194378873,-1.978920192413262,-1.3548588910490238
2020-03-19,-2.0267408508769926,-1.942235521416856,-1.2328798722491037
2020-03-20,-2.283526097297203,-2.2562103205656556,-1.636718068557733
2020-03-23,-2.450107766097419,-2.463714076777209,-1.9133297257520765
2020-03-24,-2.4360093330566466,-2.4552455192869056,-1.9055004132336382
2020-03-25,-2.5284799873006913,-2.5028452366759444,-1.864609012670767
2020-03-26,-2.5805676788079404,-2.6009577322031903,-1.973026658952901
2020-03-27,-2.649733797539973,-2.671660848320327,-2.0359024059045003
2020-03-30,-2.662520930726987,-2.690240724008567,-2.012510677806521
2020-03-31,-2.6312784252936483,-2.614613763970615,-1.8368421014869614
2020-04-01,-2.6509548420132125,-2.6556151177000635,-1.9071962748828761
2020-04-02,-2.7086516807583116,-2.6911824877825907,-1.9256295621089592
2020-04-03,-2.6930648874993612,-2.6918173520799904,-1.9562760199486378
2020-04-06,-2.6794219893871762,-2.6824589830289716,-1.9825246380231165
2020-04-07,-2.631919032562565,-2.6298844446620855,-1.9558530696501568
2020-04-08,-2.643334568232462,-2.6317797135017074,-1.9865405062068857
2020-04-09,-2.7137910336877535,-2.6907371115216647,-2.0439097636345265
2020-04-14,-2.686238997221908,-2.675229870877958,-2.0413412295775957
2020-04-15,-2.691721468073059,-2.6860442844519414,-2.077053020308427
2020-04-16,-2.634066223899075,-2.647085258650552,-2.0535394719674
2020-04-17,-2.5649932812527263,-2.6018512732920662,-2.0428044953880438
2020-04-20,-2.4879755474889693,-2.536942366249124,-2.022135083157501
2020-04-21,-2.446694952663355,-2.5135722755822894,-2.031411608998566
2020-04-22,-2.5042956411857613,-2.546444988485817,-2.0342846555202683
2020-04-23,-2.5271514882618304,-2.5668412685543265,-2.061473321055442
2020-04-24,-2.4957617152549343,-2.5499774931600805,-2.066704871092184
2020-04-27,-2.4451270632370825,-2.50473312944805,-2.0408595987305476
2020-04-28,-2.492127998620097,-2.54695058568821,-2.0561646535640645
2020-04-29,-2.520199367163868,-2.5702504085030062,-2.0655806624136837
2020-04-30,-2.5534800731539176,-2.6110418582572494,-2.087548861013754
2020-05-01,-2.530424515641633,-2.5909520123995358,-2.0606812596523265
2020-05-04,-2.564092251994119,-2.6306607699269797,-2.0894110428036283
2020-05-05,-2.611265091894015,-2.6787026901105215,-2.1147454005613504
2020-05-06,-2.6012869090623405,-2.6782246209271166,-2.1366857835740736
2020-05-07,-2.616761977490874,-2.6933593573641734,-2.1789911283558374
2020-05-11,-2.6043178508965314,-2.6720321368621223,-2.151751808041027
2020-05-12,-2.609389203803637,-2.666337859983071,-2.1088930760306006
2020-05-13,-2.629028319769934,-2.6923744738141213,-2.1260035701138342
2020-05-14,-2.6262965198749444,-2.70326773439633,-2.1614974246654355
2020-05-15,-2.643837429175863,-2.7190952449706973,-2.165584689393227
2020-05-18,-2.6653589457070805,-2.7248322687247346,-2.167947878917436
2020-05-19,-2.6877291236156973,-2.748818815902297,-2.1920078605420668
2020-05-20,-2.788584587503915,-2.8032408301829173,-2.2075490575978436
2020-05-21,-2.8756969492199165,-2.884325069483717,-2.2412714866175514
2020-05-22,-2.857024982750511,-2.8641482422114413,-2.2163204270436503
2020-05-26,-2.8434904121990643,-2.8427217744140045,-2.189067146487475
2020-05-27,-2.88915197373013,-2.8892733562238315,-2.2433755931018093
2020-05-28,-2.890311492066968,-2.8893514677668444,-2.258204785221767
2020-05-29,-2.9293832918879144,-2.9205047567109625,-2.2862571935322498
2020-06-01,-2.9002234501957913,-2.894099145544164,-2.275020832522911
2020-06-02,-2.905727889379183,-2.897106056380845,-2.2659611894958536
2020-06-03,-2.8508849009769595,-2.8455337282381494,-2.236224125821828
2020-06-04,-2.7765639846686687,-2.786491908199228,-2.1959559484389053
2020-06-05,-2.79581974647368,-2.77646124706368,-2.15440750117105
2020-06-08,-2.7918726892743675,-2.7825941345040976,-2.1537161838615466
2020-06-09,-2.7949974474409465,-2.8048199639970743,-2.218179983614197
2020-06-10,-2.8043902885424563,-2.8268621004958865,-2.2446622386139645
2020-06-11,-2.8059591137164963,-2.8612750453024853,-2.278406244564523
2020-06-12,-2.766286607849542,-2.8229514923666175,-2.248975157438744
2020-06-15,-2.7492117651551102,-2.8152568027725677,-2.2699649884070743
2020-06-16,-2.7675377443011437,-2.836053073611425,-2.302791975066592
2020-06-17,-2.831466724835019,-2.8835055129561513,-2.362910762764686
2020-06-18,-2.7701001964254544,-2.813722345094402,-2.2791202896502067
2020-06-19,-2.7967943127536534,-2.8216508534589964,-2.2635586106991727
2020-06-22,-2.8577474028770213,-2.886151111667917,-2.3104983697217825
2020-06-23,-2.867004947209446,-2.887649334935125,-2.303694927207293
2020-06-24,-2.843006966187026,-2.8821009680366148,-2.3158542322825864
2020-06-25,-2.819133688119795,-2.8806269192131118,-2.3262405181153434
2020-06-26,-2.8217391390863966,-2.876494836447457,-2.303938296635256
2020-06-29,-2.8632287383171584,-2.918762947201228,-2.3415998304456918
2020-06-30,-2.882634836566161,-2.9308921205376737,-2.321294617862199
2020-07-01,-2.8659777591171585,-2.9168238462314227,-2.3217318605836987
2020-07-02,-2.9319943972254356,-2.973090894613884,-2.3492163858320247
2020-07-03,-2.951476677386359,-2.9875539186122593,-2.346035678881167
2020-07-06,-2.9495113681075837,-2.988861099244141,-2.361396950363185
2020-07-07,-2.92894469781646,-2.9729000650593673,-2.3348700948663947
2020-07-08,-2.918748365628471,-2.959654627945086,-2.307669496424408
2020-07-09,-2.90624407376163,-2.9322401247349834,-2.2581071405806887
2020-07-10,-2.894962904639553,-2.9085449486310933,-2.2364542056958983
2020-07-13,-2.89218149519213,-2.9074773959122764,-2.261363617190627
2020-07-14,-2.935012854851682,-2.964024177714321,-2.3190433430710073
2020-07-15,-2.9298712017687434,-2.9465368903162146,-2.294058585502061
2020-07-16,-2.9456406159293627,-2.9537254984008015,-2.2673989697136085
2020-07-17,-2.9250685952919353,-2.9170659574170417,-2.2076814237012514
2020-07-20,-2.9567023828537597,-2.933556258616599,-2.2177401954630915
2020-07-21,-2.991832769568119,-2.9597732700464165,-2.2384096987850275
2020-07-22,-3.0148726155913375,-2.9833987831456374,-2.275792636289268
2020-07-23,-3.011143080685154,-2.9804654114882867,-2.274643604569378
2020-07-24,-3.0010875000846453,-2.9787196787468586,-2.298149651686268
2020-07-27,-3.052444720520859,-3.026678430180673,-2.3309730566488116
2020-07-28,-3.0826861205233613,-3.0474508102682405,-2.326853694102686
2020-07-29,-3.105363330769364,-3.06351383069105,-2.3209244341861006
2020-07-30,-3.1002549790017775,-3.0843816906212695,-2.3573104765471617
2020-07-31,-3.0760412257062364,-3.0631528699666295,-2.339973531604834
2020-08-03,-3.079128981465046,-3.0629415187071,-2.329726377476626
2020-08-04,-3.0874813638253933,-3.0762032302014495,-2.3265245631076517
2020-08-05,-3.047589393555571,-3.0231147152254225,-2.267577963029788
2020-08-06,-3.0261576730162423,-3.0238209034137546,-2.2814959153114085
2020-08-07,-3.0219777947928015,-3.010054981167412,-2.2594053548037065
2020-08-10,-3.0839181982051995,-3.0603380288113256,-2.2856924183677063
2020-08-11,-3.019671666685999,-2.9953154347175266,-2.239128855556476
2020-08-12,-2.9836843545450398,-2.951153295652049,-2.19461613180907
2020-08-13,-2.967289992350375,-2.929904005426475,-2.166860690647774
2020-08-14,-2.951929514070101,-2.891674370234807,-2.0941117614667424
2020-08-17,-2.976008181875933,-2.9236652216375814,-2.136425839629506
2020-08-18,-2.9471643692118485,-2.9051610484118533,-2.134111823208904
2020-08-19,-2.968810748659558,-2.904076847574743,-2.092354251184523
2020-08-20,-3.00916706557102,-2.9183314488869643,-2.069475457092618
2020-08-21,-3.055699393889435,-2.961580476240072,-2.11345284521741
2020-08-24,-3.096296697345181,-3.001797390979905,-2.153831397882088
2020-08-25,-3.10849517384554,-2.9798346895703878,-2.0990860790156898
2020-08-26,-3.104320860734024,-2.953662675115276,-2.0672669707660742
2020-08-27,-3.0796050821882326,-2.926214864890059,-2.0391961923197752
2020-08-28,-3.145254582854878,-2.985766362405245,-2.102082897103381
2020-09-01,-3.1636917313352155,-3.0025791605763894,-2.1001137374716845
2020-09-02,-3.1381650192075896,-3.0017502901465827,-2.0807804664388656
2020-09-03,-3.1134921264673645,-3.005728361184467,-2.1036665509837045
2020-09-04,-3.0864989155669122,-2.974103939335009,-2.083322400734547
2020-09-07,-3.1382330847099293,-3.012933479875822,-2.099318151827645
2020-09-08,-3.306977618414674,-3.159489254534611,-2.2295057747578997
2020-09-09,-3.298503634940002,-3.1300782239426588,-2.2057876315808147
2020-09-10,-3.276107286833473,-3.100791670381674,-2.1891955452237415
2020-09-11,-3.3369634876290553,-3.157082450620206,-2.2244682771306183
2020-09-14,-3.280499041695991,-3.117685674314433,-2.2116978916071135
2020-09-15,-3.2343428606044986,-3.0776355682849545,-2.1785830579583436
2020-09-16,-3.2427930342522244,-3.074775208541172,-2.184143200304976
2020-09-17,-3.3237032825330557,-3.1333032925658157,-2.2085351061439553
2020-09-18,-3.324088307888064,-3.1301809005860077,-2.190894185301512
2020-09-21,-3.3018954604710338,-3.121119703162724,-2.185610752572126
2020-09-22,-3.2319934494068967,-3.075194390837071,-2.1877816539378725
2020-09-23,-3.180747440889383,-3.0337300541285446,-2.164152427931568
2020-09-24,-3.154937945324663,-3.007537377779747,-2.130549715214026
2020-09-25,-3.201096236393441,-3.0487883323694596,-2.1699842349500877
2020-09-28,-3.1563606419282726,-3.0202994230317914,-2.166593224418133
2020-09-29,-3.160160455417198,-3.0424503058163626,-2.2103465697080518
2020-09-30,-3.1326357666495186,-3.012574672039043,-2.171256948278382
2020-10-01,-3.1499417481274046,-3.0339518809967823,-2.1955842775749774
2020-10-02,-3.0904714783667644,-2.9862971505451625,-2.1692222160606085
2020-10-05,-3.088534547877953,-2.973798669460181,-2.133010111515055
2020-10-06,-3.0815798063745543,-2.9479342191740296,-2.0714704682993546
2020-10-07,-3.0688150482800145,-2.9330636122877056,-2.056588081572154
2020-10-08,-3.0756829036031608,-2.953493126312578,-2.102052296497296
2020-10-09,-3.088669238947509,-2.975732767783348,-2.141121020933455
2020-10-12,-3.0797500313710082,-2.9681971032310384,-2.1307337829592936
2020-10-13,-3.127411639945371,-3.017871945022049,-2.17247807870813
2020-10-14,-3.1469784911307563,-3.041664233161007,-2.2062488464290153
2020-10-15,-3.1809638476372304,-3.08040043796158,-2.249928122890447
2020-10-16,-3.1943699798080902,-3.0948129402141995,-2.25955544974642
2020-10-19,-3.188404208802887,-3.0958499583417214,-2.2741858534039427
2020-10-20,-3.1995349982931685,-3.0994267028201845,-2.246947930687755
2020-10-21,-3.120187711757849,-3.0303821667713895,-2.217318037993879
2020-10-22,-3.093301837368927,-2.995615699658929,-2.180209258237469
2020-10-23,-3.102565581741097,-3.00610857499487,-2.207395357939282
2020-10-26,-3.0990474435407718,-2.997521229903392,-2.1923228224447273
2020-10-27,-3.1379714646256542,-3.032031421407344,-2.233559749999392
2020-10-28,-3.1502767486501226,-3.041209904360847,-2.2517957726291846
2020-10-29,-3.16752776519163,-3.058027741398124,-2.26972775547894
2020-10-30,-3.156637386787319,-3.033852368858887,-2.230627505699133
2020-11-02,-3.172059048800432,-3.056157167912552,-2.2535113114763794
2020-11-03,-3.1445299105839877,-3.026723537297575,-2.2338538236139125
2020-11-04,-3.1787471198267694,-3.0724853928404685,-2.285991858046481
2020-11-05,-3.1541658771863434,-3.032703109600286,-2.223432873050442
2020-11-06,-3.110060408860268,-2.9776253686532783,-2.1688624353234847
2020-11-09,-3.0718386994313063,-2.9042529752900474,-2.0878145532584926
2020-11-10,-3.040204050873781,-2.82947129788627,-1.9868166411518182
2020-11-11,-3.0269093830188463,-2.7865277153508217,-1.9743851671011035
2020-11-12,-3.059459376943139,-2.8346752739423913,-2.0323302196273656
2020-11-13,-3.0297371545096796,-2.8269237773258737,-2.0327298709521338
2020-11-16,-3.0316993822872687,-2.8238355133343407,-2.045647581184576
2020-11-17,-3.0577157257762435,-2.845435419034435,-2.0655932199491316
2020-11-18,-3.081053499019876,-2.849503444819379,-2.0594127086608505
2020-11-19,-3.0562537917563533,-2.8419993794151166,-2.07913239750482
2020-11-20,-3.0837532351248766,-2.8835343441208643,-2.131217769514762
2020-11-23,-3.026786839657627,-2.8327422160801516,-2.092021835999207
2020-11-24,-3.0036308268232412,-2.804726109790484,-2.0604306188590384
2020-11-25,-3.08116410364124,-2.905321786470661,-2.1578372985875385
2020-11-26,-3.080146571872042,-2.928016833571583,-2.217871896743658
2020-11-27,-3.080471265456416,-2.9185852603743285,-2.2123855557948713
2020-11-30,-3.082310009230277,-2.9250152372039713,-2.2464529553854926
2020-12-01,-3.067740253113649,-2.9054313308342268,-2.2089269182115943
2020-12-02,-3.0962892443477013,-2.909863391339476,-2.1753102293524123
2020-12-03,-3.122287471081908,-2.9254613392101683,-2.167496301092877
2020-12-04,-3.1488137357971793,-2.949041336978852,-2.167889942273734
2020-12-07,-3.279252468695911,-3.0575709620652733,-2.221659939287223
2020-12-08,-3.319653134382734,-3.104276239148244,-2.270152782487736
2020-12-09,-3.27983881211309,-3.0768459732249966,-2.2585515305388504
2020-12-10,-3.380207850837079,-3.151955168134966,-2.279800264103884
2020-12-11,-3.4064437033553157,-3.1760771460128625,-2.2907108969932515
2020-12-14,-3.2756713619050712,-3.0848920667809105,-2.2547556284561123
2020-12-15,-3.2013557370970025,-3.027598025948299,-2.216926073992335
2020-12-16,-3.1745067974535757,-3.0119052372351875,-2.239122330634701
2020-12-17,-3.1365341899433896,-2.9875047471725003,-2.238747045844199
2020-12-18,-3.1678983910946434,-3.019186917128767,-2.273903315608605
2020-12-21,-3.2230166477167046,-3.0648313904297066,-2.3071526558894844
2020-12-22,-3.182303151038176,-3.045755672832508,-2.3152960352924006
2020-12-23,-3.0134189967857585,-2.8947843263577213,-2.188773962569674
2020-12-24,-3.0430352990061857,-2.9287095202961018,-2.219776624974681
2020-12-29,-3.0385344720560465,-2.9477846509243184,-2.2610028329653287
2020-12-30,-3.0430003523282503,-2.9472311564594054,-2.2517977927450716
2020-12-31,-3.0778282286691887,-2.981788422949122,-2.2861440605128345
2021-01-04,-3.0860603150756627,-2.9807218976985075,-2.26968402022923
2021-01-05,-3.051020641683776,-2.9330611186411026,-2.2003668363009345
2021-01-06,-3.054446008878104,-2.908331426491138,-2.1427045953593904
2021-01-07,-3.033325238795763,-2.8623995583737285,-2.08124732628758
2021-01-08,-3.050635431499844,-2.880052908366848,-2.1016290251869387
2021-01-11,-3.034097705007066,-2.8605902131720606,-2.0850060360635534
2021-01-12,-3.00544280864973,-2.833655507126605,-2.0751940392136072
2021-01-13,-3.0359811362608147,-2.878621365757369,-2.1348360808619744
2021-01-14,-3.0584331788119523,-2.9022542697615616,-2.160870361647216
2021-01-15,-3.0733027009029277,-2.8950293391941115,-2.1473419177453623
2021-01-18,-3.096384123091882,-2.902091136068676,-2.144773608659729
2021-01-19,-3.1244658629997097,-2.916842836210837,-2.139964356325931
2021-01-20,-3.0777354226419797,-2.8709604361540473,-2.071240674784134
2021-01-21,-3.044831070571589,-2.8425949125045227,-2.055689651882351
2021-01-22,-3.0578365865173605,-2.856409809161337,-2.070032592778834
2021-01-25,-3.110287075222328,-2.917626030868148,-2.130301403703914
2021-01-26,-3.116378725466732,-2.9223869038902075,-2.1412020516592887
2021-01-27,-3.1472537729074004,-2.9459898577509334,-2.160085598482887
2021-01-28,-3.163747220154952,-2.9602446285224038,-2.1724304174982336
2021-01-29,-3.1567299748189805,-2.9332349118770367,-2.127994936012357
2021-02-01,-3.176874238145031,-2.9485201853455805,-2.1313536557117043
2021-02-02,-3.1658870103769132,-2.9268917871148386,-2.0918566986457403
2021-02-03,-3.169734935703622,-2.9248642419308566,-2.0932345482215124
2021-02-04,-3.1011176203061366,-2.855358942304677,-2.0511756491947795
2021-02-05,-3.0494303069646564,-2.8043569034622537,-2.033901326656626
2021-02-08,-3.063995069325429,-2.8108689228783814,-2.031330568217242
2021-02-09,-3.06914798793404,-2.8180291419027093,-2.045013457035132
2021-02-10,-3.057893012198238,-2.805325793787953,-2.049337464216755
2021-02-11,-3.0631054027776985,-2.8117613784235944,-2.0505452059085303
2021-02-12,-3.0355794340984263,-2.7745912433113715,-2.019514732241186
2021-02-15,-3.0419084081334518,-2.7541358598372825,-1.9920720639175167
2021-02-16,-2.998450746435268,-2.7036858224513547,-1.9577431746105727
2021-02-17,-3.0289315542276034,-2.731167513640922,-1.9863980803215253
2021-02-18,-2.973595342066239,-2.6643345461642136,-1.9199938389134275
2021-02-19,-2.9342102670111587,-2.6144861740643135,-1.875597231406229
2021-02-22,-2.927577430442848,-2.599778916161859,-1.8669769510402388
2021-02-23,-2.942536827829555,-2.587948147757899,-1.8332686800216613
2021-02-24,-2.9461606692367956,-2.5643361477742586,-1.7813202674507522
2021-02-25,-2.972558439836186,-2.6315343404355365,-1.9249165552556968
2021-02-26,-2.916930910022421,-2.5754215351140983,-1.8709704294419056
2021-03-01,-2.9621527116017776,-2.6134035310672745,-1.8830725092923375
2021-03-02,-2.9857701221366857,-2.636172466908495,-1.9166864269946293
2021-03-03,-2.965254447728017,-2.6058332264614403,-1.9027096283953953
2021-03-04,-3.011750854066867,-2.6552815800008043,-1.960791823874961
2021-03-05,-2.9974689227155062,-2.629684807923788,-1.9443720742692814
2021-03-08,-3.0014731221415687,-2.631997722522142,-1.9434273081765996
2021-03-09,-3.0388983784575165,-2.6788314186045614,-1.990762969513582
2021-03-10,-3.055776715021228,-2.6930099600448316,-2.0068835298706964
2021-03-11,-3.042722109208642,-2.6753872422939176,-1.9913428831129454
2021-03-12,-3.00392478612795,-2.612271952171338,-1.945963096149797
2021-03-15,-3.0600629311921708,-2.674992826457422,-2.0136760192386425
2021-03-16,-3.0691466146519852,-2.6788779938074727,-2.010836623620319
2021-03-17,-3.040650335777829,-2.649162716124076,-2.000386982154535
2021-03-18,-3.01260074352676,-2.6040319112215897,-1.9786162424121827
2021-03-19,-3.041528199010346,-2.6275462715283835,-1.9891694246515859
2021-03-22,-3.0562865719952113,-2.6362670184402317,-1.9877024617255878
2021-03-23,-3.099184685772367,-2.6837295449982266,-2.023506080838541
2021-03-24,-3.130462124642459,-2.7308997059409803,-2.062397659870029
2021-03-25,-3.162380501673515,-2.767479330650123,-2.096272980154741
2021-03-26,-3.1878476666469524,-2.7778217088341703,-2.069600251322052
2021-03-29,-3.1689646773859734,-2.748388206593629,-2.0185034782561093
2021-03-30,-3.114841003612365,-2.6914720803886825,-1.952468000462658
2021-03-31,-3.131666123591515,-2.712094430262071,-1.9677782348528312
2021-04-01,-3.187047289263323,-2.779268722458934,-2.0329316673874276
2021-04-06,-3.173801961753286,-2.763663733927019,-2.0172510603800458
2021-04-07,-3.155288147305945,-2.7443617905431625,-2.0014902600495272
2021-04-08,-3.1571744280836773,-2.7494662341097293,-2.0020680942891453
2021-04-09,-3.09163748197024,-2.692448204833703,-1.9900990639992127
2021-04-12,-3.0821959582481666,-2.6943259689127546,-2.023762036974726
2021-04-13,-3.0938330725476004,-2.702511438221024,-2.021468412842413
2021-04-14,-3.057941237817252,-2.6714547163383866,-2.0002009012242925
2021-04-15,-3.085541332436044,-2.71663506926507,-2.051118526684877
2021-04-16,-3.0562381039797484,-2.688871602436189,-2.026731020731375
2021-04-19,-3.046343713972675,-2.696758655697846,-2.0811184151496347
2021-04-20,-3.0314244180573784,-2.686338830474351,-2.0568869450391376
2021-04-21,-3.0411746427160824,-2.6872037357354417,-2.048430580211261
2021-04-22,-3.0487503884014098,-2.700436555158789,-2.063021128612639
2021-04-23,-3.041090301381784,-2.6869308638766762,-2.0427963689927227
2021-04-26,-3.0305429748321906,-2.6832781161741903,-2.043045465539695
2021-04-27,-3.0158018129155706,-2.6683475521426026,-2.0257926581771497
2021-04-28,-2.999961931007984,-2.6421322809433305,-1.9998308737699262
2021-04-29,-2.97624477408142,-2.61184933198182,-1.9904294886454117
2021-04-30,-2.996055130390574,-2.637625560402035,-2.02036213158794
2021-05-04,-3.0428964614515657,-2.680907733326957,-2.0559663439237963
2021-05-05,-3.0552040464118564,-2.680773154411379,-2.0459848016798934
2021-05-06,-3.1237827884210794,-2.7288503831512427,-2.0490292411566
2021-05-07,-3.1463612835157373,-2.74057308631241,-2.0474843570445485
2021-05-10,-3.1314562344292765,-2.718018922397421,-2.026026984396486
2021-05-11,-3.0496676511545404,-2.6383276078519944,-1.958277920328799
2021-05-12,-3.0172021177503026,-2.6049709808997177,-1.9524001955572756
2021-05-13,-2.994078986541868,-2.5847509087781204,-1.9570760998656238
2021-05-14,-3.0458618112908353,-2.6246514161102557,-1.9743585914585762
2021-05-17,-3.0634733366146882,-2.6365151181879,-1.99105075086958
2021-05-18,-3.0863615264750917,-2.6448454500255183,-1.987896232477574
2021-05-19,-3.1463729268140206,-2.6788433989299025,-2.0033254588622973
2021-05-20,-3.144346221447374,-2.6707800321600463,-1.993420516793156
2021-05-21,-3.2043291464423356,-2.722029000930236,-2.027280454596674
2021-05-24,-3.192975435281567,-2.7253301454899104,-2.053658880848499
2021-05-25,-3.1875377998988634,-2.7279588184597285,-2.085508846133482
2021-05-26,-3.206559067476905,-2.7561563191761036,-2.1161433450583162
2021-05-27,-3.138899077097076,-2.6975209185159654,-2.07905153451117
2021-05-28,-3.17008768450125,-2.739368221862077,-2.1307130582649645
2021-06-01,-3.171606877376405,-2.719249115474758,-2.089794354939973
2021-06-02,-3.246761304385386,-2.781582674143793,-2.1421361997913144
2021-06-03,-3.2422276028286645,-2.7567534660099864,-2.114780934349104
2021-06-04,-3.229411269346965,-2.749225187032375,-2.1197666716580645
2021-06-07,-3.232965687842454,-2.7463720160633254,-2.1172732690507545
2021-06-08,-3.2145042442492433,-2.74478380271862,-2.1385388139270978
2021-06-09,-3.2090865745411614,-2.7578251314048385,-2.164938877743802
2021-06-10,-3.152204149543383,-2.723072778542467,-2.1601385074356596
2021-06-11,-3.132787178938141,-2.7354212748170306,-2.1967412325666045
2021-06-14,-3.1276137773061583,-2.7317668125365033,-2.1910386352973688
2021-06-15,-3.10920091321772,-2.7181393517540218,-2.183747897843045
2021-06-16,-3.106134238299461,-2.7101795943074447,-2.1560013015653325
2021-06-17,-2.979948624158143,-2.622857368338546,-2.11962450650005
2021-06-18,-2.90746798428674,-2.6048577233189434,-2.1451284516194367
2021-06-21,-2.911600161461416,-2.604631349957674,-2.11507736433782
2021-06-22,-2.9111435652174045,-2.590873455835181,-2.0660347556952927
2021-06-23,-2.95989967480935,-2.632612162006894,-2.0920837612772374
2021-06-24,-2.976805874242896,-2.6604146166223224,-2.1128187732710058
2021-06-25,-2.940759060547848,-2.6328018686772237,-2.0849500165974186
2021-06-28,-2.9707086176997355,-2.670342356112721,-2.0974385538017435
2021-06-29,-2.9630544081452945,-2.660546037032872,-2.0795286549998138
2021-06-30,-2.9736897120524484,-2.6662568131354085,-2.064197292229979
2021-07-01,-2.9766991334698725,-2.6601265784780943,-2.047786380768095
2021-07-02,-2.9959023823490383,-2.6792578548091663,-2.0561254356834158
2021-07-05,-2.995171506590176,-2.674309198887147,-2.045925088822743
2021-07-06,-3.0723023808482255,-2.759060522509827,-2.1235457605244203
2021-07-07,-3.0625077159635627,-2.778481604251005,-2.193776385275549
2021-07-08,-3.028503688034642,-2.7630355332466285,-2.210988650401393
2021-07-09,-2.956232470488198,-2.691137149406775,-2.1458871603651986
2021-07-12,-2.9624890367550636,-2.7027467977967334,-2.153398178070077
2021-07-13,-3.008024738892696,-2.7471342287064746,-2.1835512303804907
2021-07-14,-3.1188325076786683,-2.8095799486786364,-2.2033669791989134
2021-07-15,-3.011771187169311,-2.751919986025542,-2.1849782624841874
2021-07-16,-3.0411890531933663,-2.798902675943744,-2.2277784934088705
2021-07-19,-3.0745522137100365,-2.858575209274714,-2.2969897147830904
2021-07-20,-3.0584663766469844,-2.864881087479802,-2.3278963335766307
2021-07-21,-3.030857972874774,-2.8315823611016295,-2.3015962484226327
2021-07-22,-3.1404826247827984,-2.890159323466781,-2.350673353245244
2021-07-23,-3.149890356463954,-2.907904722534733,-2.3754691898359415
2021-07-26,-3.1996568785637534,-2.950663995941758,-2.3869194447413453
2021-07-27,-3.1709882446814683,-2.926061157959791,-2.3625986699766317
2021-07-28,-3.193029967347111,-2.9312366106972676,-2.3621809171883683
2021-07-29,-3.244561589800751,-2.951642844648609,-2.369726529621214
2021-07-30,-3.247851985394304,-2.945728837280929,-2.3588752325218327
2021-08-02,-3.2645523485249917,-2.9593189173856533,-2.3602089069884338
2021-08-03,-3.31925797831302,-3.0075879024296963,-2.399230705878748
2021-08-04,-3.3421212697787253,-3.0237467623611822,-2.402987152881808
2021-08-05,-3.3438500974064302,-3.034207209702886,-2.429981474412496
2021-08-06,-3.290204813737906,-2.970461558945236,-2.4013147872921934
2021-08-09,-3.30224174959357,-2.9971559177244407,-2.4672878344179936
2021-08-10,-3.3002089661228085,-2.988702346847423,-2.4383238243393137
2021-08-11,-3.294166011433559,-2.973649104993618,-2.412399470792847
2021-08-12,-3.2589174552490534,-2.9434651883365257,-2.3826962896021397
2021-08-13,-3.2507500172897963,-2.9468645482828393,-2.3909526017624207
2021-08-16,-3.2301625407276235,-2.933951997068751,-2.377886384326564
2021-08-17,-3.2199562629073446,-2.9440387119461686,-2.4036558445016607
2021-08-18,-3.271397986948005,-2.970831787109641,-2.4140997290701014
2021-08-19,-3.2647582993658957,-2.9782638179063547,-2.4242488235269684
2021-08-20,-3.2595586596256836,-2.9861296158365036,-2.4400396553960664
2021-08-23,-3.2688788410783074,-2.991897231802026,-2.4646209836698083
2021-08-24,-3.3051900931330858,-3.023758160218197,-2.4932918721736184
2021-08-25,-3.3024478090195784,-2.990963810421887,-2.4428461643045574
2021-08-26,-3.306207278410634,-2.998070595804552,-2.453038023886965
2021-08-27,-3.3057463461225227,-3.0015342891629824,-2.46112262702425
2021-08-31,-3.260963586664586,-2.9370075766434747,-2.355278793395926
2021-09-01,-3.306536948343264,-2.9633383494731844,-2.343867131154923
2021-09-02,-3.349937829153552,-2.9955466317712878,-2.3625513452809335
2021-09-03,-3.3337517604230156,-2.9677322791250527,-2.3177601844505866
2021-09-06,-3.3924355996119027,-3.0076316434825587,-2.3517514890509448
2021-09-07,-3.400907148286317,-3.0047392358839184,-2.377608285505155
2021-09-08,-3.4529382624569864,-3.0408866186933072,-2.4167544979671405
2021-09-09,-3.4134883477463114,-3.0156186546404866,-2.4185388064495585
2021-09-10,-3.4180386031143337,-3.016601155949832,-2.4208631444186506
2021-09-13,-3.4705941320152127,-3.052993507816637,-2.4273655243511043
2021-09-14,-3.5104125365104424,-3.064838764800332,-2.4209928168014967
2021-09-15,-3.6612442376973684,-3.149885213471535,-2.4395673611900164
2021-09-16,-3.6061479038690196,-3.0751774153209825,-2.3809828809803704
2021-09-17,-3.4779770923559874,-2.9946106452229624,-2.33793771239577
2021-09-20,-3.5050737650848403,-3.032346530124357,-2.377621074608196
2021-09-21,-3.500625414321717,-3.0307238612451983,-2.361650435002823
2021-09-22,-3.5039867767215354,-3.0387235137557793,-2.344214657324996
2021-09-23,-3.3325969773008053,-2.914853597677245,-2.280338980277362
2021-09-24,-3.3317622796947015,-2.8939391346220824,-2.2614240179094858
2021-09-27,-3.5382714866671785,-3.006755882647915,-2.2848863749046573
2021-09-28,-3.4450577268703158,-2.908991982349538,-2.1751676141885086
2021-09-29,-3.337997084947588,-2.8324995660439702,-2.129940046478826
2021-09-30,-3.3140932690372873,-2.797486158083695,-2.099418887200902
2021-10-01,-3.3333066234300355,-2.8303720015819045,-2.145043315368815
2021-10-04,-3.4252305515417505,-2.902177926814396,-2.1845600830065517
2021-10-05,-3.45948448778205,-2.9163274247942335,-2.167018032645164
2021-10-06,-3.4127906747573697,-2.8937110558524757,-2.144162836764212
2021-10-07,-3.380609632513875,-2.883859062726971,-2.153968499395082
2021-10-08,-3.2815616656325424,-2.7943386858267063,-2.105081070438827
2021-10-11,-3.220101760992114,-2.750888212818866,-2.094564339448468
2021-10-12,-3.271867814494984,-2.814535033554509,-2.179702375325115
2021-10-13,-3.320720700983615,-2.877275616158291,-2.2530027701475066
2021-10-14,-3.425781486284172,-2.9653463139064917,-2.3471737484866133
2021-10-15,-3.420316159460969,-2.9415297499940687,-2.287934888461051
2021-10-18,-3.296069176799025,-2.868033466098429,-2.26803751764128
2021-10-19,-3.3219321833285584,-2.874532542216163,-2.2865638340327266
2021-10-20,-3.4818897445526615,-2.968452701347565,-2.3134818288193326
2021-10-21,-3.5370025243266703,-2.9961346245527585,-2.3179817049759834
2021-10-22,-3.6354530994442014,-3.0806940453763865,-2.361133378350931
2021-10-25,-3.672861237481116,-3.0862047452899786,-2.317438733009036
2021-10-26,-3.6531781096768947,-3.0594045422489833,-2.308283423344063
2021-10-27,-3.6779239424718506,-3.124946318433545,-2.428922385052905
2021-10-28,-3.6085242345400523,-3.107227836446922,-2.45729242133871
2021-10-29,-3.405393290081424,-2.9436357404709383,-2.3159653699217366
2021-11-01,-3.4424025518657437,-2.9646059510894744,-2.3139194931219236
2021-11-02,-3.509300992987881,-3.044445685841265,-2.3819396657541647
2021-11-03,-3.417195676190487,-2.9755472248298087,-2.3453190775633614
2021-11-04,-3.646130679047291,-3.120420319537631,-2.387337905209097
2021-11-05,-3.7237753621451057,-3.2077635225860788,-2.4743529970662617
2021-11-08,-3.747687397650585,-3.221262593075965,-2.4565382492882977
2021-11-09,-3.789052352262072,-3.287271910228513,-2.5187633447437414
2021-11-10,-3.6751470132645907,-3.180620345989153,-2.419219723218894
2021-11-11,-3.6462785786592575,-3.158916506433766,-2.4242385791651353
2021-11-12,-3.6502125697024077,-3.1673244960978657,-2.443443246999699
2021-11-15,-3.609994425093202,-3.1518901962128494,-2.4645237708419345
2021-11-16,-3.5676175167825264,-3.1017986772532002,-2.4080141854569086
2021-11-17,-3.7070539718723907,-3.168500676506765,-2.38577323132165
2021-11-18,-3.7973048037289323,-3.2544615950797775,-2.458489205209253
2021-11-19,-3.7660476215250194,-3.2406031712295316,-2.49458398321114
2021-11-22,-3.6973047814754225,-3.1713561839182427,-2.4153241366899616
2021-11-23,-3.6882642518402378,-3.160507094688387,-2.416924029349642
2021-11-24,-3.695524248132125,-3.141600789176886,-2.39909587575893
2021-11-25,-3.7641873359760574,-3.1932354805285286,-2.415919642652803
2021-11-26,-3.8982531854252556,-3.3221776573820563,-2.5183892830089634
2021-11-29,-3.8797594156398234,-3.3039377014421105,-2.5069250789964945
2021-11-30,-3.886669230969447,-3.3296367769334276,-2.5502200132462547
2021-12-01,-3.923039279429793,-3.365868917458788,-2.5676116690644313
2021-12-02,-3.959914458038873,-3.3891162386089797,-2.553504719514307
2021-12-03,-3.965154041456345,-3.3893294846110487,-2.5632828039616222
2021-12-06,-3.9851580852470754,-3.4012791742863016,-2.5565845552451716
2021-12-07,-4.021858126100785,-3.4197663948027,-2.546864507827736
2021-12-08,-4.087737975844501,-3.4068151892472684,-2.4989718248699204
2021-12-09,-4.1040573684205075,-3.4075092823178275,-2.4779944269995107
2021-12-10,-4.084771017237877,-3.402498627789682,-2.5149656353215706
2021-12-13,-4.06415766630586,-3.3754254050948767,-2.4742854734744935
2021-12-14,-3.914564801435226,-3.253172517047068,-2.357550299372451
2021-12-15,-3.9128784641677163,-3.220480082417505,-2.3003438117551607
2021-12-16,-3.76245100711616,-3.1710810137924037,-2.356214601125612
2021-12-17,-3.6931189900950834,-3.15065280515354,-2.3482434012989595
2021-12-20,-3.7186070670224383,-3.1747749352730392,-2.3605668524456465
2021-12-21,-3.7038526656326596,-3.1376971646959158,-2.289619693267112
2021-12-22,-3.6613399804687274,-3.1258498545661992,-2.316908011635724
2021-12-23,-3.5220196497059044,-3.0297335527029556,-2.2837425645285565
2021-12-24,-3.47910028062487,-3.019029537528838,-2.2968745145774054
2021-12-29,-3.376444511620013,-2.9259109350977655,-2.2315705980964258
2021-12-30,-3.3390540584713633,-2.9170064893375387,-2.2344122800367714
2021-12-31,-3.2577285089784938,-2.8870726864867002,-2.247584198569021
2022-01-04,-3.241409553231459,-2.867158341512701,-2.2484769418270365
2022-01-05,-3.1915513559894206,-2.840288359142038,-2.2418797316440533
2022-01-06,-3.082135030847035,-2.7315779073454336,-2.153710540099627
2022-01-07,-3.0761640947376883,-2.711022859201855,-2.10849151483584
2022-01-10,-3.0563309473523192,-2.701643351642774,-2.1296720080329887
2022-01-11,-3.07973107133779,-2.73802364544133,-2.1869218745696384
2022-01-12,-3.125437446272823,-2.785744776333321,-2.2325625701546157
2022-01-13,-3.1567659269665276,-2.8262691073004595,-2.255719141998462
2022-01-14,-3.143721937901566,-2.8057128754864893,-2.22548701929699
2022-01-17,-3.1180008547141806,-2.7692034315824356,-2.1648469508191517
2022-01-18,-3.0908015867622605,-2.7438400298745966,-2.1368482801786084
2022-01-19,-3.159245799438449,-2.7428843816591693,-2.0892105940831525
2022-01-20,-3.1425928101548033,-2.740728036447434,-2.1000802912214875
2022-01-21,-3.164775515190079,-2.766112512316443,-2.1035842978614
2022-01-24,-3.3235828551856272,-2.8981331430340527,-2.214287377079106
2022-01-25,-3.3341682683333658,-2.8885155571551775,-2.1886586927324205
2022-01-26,-3.244731060610447,-2.8182122171623134,-2.1369356115246205
2022-01-27,-3.226585862300194,-2.8245873284238,-2.1584670340098944
2022-01-28,-3.2514246486758878,-2.832538610052895,-2.163152751971629
2022-01-31,-3.19572490331413,-2.7727336136026013,-2.07661948118976
2022-02-01,-3.2020536481139468,-2.786790154821072,-2.104114976859653
2022-02-02,-3.211889129977062,-2.8199393080692037,-2.1636644577316937
2022-02-03,-3.0217353965106715,-2.6614999893875546,-2.050915985363748
2022-02-04,-2.868978300045513,-2.5736002648452536,-2.0100886692000044
2022-02-07,-2.8262413836092994,-2.5532273918915216,-1.99224396815805
2022-02-08,-2.7761830799079945,-2.495371055138735,-1.9408716696256105
2022-02-09,-2.8645103832414707,-2.5828860580521713,-2.0241357344694957
2022-02-10,-2.800447574991005,-2.522029016667772,-1.9809730473878502
2022-02-11,-2.727670489315549,-2.4771401343196646,-1.9666084657355725
2022-02-14,-2.7293182469628685,-2.4644833190305855,-1.9473515479441894
2022-02-15,-2.6367156757537447,-2.4117073110653355,-1.9390516744288118
2022-02-16,-2.8168873086784174,-2.5077629246171216,-1.976294641581135
2022-02-17,-2.9941101387895643,-2.6275660554186886,-2.0373254181473426
2022-02-18,-3.065600224145012,-2.705263357068377,-2.11350736776789
2022-02-21,-3.1209944424933895,-2.7401778547115816,-2.1464511701558893
2022-02-22,-3.0863832382743093,-2.6765496251561207,-2.067406895680051
2022-02-23,-3.1396456165912214,-2.6735053655307497,-2.0398963093189852
2022-02-24,-3.466038841570068,-2.8502537893828794,-2.031938665883265
2022-02-25,-3.2932791352312107,-2.7436945213566917,-1.9849984043958766
2022-02-28,-3.444674820201785,-2.827859117320938,-1.9973189494177723
2022-03-01,-3.82775831448824,-3.152860647441873,-2.173919125466166
2022-03-02,-3.828423738519909,-3.117379280807985,-2.1095964324767458
2022-03-03,-3.7115243026654996,-3.024751188969479,-2.052994452090199
2022-03-04,-3.799919223489231,-3.1156222568777103,-2.128733965106677
2022-03-07,-3.8165271764275217,-3.113181508915277,-2.1204113927931423
2022-03-08,-3.801207130259364,-3.103184019144909,-2.090237636265892
2022-03-09,-3.578987662691369,-2.944979157382085,-2.0302365338615798
2022-03-10,-3.4494035029698558,-2.864479346611252,-1.9952040559476472
2022-03-11,-3.4031405920252937,-2.8494840408457245,-2.0115962162306036
2022-03-14,-3.2930184754812784,-2.7491654046838976,-1.947393702560124
2022-03-15,-3.264747756638117,-2.7135184865327866,-1.8999113829798027
2022-03-16,-3.13608753871335,-2.6142725980377137,-1.8584938510939977
2022-03-17,-3.2769153157815984,-2.6836957500062786,-1.8213625318399407
2022-03-18,-3.365492158163881,-2.7428616313418352,-1.8378418007741608
2022-03-21,-3.20786868021829,-2.5942466361340335,-1.7214025502948334
2022-03-22,-3.0733025128440468,-2.488548610854102,-1.6680562162067443
2022-03-23,-3.2929429704308033,-2.6205119433443516,-1.7368333581080266
2022-03-24,-3.3220665691698805,-2.6511231420235415,-1.8064999231305925
2022-03-25,-3.22393633953793,-2.5725935748618696,-1.7688402195210455
2022-03-28,-3.2198937441867606,-2.603721825605947,-1.8664582286349012
2022-03-29,-3.125294900726816,-2.518642355199455,-1.8100975504056644
2022-03-30,-3.165856852674343,-2.5357920074319695,-1.7843294225852624
2022-03-31,-3.272415429072167,-2.6454575705272028,-1.8815073986974775
2022-04-01,-3.24483522866568,-2.648554576982687,-1.9105349962360776
2022-04-04,-3.240368123588803,-2.674227979652566,-1.9511223316167592
2022-04-05,-3.204528331726741,-2.6182064082023575,-1.8749828300800364
2022-04-06,-3.20735724846804,-2.579866391493142,-1.7802040956495526
2022-04-07,-3.15146132044685,-2.5169458057547756,-1.681321164915978
2022-04-08,-3.1304764874163196,-2.489907318722445,-1.640470750570101
2022-04-11,-2.994155180317921,-2.379554961349976,-1.5755911352196412
2022-04-12,-3.013665199609558,-2.4057492889093695,-1.6123264817452736
2022-04-13,-3.093917222342018,-2.45144821368599,-1.6560508682691484
2022-04-14,-2.965572759635977,-2.345946478140674,-1.5755629294592943
2022-04-19,-2.8462393182444257,-2.2318069272909336,-1.4862658173789174
2022-04-20,-2.9204248830307113,-2.299429956046277,-1.5389457412629295
2022-04-21,-2.8717271299532428,-2.2674477055419393,-1.5479889872788215
2022-04-22,-2.9498204475577725,-2.3542788247019226,-1.6332648981954774
2022-04-25,-3.008867838253645,-2.4053081175334023,-1.6433458628923878
2022-04-26,-3.067920633589655,-2.465342676123343,-1.650677748370216
2022-04-27,-3.0047124311714746,-2.380338424791316,-1.5596825627712927
2022-04-28,-2.921137970248283,-2.310704992712057,-1.5150684216573187
2022-04-29,-2.982430572289599,-2.3329468487173752,-1.472474853457237
2022-05-03,-2.907879131556778,-2.2697741935736833,-1.452454372345708
2022-05-04,-2.8643565574036627,-2.219655368484349,-1.412462025331994
2022-05-05,-2.9214711436133247,-2.2076691387834044,-1.3555303439313597
2022-05-06,-2.7698478707962217,-2.04771204481992,-1.2113920819442028
2022-05-09,-2.853456808047025,-2.0960812081626665,-1.2321081720492124
2022-05-10,-2.9081357427492125,-2.1999578400658906,-1.364586987707054
2022-05-11,-2.9894361244029612,-2.272465040096594,-1.400372518684805
2022-05-12,-3.2767735132547693,-2.5276286234954437,-1.5734333316241198
2022-05-13,-3.1881759365007656,-2.459283864212212,-1.5353423801241113
2022-05-16,-3.2454119724711576,-2.4984067571188167,-1.5718471018185516
2022-05-17,-3.117968743069169,-2.389985308281921,-1.4809682472786145
2022-05-18,-3.0032750069482903,-2.308704764424246,-1.3862638565731753
2022-05-19,-2.9236231561118675,-2.228902614214486,-1.3198956886395476
2022-05-20,-2.8252824664747114,-2.129840812884562,-1.2453706748868234
2022-05-23,-2.708632479175219,-2.0291732720213957,-1.1810237591452302
2022-05-24,-2.723191817997262,-2.059349166999245,-1.224719733384155
2022-05-25,-2.7748758369085014,-2.097233234599295,-1.261138217287691
2022-05-26,-2.805205417363031,-2.073336839077736,-1.2006895943013076
2022-05-27,-2.7898293108183148,-2.0874097263521527,-1.2314949021858435
2022-05-30,-2.850527341692277,-2.1200338578001707,-1.2273541122339398
2022-05-31,-2.6417751391343667,-1.866156838922406,-0.9729896364951791
2022-06-01,-2.5019838889568145,-1.8317667185731374,-1.0536839489541863
2022-06-06,-2.349534735400806,-1.70127319864817,-0.9550440721769581
2022-06-07,-2.3243415928812055,-1.7225632386814038,-1.0124170760231963
2022-06-08,-2.2485824305258957,-1.656113999705034,-0.9455920677630271
2022-06-09,-2.1396970470693253,-1.5997564786957685,-0.960331308098366
2022-06-10,-1.8323528771003983,-1.4204542069258814,-0.8977657662725982
2022-06-13,-1.6585064111618801,-1.3225503088114394,-0.8486592944018656
2022-06-14,-1.6125999387794814,-1.2838901148208606,-0.794351929406379
2022-06-15,-1.6739030127223278,-1.3521389784112465,-0.8305949911819624
2022-06-16,-1.5276307619075804,-1.2380826198761379,-0.7538203026881571
2022-06-17,-1.32892043178992,-1.1357962990788664,-0.6680585483250341
2022-06-20,-1.1902615435830461,-1.0096294550596872,-0.5429553466744568
2022-06-21,-1.2092857239469434,-0.9994419476653602,-0.5107463979828039
2022-06-22,-1.5374364425135878,-1.2244678057090546,-0.6884286134365358
2022-06-23,-1.599535223223712,-1.2977678943206146,-0.775479991607373
2022-06-24,-1.6131405229084472,-1.3341287382959308,-0.8035507108431574
2022-06-27,-1.5079789916822428,-1.202020361881228,-0.6597215211522225
2022-06-28,-1.321062377600464,-1.0356885626126826,-0.5127077988375164
2022-06-29,-1.3519913726451187,-1.052276724000906,-0.5051178749725421
2022-06-30,-1.521247110951769,-1.2124995323350518,-0.6157663359391353
2022-07-01,-1.7414412089726572,-1.4139249671847396,-0.7786325051820067
2022-07-04,-1.6394971456908671,-1.316707947044811,-0.6593215334775223
2022-07-05,-1.7748943602327771,-1.4239746429658107,-0.6968961201798296
2022-07-06,-1.6394738278849776,-1.3335061608667842,-0.6112674863630417
2022-07-07,-1.652927436997516,-1.3496294900429722,-0.6251891198723913
2022-07-08,-1.4969459212414182,-1.2272430416906732,-0.533453883772033
2022-07-11,-1.4893958277763955,-1.246217617086813,-0.555139235468243
2022-07-12,-1.5361455083352205,-1.2872663002520963,-0.5554850345220833
2022-07-13,-1.5251714778646028,-1.2799221553594158,-0.5753436152467678
2022-07-14,-1.4546448119540731,-1.2202755813032078,-0.5651114977318786
2022-07-15,-1.484363441042071,-1.2130769913653323,-0.502921393583019
2022-07-18,-1.3936329514512666,-1.1148705558704677,-0.4250627859039957
2022-07-19,-1.3245195907118281,-1.0230420341106408,-0.32166345174800237
2022-07-20,-1.5200535694450612,-1.1521231418885727,-0.4084080690006807
2022-07-21,-1.5310890547549953,-1.2196018612608088,-0.5478128587468029
2022-07-22,-1.5917045774466334,-1.2666537020291364,-0.5819561588828853
2022-07-25,-1.5787511439352253,-1.218341475986776,-0.48344848155753134
2022-07-26,-1.7282802764891083,-1.3347859238102722,-0.5194449663102743
2022-07-27,-1.73981526801088,-1.3507444493926708,-0.5264963847021672
2022-07-28,-1.9211630899473569,-1.5154637789078718,-0.6905740172302907
2022-07-29,-2.0287115497343957,-1.6457764845719982,-0.806337914402522
2022-08-01,-2.1252922480354925,-1.7500078948517461,-0.9315557785565098
2022-08-02,-2.11731470766595,-1.7411049406813621,-0.914709492014079
2022-08-03,-1.9987438779949673,-1.6477813320444539,-0.8631493518752091
2022-08-04,-2.0935801550603483,-1.734621127456462,-0.8963456176291655
2022-08-05,-1.938384094559174,-1.5904733221662115,-0.7682120252852133
2022-08-08,-2.02297753834491,-1.6651483361891415,-0.831695445262333
2022-08-09,-1.9303585313056935,-1.5936582716737913,-0.7700845292382301
2022-08-10,-1.9436425130132906,-1.6005157401046923,-0.763808123255016
2022-08-11,-1.914078231676085,-1.5304284865264672,-0.6747688761304109
2022-08-12,-1.8502834412548612,-1.4275855860009197,-0.546517927973898
2022-08-15,-2.001127619873047,-1.5508876801091138,-0.6613150180600028
2022-08-16,-2.017704886632086,-1.5008696312414995,-0.6094024650431523
2022-08-17,-2.315200159937392,-1.6176451055079795,-0.67628937751691
2022-08-18,-2.256536536884444,-1.6144919923455636,-0.7207620348975293
2022-08-19,-2.2049865187529347,-1.5568645037675315,-0.6548125494644544
2022-08-22,-2.2400012981921913,-1.5517534744492394,-0.6540943535553911
2022-08-23,-1.8969570174434591,-1.3227105399594323,-0.513250644009418
2022-08-24,-1.6150481482883787,-1.1268413383667812,-0.39320627212526527
2022-08-25,-1.9173919582439787,-1.3552489859858947,-0.5137776292707791
2022-08-26,-1.9870090636789044,-1.4112643408682213,-0.5691312849599157
2022-08-30,-1.7037717242733366,-1.2059352160413164,-0.45305338064770606
2022-08-31,-1.605927652030313,-1.0947511576717814,-0.34332921524681365
2022-09-01,-1.5064290148417239,-0.9658929105115966,-0.14956641208291988
2022-09-02,-1.4493435562413404,-0.9393923725225447,-0.13895198009977772
2022-09-05,-1.4645393903144481,-0.991786799604851,-0.27424287909433603
2022-09-06,-1.234852917611467,-0.8881361697600628,-0.20665285180808562
2022-09-07,-1.3269448512744773,-0.9501067642367754,-0.2511682833428902
2022-09-08,-1.0767572931259037,-0.7673913225656145,-0.1371894485609793
2022-09-09,-0.926106905041183,-0.7146968899268509,-0.13812863641386705
2022-09-12,-0.8293910481740892,-0.6357413370407423,-0.08147362054017643
2022-09-13,-0.6854125279629184,-0.49259849853454724,0.037821959232605215
2022-09-14,-0.9070818900014471,-0.6254286073160814,-0.042222667056824585
2022-09-15,-0.9855444316111891,-0.6597423365490089,0.019829936634953367
2022-09-16,-0.9480637298942989,-0.6382197778253079,0.015883058784005127
2022-09-20,-0.8399267855153452,-0.5707760547687435,0.028406582502042213
2022-09-21,-0.8087534861008766,-0.5501271603355574,0.04370391117053285
2022-09-22,-0.542007657536904,-0.30646808152143673,0.23108827982930608
2022-09-23,-0.18329518077711437,-0.029613342002603193,0.47662138185470226
2022-09-26,0.2903723037055117,0.4851197905124384,1.0489725207190643
2022-09-27,0.74733611184873,1.0633241734538394,1.7638142924251454
2022-09-28,0.2923497279328957,0.5365240486813486,0.7823157908876264
2022-09-29,0.20823596793206614,0.38267306634160086,0.47945909716643625
2022-09-30,0.22034794655780615,0.19268740379351162,-0.12361751655466009
2022-10-03,0.19081648680660288,0.2163112766934963,0.16954046340290435
2022-10-04,0.29560574656789346,0.27920650000280056,0.3345046662226447
2022-10-05,0.6385864933684939,0.6155226041198619,0.7379167580536429
2022-10-06,0.6591220129187791,0.6337957537785489,0.6018920293915849
2022-10-07,0.8879652744621058,0.8853122876067185,0.8187856978498781
2022-10-10,1.5496753143893227,1.616171084520611,1.4850581684444586
2022-10-11,1.3817703608637248,1.5645008710182426,1.4818217483076765
2022-10-12,1.2496093094842027,1.4718610320448657,1.3982038072241552
2022-10-13,1.2212104991477466,1.491060450724588,1.4640087037259406
2022-10-14,1.0944011144389219,1.4109731102900125,1.5119299434588813
2022-10-17,0.61356005264208,0.9695985951361626,1.0205471292139918
2022-10-18,0.4141921162056418,0.7728670868234369,0.8161255671004166
2022-10-19,0.03816479919625776,0.4540831620913456,0.38762210152296384
2022-10-20,0.04027947960979418,0.3931910310835961,0.3099958567703516
2022-10-21,0.26200843782005684,0.5096209431623712,0.34158377074508517
2022-10-24,-0.08422550748395916,0.15515719018571233,0.03358088288363265
2022-10-25,-0.17106472610450535,0.08016367733361215,0.13333896623263333
2022-10-26,-0.1370671489166448,0.11741583091780483,0.20028984899433055
2022-10-27,-0.32631833742398986,-0.0076037061316347465,0.20040226101274985
2022-10-28,-0.3139009605579854,-0.002712027145919324,0.17906570841832128
2022-10-31,-0.09247757275798046,0.20132575761500776,0.2982822432551865
2022-11-01,-0.18205659069090088,0.11346705194767474,0.16485934746494899
2022-11-02,-0.22224326378092202,0.12592851140799685,0.26831838353046245
2022-11-03,-0.2815385845810122,0.09941388711105105,0.24960141573104674
2022-11-04,-0.2974162178517084,0.09205828006709889,0.27239354318337894
2022-11-07,-0.2452656971701673,0.13512877416379163,0.36127490607704366
2022-11-08,-0.3521957765126123,0.041716764677841196,0.3144198194787168
2022-11-09,-0.42700865617106876,-0.08418126763571614,0.1515005565671122
2022-11-10,-0.580247817758807,-0.24827454353511821,0.02971630399142362
2022-11-11,-0.4688324520845731,-0.17382858669793014,0.10329393084187105
2022-11-14,-0.5006823591430638,-0.22182656455943134,0.05531378689653269
2022-11-15,-0.55976143549163,-0.27145153422635987,0.11628248200741483
2022-11-16,-0.8369564552919302,-0.4635984965835337,0.013821882723725523
2022-11-17,-0.7086812325863563,-0.3637835574860474,0.037609299596019836
2022-11-18,-0.6065909607109392,-0.31976000989491854,0.01717260817747471
2022-11-21,-0.5351714486515347,-0.33114460758255115,-0.04870491328496539
2022-11-22,-0.5778173271750796,-0.3461022379571214,0.06351882645293085
2022-11-23,-0.6575295874773427,-0.4356496512515225,-0.029161898050891866
2022-11-24,-0.6063967360468598,-0.39429438705450537,0.04257424681312353
2022-11-25,-0.5190567283677041,-0.328319584741286,0.08406724587696048
2022-11-28,-0.4785812746483816,-0.29800951712212004,0.1287951322903867
2022-11-29,-0.4689935014373732,-0.2905397388960951,0.14749358077757688
2022-11-30,-0.44712796844536895,-0.24694803246886576,0.19762339501693857
2022-12-01,-0.5365816007711206,-0.31711818597818525,0.16929605244976012
2022-12-02,-0.4000333516065126,-0.20825695316162243,0.2746724895112899
2022-12-05,-0.4465119252604022,-0.24691387554734576,0.25455933539416525
2022-12-06,-0.3599988610277435,-0.17351570092208518,0.2952587513397818
2022-12-07,-0.3787168119768488,-0.1892432934990386,0.32639181082179947
2022-12-08,-0.32877857500536894,-0.1258652973169038,0.40649346483305226
2022-12-09,-0.16354702150427497,-0.0011427225625247964,0.4389613353933507
2022-12-12,-0.07117072149412132,0.08420150628823816,0.5133960609554346
2022-12-13,0.031000430486190562,0.16294259937816705,0.556718928932338
2022-12-14,-0.10694116262535806,0.10685799598349362,0.5036263370968955
2022-12-15,-0.22563215634785774,-0.033035626774488,0.3667347998390724
2022-12-16,-0.099119326314277,0.021447884189591156,0.3150179243906999
2022-12-19,0.055618315851829615,0.157393185691394,0.3985198153585903
2022-12-20,0.20496819460068166,0.2948523719332824,0.5032476417182795
2022-12-21,0.18505815541508824,0.282528888949381,0.4998077333173796
2022-12-22,0.11741217041187794,0.24435433493406541,0.4828280407294651
2022-12-23,0.21942592430096441,0.31256887416258106,0.516592363814266
2022-12-28,0.29625908330988604,0.3818780537464536,0.5620934565291267
2022-12-29,0.31394880215437276,0.4030254783367592,0.584844604788583
2022-12-30,0.33852956351068736,0.4045584067369357,0.5611336495736211
2023-01-03,0.30566062314568115,0.3726477848860613,0.5870835786425804
2023-01-04,0.29666415555013886,0.3284219674649619,0.5402383105661267
2023-01-05,0.5031521213310571,0.46090648803725004,0.6219257101731946
2023-01-06,0.47384022933346925,0.43747379129978875,0.6187187600459743
2023-01-09,0.5560857668170971,0.5336358799103513,0.7311317455139327
2023-01-10,0.510008048791109,0.45439759101716326,0.5877724468276305
2023-01-11,0.42669756794294866,0.3277266743992989,0.4490782475078909
2023-01-12,0.40943049973806317,0.28259629458151414,0.3837775315053896
2023-01-13,0.44121984167953254,0.3123136722766054,0.39870179056267824
2023-01-16,0.5647077728971692,0.4105870212325685,0.43884257535779764
2023-01-17,0.5103671437968056,0.33782485848804017,0.3681727011527672
2023-01-18,0.21931560965121671,0.20221570066537584,0.36931322294649976
2023-01-19,0.2721622039802424,0.2280771012481379,0.327129245762135
2023-01-20,0.26700197973735035,0.24602229272816506,0.3942357437183592
2023-01-23,0.2801693674500399,0.2515661488340436,0.392128303530062
2023-01-24,0.2452779911392143,0.18831141383517974,0.3105058227798938
2023-01-25,0.2778788952356749,0.20835689861582538,0.3194053470748165
2023-01-26,0.2882681311291427,0.2182044536904316,0.34549613443148347
2023-01-27,0.2898948245009042,0.19745544147985244,0.32179965865626137
2023-01-30,0.2759783281458813,0.18727077132965725,0.3123114278694723
2023-01-31,0.26469641294132196,0.1957394360284034,0.3726730237111094
2023-02-01,0.2557492387682692,0.20570474078425613,0.40543984784083054
2023-02-02,-0.09064586023519602,-0.10030584123093682,0.2405466810025285
2023-02-03,-0.03649388546154483,-0.04231044030905425,0.3247646738644424
2023-02-06,0.0946562617340687,0.07593734912238245,0.38658117678673803
2023-02-07,0.0976754663132078,0.0971769177075442,0.4198655617615874
2023-02-08,0.05732066712358489,0.11853895637480674,0.4733104587102479
2023-02-09,0.07549058009277902,0.08995094901473637,0.4256911800611577
2023-02-10,0.21769926267522682,0.20961719040861143,0.5048857251603052
2023-02-13,0.25960983726176085,0.22983392198567903,0.4925210540329986
2023-02-14,0.3366946119030028,0.30928579523419636,0.6013929968593132
2023-02-15,0.048425007123203516,0.16815666034358828,0.5453531634302176
2023-02-16,0.05847853647716469,0.20764153692320025,0.5606255033483646
2023-02-17,0.19930655801956113,0.32111788984304274,0.6282744425439196
2023-02-20,0.15675805533949225,0.27079129352128184,0.5948730479102916
2023-02-21,0.3557888468517767,0.41011547196902187,0.6516866640637803
2023-02-22,0.3495160222756909,0.38692988330748795,0.6427630133493465
2023-02-23,0.3462646010009437,0.38657994052541655,0.6865886953729794
2023-02-24,0.41093583233355646,0.440974020002875,0.724516281080383
2023-02-27,0.43285126223059545,0.4541614831338924,0.752278961333179
2023-02-28,0.39046419357246964,0.41462064768365997,0.7545395936174302
2023-03-01,0.3567214733065929,0.42873327533373223,0.8677886945100555
2023-03-02,0.28303573998718706,0.39721787322123453,0.8672185233494273
2023-03-03,0.20720686724384757,0.38052029542556903,0.8881122975269524
2023-03-06,0.18920527517300692,0.35083997444703563,0.8437313827977125
2023-03-07,0.33451043420327536,0.4252155887731634,0.8118358580517354
2023-03-08,0.32643083629265923,0.3667602194022327,0.7348507719681556
2023-03-09,0.3083848050509212,0.3611350635247035,0.7690265746494523
2023-03-10,0.1630110459678377,0.21780313668504614,0.662389874163061
2023-03-13,-0.02341595050226422,0.00701277806153644,0.5480954162071939
2023-03-14,0.14353028016329347,0.12775723062188177,0.6296645574116869
2023-03-15,0.12176946139789786,0.06421530048047232,0.5365454552201965
2023-03-16,0.1607647642724356,0.0888153114188046,0.5809089016367407
2023-03-17,0.12334925449383749,0.03296236523444766,0.5084496801343462
2023-03-20,0.20828336908842243,0.12379526086439874,0.6079780064258516
2023-03-21,0.212967459447791,0.1304550165010679,0.6211329770978185
2023-03-22,0.10509181863292041,0.11140319851438288,0.6556180413057793
2023-03-23,-0.01761929124816623,0.03272614687047756,0.5900629892055955
2023-03-24,-0.04487492585151083,-0.003926606226484185,0.5116919735599832
2023-03-27,-0.029815208129963015,0.022268555196103035,0.5163335646191866
2023-03-28,-0.041927886696855945,0.02392926000400225,0.5271793730719766
2023-03-29,-0.11806825198266331,-0.07297032324770916,0.44192814797418456
2023-03-30,-0.10894787498407972,-0.08439140844679262,0.41800941733072267
2023-03-31,-0.057649435649137826,-0.03747289818187868,0.45765032885249585
2023-04-03,-0.2220297086761529,-0.1620978539678046,0.35969421835586174
2023-04-04,-0.216183177034691,-0.13543463007090045,0.379964125532706
2023-04-05,-0.10212900316498055,-0.07425002026629303,0.4322137277585153
2023-04-06,-0.003482375866339718,-0.014844194586990411,0.4822701196597724
2023-04-11,0.13775819882139112,0.11748009928849334,0.5338055812129296
2023-04-12,0.19905109034856305,0.16408925917436007,0.5477213001546012
2023-04-13,0.16031723549504592,0.1508175451129094,0.5996876146995483
2023-04-14,0.20633333838280174,0.19106857830801,0.6555155171201748
2023-04-17,0.22687897874418622,0.22159350945789874,0.6937922567766704
2023-04-18,0.3255870168753022,0.31328340463142956,0.7869612395942756
2023-04-19,0.22749315537906964,0.30722357595320515,0.799321544528133
2023-04-20,0.14819933798823465,0.22914356434728952,0.7347119104126475
2023-04-21,0.14066314354323176,0.20751916208257598,0.7189092489206117
2023-04-24,0.13772871531116707,0.2000940564182922,0.6914397348616338
2023-04-25,0.13548743816486722,0.19415324346802293,0.7002554314120802
2023-04-26,0.25935635704686427,0.28798541917981374,0.7412616900754274
2023-04-27,0.31371101218104946,0.34723826094587823,0.7889610288488567
2023-04-28,0.3841061668983059,0.35479507323050113,0.719064085644218
2023-05-02,0.39472952276460355,0.3571466913884138,0.7230964696037251
2023-05-03,0.48486445853122284,0.41456247845771355,0.7749032980975077
2023-05-04,0.46273609888928996,0.4181346958940749,0.793287862232033
2023-05-05,0.5067910254213682,0.4665935877937365,0.8724207402401702
2023-05-09,0.5778214325515154,0.5224423396549726,0.8896195533592846
2023-05-10,0.5066228083896285,0.4503050906494133,0.828588768895051
2023-05-11,0.44613982815029773,0.38528358914594313,0.7951914276896234
2023-05-12,0.507353334174517,0.4559678791796271,0.8762269102502924
2023-05-15,0.5651327061542851,0.5166853854558141,0.9377005787859151
2023-05-16,0.639745490559301,0.570353494368488,0.9860617038570294
2023-05-17,0.623431988883257,0.5461325468123908,0.9900374255527518
2023-05-18,0.72913254810843,0.6548855822760514,1.0904473673268036
2023-05-19,0.8209334946353828,0.733693831982472,1.1371324849658775
2023-05-22,0.8778616820720938,0.7707759198668376,1.1581448757536017
2023-05-23,0.9675230294942996,0.8698785397309816,1.2309833242549943
2023-05-24,0.6482029553628478,0.6839080867143903,1.139233905376315
2023-05-25,0.8216047788948002,0.8502630785846513,1.2368400362996168
2023-05-26,0.850514384217993,0.8606331295582305,1.2605832357582802
2023-05-30,0.7677040681600595,0.7680199769308788,1.1993925402091574
2023-05-31,0.7094081126604979,0.7010893697440043,1.1419085861347056
2023-06-01,0.7092948643501348,0.6820772225527277,1.1377470496162911
2023-06-02,0.7646009272892466,0.698322114405025,1.1289499925788582
2023-06-05,0.7608917237225723,0.6884788856229189,1.1095760612894947
2023-06-06,0.7565088196367149,0.656567108031823,1.023411519580789
2023-06-07,0.7518862289410944,0.6528422392342644,1.0021593945410205
2023-06-08,0.7508842139096851,0.6702512932217892,1.0580985879913098
2023-06-09,0.8166440274875676,0.6943134282956871,1.0537526400849928
2023-06-12,0.9424794011366492,0.7984056749440754,1.1228719047753908
2023-06-13,1.0494771774262555,0.858204875899867,1.1325590147305569
2023-06-14,1.0064116663090141,0.8217937918332066,1.0715144637226295
2023-06-15,1.0099190707368477,0.8076018003282938,1.0390655088302811
2023-06-16,1.0807731530986764,0.833704459770682,1.0314234443452202
2023-06-19,1.2187340479312592,0.9332672566101671,1.0742477045151697
2023-06-20,1.0500206989730079,0.7885480295009772,1.0178396380863624
2023-06-21,0.8303454247379637,0.6892838105811276,1.0330609284454666
2023-06-22,0.9093481552059766,0.7260640327903284,1.019258530322517
2023-06-23,0.9888975205812944,0.7320216232555533,0.9913966917017425
2023-06-26,0.9720874608070111,0.7069070569598452,0.9259336917308272
2023-06-27,1.1177329215641474,0.8116494360473883,0.9607876793075132
2023-06-28,1.036806286575051,0.7420974234049826,0.9573473162397724
2023-06-29,1.0130690610020625,0.7384061571450238,1.004828629606436
2023-06-30,1.0618960757426579,0.7546708527231368,0.980557074748896
2023-07-03,1.1518837178060797,0.8309178690297573,1.030429379213937
2023-07-04,1.194533325375872,0.8476944500307695,1.0213047385402048
2023-07-05,1.267771073482249,0.8946242985851411,1.0503396171273145
2023-07-06,1.4187556709847322,1.0577383112499585,1.1905838599704957
2023-07-07,1.3675849572895875,1.0489121812526139,1.2212852457338965
2023-07-10,1.3246619661805759,1.0246496270969527,1.2299281749066273
2023-07-11,1.3612953015546414,1.0531755714561664,1.246981748039344
2023-07-12,1.2482912597947133,0.966989709810308,1.2042357926009244
2023-07-13,1.1739733341206495,0.9197787007471137,1.1971308511443195
2023-07-14,1.2581930213975006,0.9720252099262348,1.1832586004209085
2023-07-17,1.2663933594853165,0.9782426912113336,1.204857391187283
2023-07-18,1.19113620850851,0.8891408600874703,1.1282714453210114
2023-07-19,0.8365213861970314,0.6507999236306359,0.9725464664655589
2023-07-20,0.895421044252277,0.7013172127133693,1.01830149211703
2023-07-21,0.8618502050575652,0.6795555414552178,1.0129202428967186
2023-07-24,0.8536126872895118,0.6659244184545899,1.0105336255389317
2023-07-25,0.8549325971154358,0.6820091004526841,1.0398381704575337
2023-07-26,0.895637610136973,0.6797490325752391,1.014409981486144
2023-07-27,0.9300183543523172,0.7185555004946802,1.0553762434909666
2023-07-28,0.9548518237917177,0.7362217950775669,1.0854653309375777
2023-07-31,0.9338792035473169,0.7191562973063312,1.081277327905693
2023-08-01,1.0056535416706618,0.7831526037489523,1.0980515140326148
2023-08-02,1.009360618385996,0.7947580561303249,1.1175971351746024
2023-08-03,1.050563056205698,0.8697311791706005,1.2143644279977914
2023-08-04,1.0014199239773032,0.80707817557905,1.1511561295770782
2023-08-07,1.0441917613610152,0.8493575545110591,1.2005973277555648
2023-08-08,1.0092167288688738,0.8003400888435573,1.16175447163587
2023-08-09,0.9969877316031402,0.8132531934535434,1.1795732621563313
2023-08-10,1.0101821482014661,0.825046684883544,1.197510967995982
2023-08-11,1.16023415208018,0.9626977872154443,1.3049932205925663
2023-08-14,1.2201384499985901,1.0121696760859211,1.3156574861530885
2023-08-15,1.2723791069016603,1.068453443482961,1.3772634451505397
2023-08-16,1.0745973764560441,0.9863284453110269,1.3772673976218464
2023-08-17,1.1512264413550148,1.0624259347419547,1.4459479622142066
2023-08-18,1.1514276940507626,1.0463582775180633,1.420149714313857
2023-08-21,1.1887874424032558,1.0863444611786188,1.454897525988744
2023-08-22,1.149524793782795,1.0533561064010715,1.4349306888968527
2023-08-23,0.9864764755249776,0.8955072368233206,1.312764752990067
2023-08-24,0.9916144472894327,0.8590520956365472,1.2498093194658788
2023-08-25,1.026286655029695,0.8729605805055056,1.221864968306246
2023-08-29,1.011122937708949,0.8720639133310408,1.2298977737288455
2023-08-30,0.9787577447678439,0.8480038322178851,1.2376888421122823
2023-08-31,0.8840563646821915,0.7659467532340313,1.1914014516182525
2023-09-01,0.8826950996078095,0.7925858038189186,1.2352419204075873
2023-09-04,0.9216336958793372,0.850984070385041,1.321313413521973
2023-09-05,0.949484333581007,0.8786731201102477,1.361691622966803
2023-09-06,0.9890520169605083,0.9096431028422785,1.3777400643178683
2023-09-07,0.9207078880021516,0.8441904735192649,1.3201251653881647
2023-09-08,0.8350342024291099,0.7950998749004532,1.30290487000581
2023-09-11,0.8833773814115078,0.852510597027659,1.3790304557604922
2023-09-12,0.8233247194362863,0.8098652025715056,1.3512564195176033
2023-09-13,0.7319805299069617,0.7324183415342842,1.278228790343461
2023-09-14,0.6344242180643624,0.652068303667222,1.2081982090734735
2023-09-15,0.6768059899866768,0.7072946109180128,1.2804159426944703
2023-09-18,0.7452824907314559,0.7751091710346223,1.3476992910365648
2023-09-19,0.662788721824765,0.7100588694477945,1.3299786536471296
2023-09-20,0.4192689329458038,0.556692700890945,1.269620130590661
2023-09-21,0.43153826974490295,0.6047185215978387,1.3261768258586217
2023-09-22,0.40283545938558696,0.5832014390526425,1.3404362539598575
2023-09-25,0.38555050663867857,0.6044231132817283,1.417029668626819
2023-09-26,0.4397315713503828,0.6427753818377996,1.420824730718151
2023-09-27,0.5075829529133923,0.6763081231068548,1.3889171085297403
2023-09-28,0.6785285137168562,0.8570316886569099,1.5309375123950468
2023-09-29,0.5724976457371327,0.7584590551655992,1.4947593596889548
2023-10-02,0.6964378624875405,0.8854941078830828,1.5991223737657114
2023-10-03,0.7583633989222791,0.9366659540841222,1.6378463664803744
2023-10-04,0.8411008636409365,0.9886651696656232,1.6373926196982138
2023-10-05,0.784572212232465,0.9429772412655997,1.6133815608678832
2023-10-06,0.8558658690743387,1.0141632180450577,1.6838510583604134
2023-10-09,0.7161268721050984,0.9050875372447414,1.6430177493416571
2023-10-10,0.6568433845340629,0.856598159180859,1.6035547529950291
2023-10-11,0.647393335394754,0.7851225011121848,1.4537362900536845
2023-10-12,0.7209067652675246,0.8718280529287604,1.5417857845560725
2023-10-13,0.7094767467020185,0.8589570791525085,1.5234800410852845
2023-10-16,0.7982953522237005,0.9415953105447696,1.5983538374137654
2023-10-17,0.8420274778432066,0.9780010929738457,1.6087774170511575
2023-10-18,0.7702489055061612,0.9962883735854463,1.6379704900348695
2023-10-19,0.8286778749394561,1.0546404076434075,1.7114442931630818
2023-10-20,0.7505692265776764,1.0115453846391242,1.7390348427952425
2023-10-23,0.7458374559531783,0.9957224907318288,1.6931064217513485
2023-10-24,0.7133173916406964,0.9571262886990095,1.6394828511494457
2023-10-25,0.7669902861687411,1.0021212597257931,1.6653520176897074
2023-10-26,0.7368376486919324,0.984906024110401,1.674758313906377
2023-10-27,0.6990328545380313,0.9500158315368603,1.640029577211017
2023-10-30,0.7196451268393649,0.9679650531864544,1.645272686477253
2023-10-31,0.7237247583597972,0.9479583361814825,1.598639304762504
2023-11-01,0.68583946080328,0.9054788509310379,1.5788396386010601
2023-11-02,0.5845403107901792,0.8001376631189316,1.500395526092681
2023-11-03,0.530137619612855,0.72812661849699,1.4204032783026075
2023-11-06,0.6140806980185981,0.8105115222067495,1.4760114785362335
2023-11-07,0.5360773302275127,0.7220574130267019,1.39554480205354
2023-11-08,0.5311856225626551,0.693583336422563,1.3497941751299853
2023-11-09,0.5430220963108826,0.7160185895925684,1.3807259800081242
2023-11-10,0.6162805485838698,0.7737318193141789,1.4212440739915133
2023-11-13,0.6590792816203372,0.7893253557052758,1.4025353200668986
2023-11-14,0.5344768340698401,0.6427223447385683,1.2397179349272243
2023-11-15,0.38320178711443653,0.6032324897932176,1.2587789187707108
2023-11-16,0.3455916750218177,0.5605342359917291,1.2143154228555737
2023-11-17,0.39445143173566016,0.5834225389174637,1.2244557842831834
2023-11-20,0.382134836273261,0.579278429789162,1.2143398364515767
2023-11-21,0.38836529633632766,0.5625056710085448,1.2095637974258786
2023-11-22,0.43917357469020424,0.6140044723600075,1.3059854320878037
2023-11-23,0.5005138494440138,0.668751861020603,1.3561148782584531
2023-11-24,0.5438290411354127,0.7232394416835307,1.4042211254246986
2023-11-27,0.4983033034519891,0.6768963457273245,1.314926430606956
2023-11-28,0.455616165924926,0.636108753813494,1.2840289010061512
2023-11-29,0.41709351626635643,0.601140457308385,1.2729348226127328
2023-11-30,0.5106891274751909,0.7114962935492991,1.375507919006271
2023-12-01,0.49505731564310984,0.7150532278424387,1.401487331652576
2023-12-04,0.5840090796254171,0.7805160317164789,1.4459177390271103
2023-12-05,0.476740079837481,0.6546347282065221,1.3321389072287932
2023-12-06,0.43343394171954575,0.5958554023610627,1.2370344245218226
2023-12-07,0.41935838601252584,0.586463980565186,1.221036689722829
2023-12-08,0.41777167712288205,0.601417379140626,1.2474119664345986
2023-12-11,0.5226762034519091,0.6922339190992138,1.3104704217076704
2023-12-12,0.4588691422056154,0.6204002030891222,1.2559051560903216
2023-12-13,0.3380078869032276,0.5041752589289109,1.144520154899108
2023-12-14,0.23089792343141435,0.43742089143371377,1.084069687115192
2023-12-15,0.2165884547266097,0.39844709145434115,1.0058256402957553
2023-12-18,0.1559886571961925,0.34294517470104185,0.9758176456533693
2023-12-19,0.09376000558184168,0.2898828753739269,0.9424558035528536
2023-12-20,-0.11100002904916897,0.1597300258420318,0.8766258347238143
2023-12-21,-0.08634292115563097,0.19833391638804196,0.9264053726119182
2023-12-22,-0.12551514543600703,0.16662267965196303,0.9117079630926032
2023-12-27,-0.1748022215816399,0.1232033521455371,0.896916489829277
2023-12-28,-0.14694967004386814,0.15804013386179774,0.9533342090601347
2023-12-29,-0.11349028785086121,0.2062433344308162,0.9964757023974797
2024-01-02,-0.0350264915022587,0.2971921781419032,1.111314601711577
2024-01-03,0.012953982408747608,0.3283429687948473,1.1683821386106137
2024-01-04,0.0533725455542204,0.3590629145911887,1.201847914820586
2024-01-05,0.09913699949887674,0.3892709104307669,1.20333890841748
2024-01-08,0.1782438592903557,0.4546961327627493,1.2514315985017666
2024-01-09,0.17754409211843042,0.46972971406049985,1.2597388267518432
2024-01-10,0.19985861956321158,0.4956026907434379,1.2735219641027768
2024-01-11,0.23455761787995427,0.5392172165837991,1.3199850132029811
2024-01-12,0.1444964340876182,0.49263599908361017,1.3207726700506461
2024-01-15,0.17802140056715604,0.5235374296186612,1.3622027493800568
2024-01-16,0.1851744218032098,0.5399732489429591,1.4127319085642696
2024-01-17,0.29242569171947136,0.6498304973373987,1.4809488181363284
2024-01-18,0.25799746559793835,0.6185730970811363,1.4614770230554233
2024-01-19,0.23713273973895016,0.5888946204377744,1.421790365352433
2024-01-22,0.2603522569282859,0.5819445204818864,1.3821184052760425
2024-01-23,0.3547107921416114,0.6654527887186028,1.4436405659579161
2024-01-24,0.3476553562510248,0.6732059390296569,1.478305871707622
2024-01-25,0.2944099833124184,0.6373468016365743,1.4541131205485882
2024-01-26,0.261524022521458,0.6274721877159917,1.4760306652498931
2024-01-29,0.1793784237166747,0.5574366957180952,1.4243993003045687
2024-01-30,0.18444998744554014,0.5524787913268183,1.4103413339406117
2024-01-31,0.06203896456090198,0.44866737213943536,1.3390795094137113
2024-02-01,0.03181176348421199,0.39552973229901106,1.2768720189608445
2024-02-02,0.22968679947003898,0.5564276038345413,1.4007287748649695
2024-02-05,0.3397024447128724,0.6492422232269286,1.469814338898504
2024-02-06,0.25978231376407757,0.5655920513954318,1.389945015841908
2024-02-07,0.3002362864741387,0.5937890815856662,1.3778769403160191
2024-02-08,0.376012297990001,0.6561244231282213,1.4191217024445828
2024-02-09,0.4624877834899822,0.7125847746978777,1.4189579435912907
2024-02-12,0.46590225914571004,0.7120685112960625,1.4161900166678676
2024-02-13,0.5056284602475208,0.7435231055474351,1.436660483088963
2024-02-14,0.346458643706066,0.6355196745583213,1.3734089589780158
2024-02-15,0.3684118947424702,0.657550237401159,1.4021813352802823
2024-02-16,0.44026541745965914,0.7128152319395147,1.4367142630661742
2024-02-19,0.4584811024571979,0.7269525122944949,1.433936320394009
2024-02-20,0.41571600805677533,0.6920283986593352,1.4127568300983704
2024-02-21,0.46749989325263935,0.7262004301099273,1.4213909847889734
2024-02-22,0.48385822092189096,0.7360056462824505,1.4242975275699261
2024-02-23,0.45521894052809664,0.7071053495119598,1.413443389653931
2024-02-26,0.45606192156695113,0.704024701849091,1.4139263642671362
2024-02-27,0.48280845363787217,0.7204645106950839,1.4159369081859443
2024-02-28,0.448303062714636,0.6853294584547652,1.3891124517220246
2024-02-29,0.33551862548306705,0.5742988008711001,1.2756151070737698
2024-03-01,0.33700387869455384,0.578155429916271,1.2703353933234074
2024-03-04,0.37796919471257795,0.6077020204158652,1.294522606795242
2024-03-05,0.27771075692090325,0.511646764618842,1.2120923861372042
2024-03-06,0.2889745294796561,0.5268722574976439,1.2226092120824223
2024-03-07,0.3058148878273757,0.5248165434378889,1.2075951124837767
2024-03-08,0.2860966502504705,0.5213086014476718,1.2208019142383695
2024-03-11,0.26820349540924393,0.5094371317730653,1.2153314057912517
2024-03-12,0.23213345410686928,0.486664657487184,1.2329261203037756
2024-03-13,0.24677540945929705,0.5085694224736278,1.2536376430823413
2024-03-14,0.22961753998287607,0.5126258094249667,1.2685249266505472
2024-03-15,0.29304467919441535,0.5521932463879381,1.2846617046472901
2024-03-18,0.2644179911845159,0.5211118252204732,1.2452103051694394
2024-03-19,0.240576130757913,0.4936540801139346,1.2395561323472355
2024-03-20,0.07489563464702158,0.3902089166406181,1.1914315486429785
2024-03-21,0.02350380910402834,0.36238385114334365,1.2178243519195695
2024-03-22,-0.035670778327048444,0.32052526937692427,1.2005647401256418
2024-03-25,-0.016889020003059644,0.34311448980977793,1.2074159711610133
2024-03-26,-0.002745784482597602,0.3386844313615657,1.1639107807353264
2024-03-27,0.015710341609987116,0.3529211423588855,1.1773716199379025
2024-03-28,-0.01298212224284426,0.3225319593130336,1.1556413139981945
2024-04-02,0.08636982030652526,0.4432089459061225,1.2823160685464823
2024-04-03,0.03353205012910098,0.401963224484719,1.274290997975832
2024-04-04,0.0017438416154749812,0.3710354733713773,1.2599519348922181
2024-04-05,0.054347202126327966,0.4261698003279227,1.3104986907038005
2024-04-08,0.07984070283783708,0.4516496637059679,1.3324734757587653
2024-04-09,0.04095929623289609,0.40864008482212644,1.2707271201291934
2024-04-10,0.12937116779130067,0.4763711304007268,1.3169211364479458
2024-04-11,0.1865244951170275,0.5461887045983455,1.395607796315559
2024-04-12,0.09259824295962832,0.45180078934065265,1.314074012507845
2024-04-15,0.12113189853925055,0.512499327274608,1.3825072840422121
2024-04-16,0.0922745894304711,0.50302471995333,1.3747760869205394
2024-04-17,0.10826122770786231,0.5030034284296668,1.3246597557207644
2024-04-18,0.13421045393907946,0.51164890477027,1.325046238457128
2024-04-19,0.12287729827628083,0.5213204201227518,1.3562293868879285
2024-04-22,0.1066435748992443,0.509599227317761,1.3442933440372447
2024-04-23,0.16512033764953787,0.5644537875565783,1.4141940311437782
2024-04-24,0.21838162905701503,0.619305000559462,1.4653446033411066
2024-04-25,0.23356375265748525,0.6404237322713543,1.4830000815310707
2024-04-26,0.23287715941871806,0.618256696670014,1.442296946301773
2024-04-29,0.20609006053480025,0.5834846931452703,1.3966577581467865
2024-04-30,0.24927732981303258,0.6339350902458094,1.4494484381256378
2024-05-01,0.3228101754362056,0.6853063537985096,1.476966444401222
2024-05-02,0.24717247117735613,0.6306412994387803,1.4613228744362192
2024-05-03,0.19318182249249682,0.5769998541821588,1.4232834838103894
2024-05-07,0.12958483829113215,0.5043577562813736,1.3512274433690823
2024-05-08,0.14141242443835836,0.49592471133734534,1.306228360539155
2024-05-09,0.12427897981966089,0.49873390837566395,1.327689012973536
2024-05-10,0.16491395043058937,0.5268135402362122,1.3457157980051082
2024-05-13,0.1915372200101891,0.536888287130725,1.3425164284632463
2024-05-14,0.1999670458272215,0.5395937847089916,1.348352918496217
2024-05-15,0.10642416951898093,0.42380939541479423,1.2340535563124326
2024-05-16,0.08100304443521336,0.40488679821027074,1.2101405993152476
2024-05-17,0.12651405679298122,0.4717287737159591,1.2708282535199271
2024-05-20,0.16249624952888014,0.5202839013977588,1.334220369680202
2024-05-21,0.1565660984501175,0.5077203088437041,1.323508866707322
2024-05-22,0.13682366102486582,0.5137273426851908,1.3143629683068159
2024-05-23,0.16583926527511827,0.534240461458399,1.3332486927190936
2024-05-24,0.2004509378221,0.5651205721325556,1.3724874293657559
2024-05-28,0.20330293715522724,0.5767377518352071,1.3904571488994375
2024-05-29,0.2858383313911455,0.6783282507909802,1.4920402543171813
2024-05-30,0.2513297218884053,0.6434948817468963,1.4579552831980989
2024-05-31,0.19545647177126244,0.5810482844407844,1.3879726953802676
2024-06-03,0.1290910559191058,0.5203626438224259,1.3443983392424863
2024-06-04,0.1356874505156057,0.5006173435888427,1.2895826502992673
2024-06-05,0.1510429240368473,0.512801885744343,1.3047011966039237
2024-06-06,0.1469933731584217,0.5148600133044378,1.3088943547938465
2024-06-07,0.22877477792056183,0.5939650241215203,1.3679851933494307
2024-06-10,0.2880544408136803,0.6578105365186304,1.4363318009196624
2024-06-11,0.2671028964930645,0.637746632981935,1.4295371460878605
2024-06-12,0.16422661020452262,0.5276355814205366,1.3360077718354826
2024-06-13,0.16049654723481335,0.526560715518583,1.342220769468458
2024-06-14,0.113907484381335,0.4654141956995265,1.2647044362404551
2024-06-17,0.20599219765759047,0.5542938099638923,1.3367631742952228
2024-06-18,0.1524345835923549,0.4901774503952646,1.2575165718961259
2024-06-19,0.11702890421613861,0.48202750009155954,1.2705432030969586
2024-06-20,0.10635316608202057,0.48782057783266514,1.3131815295276217
2024-06-21,0.15137652456643613,0.5109336115027209,1.3156254408832901
2024-06-24,0.19543313230930298,0.5387763930703534,1.3294035889671383
2024-06-25,0.22457781723078063,0.5576211373845159,1.3175410841683153
2024-06-26,0.28910185170498653,0.6151586574416487,1.3587281574516334
2024-06-27,0.2829865119974009,0.6066883325626712,1.359284114197249
2024-06-28,0.29880971286787755,0.6338721814257477,1.3950845052375949
2024-07-01,0.34207431431984237,0.7099336395077926,1.4876249907948134
2024-07-02,0.35044706420863575,0.7224243178773845,1.5049031996054318
2024-07-03,0.2969282575648323,0.6668130887274656,1.44186805340179
2024-07-04,0.31742365938917017,0.6851062330659488,1.4512868296793866
2024-07-05,0.25378573443214447,0.6300764465052117,1.4083021755013305
2024-07-08,0.235242117266868,0.6102760826697831,1.3917634035614441
2024-07-09,0.29676118670309914,0.6765654417632905,1.4428341551411126
2024-07-10,0.2978848246392704,0.6618974468664751,1.4177718647274788
2024-07-11,0.2461505903615203,0.5983283206186223,1.3466194663547852
2024-07-12,0.24111378793674784,0.5999578767283607,1.3655626868270478
2024-07-15,0.22784883531979397,0.587601533800145,1.3589287528903449
2024-07-16,0.17778843072129555,0.5270981042727005,1.3118519946275147
2024-07-17,0.13676915298069697,0.4951440061240452,1.2801422816831922
2024-07-18,0.10858875792319103,0.4761354699665471,1.2773008047482637
2024-07-19,0.18371646680970188,0.5568672128601645,1.3463036519437714
2024-07-22,0.24012981664735444,0.599255095201063,1.3742017446673997
2024-07-23,0.24972296640867525,0.6117975870728555,1.3785581237740128
2024-07-24,0.21796553033113925,0.6074982321112108,1.3870494758260261
2024-07-25,0.2221223620990783,0.6123036585568316,1.4072639073636022
2024-07-26,0.22008578018818717,0.6076751835389124,1.4184033399918061
2024-07-29,0.15658878656666456,0.5522717621479779,1.3829958154733946
2024-07-30,0.16424395120242102,0.5570261167049042,1.3666852477129903
2024-07-31,0.101659862565264,0.5062922135076745,1.3143181324249682
2024-08-01,-0.03131350820653971,0.39203934339450214,1.228811936541925
2024-08-02,0.012066085010291987,0.42540601673654976,1.2360531402276251
2024-08-05,0.06553780791855787,0.45851942352353187,1.256406200908305
2024-08-06,0.08120561650407429,0.4654718859894751,1.2575575291605834
2024-08-07,0.10778305348371109,0.5057819418706802,1.3026043273871915
2024-08-08,0.11894740898774159,0.5207162612550411,1.3103623111275091
2024-08-09,0.11635263507829044,0.5043127445664658,1.3052036601151777
2024-08-12,0.10744467668850646,0.49936815134851714,1.3174837180145305
2024-08-13,0.06952852084069375,0.4574174048977497,1.2766683809879014
2024-08-14,0.01981160512122963,0.4062771419265343,1.2256190081767573
2024-08-15,0.10034191452061911,0.4806580814479061,1.2760316784857024
2024-08-16,0.12489468379556727,0.4877634984348534,1.2691423585552755
2024-08-19,0.1592175190441383,0.5188416092074453,1.290436566682356
2024-08-20,0.1485378227541279,0.5059139304724041,1.278062828508483
2024-08-21,0.15677886679889813,0.5065233072838409,1.2724575862067935
2024-08-22,0.20131325436872557,0.5498124994587021,1.3146212668704294
2024-08-23,0.1631085819061466,0.5044380096766421,1.2644268488294788
2024-08-27,0.17385508048051218,0.5341195720961143,1.3070079819861027
2024-08-28,0.17682297000488803,0.5481716897022136,1.328201946923143
2024-08-29,0.20395896510868733,0.5850724045135709,1.361420293701908
2024-08-30,0.200084966546301,0.5766596404623956,1.3354745879506116
2024-09-02,0.2498872691419609,0.6272079075400732,1.3708857874683595
2024-09-03,0.2182234078663649,0.5840647604131881,1.3228982509823823
2024-09-04,0.1962878278531812,0.5575255561910277,1.2939330463439993
2024-09-05,0.17147291403543985,0.5338626100131377,1.2734322793784536
2024-09-06,0.14432105193004183,0.5167165008534077,1.274247912404725
2024-09-09,0.10426373181919464,0.4950375632055598,1.277693836596039
2024-09-10,0.11576700725775431,0.5001249225505029,1.289097930103142
2024-09-11,0.06317190044924584,0.4575263232520396,1.2696677557045464
2024-09-12,0.09763430125803188,0.4779678673091263,1.2717995346491469
2024-09-13,0.07754780657830347,0.45661599344781056,1.2421311133442923
2024-09-16,0.0634443634893058,0.4391388922428111,1.2245427087849419
2024-09-17,0.057154493309410026,0.42199882363402114,1.19728321405111
2024-09-18,0.017567136042711748,0.4199266240325751,1.2020005428827287
2024-09-19,0.0766312402005744,0.4790978467641832,1.2418565762692582
2024-09-20,0.11209774052058216,0.5145833163133156,1.2787014674048727
2024-09-23,0.10227807066491088,0.5167511306819468,1.2835356697588673
2024-09-24,0.08878695706145091,0.5098314660862469,1.2811073672448783
2024-09-25,0.12944931694120637,0.5573242546075601,1.3361023665885048
2024-09-26,0.14028306489398157,0.5755994174266676,1.3603352113441296
2024-09-27,0.15352448325456478,0.5816279080903051,1.3668672718463517
2024-09-30,0.1620936134166444,0.5871014596778376,1.3804653033156002
2024-10-01,0.08814958289695295,0.5058803858011851,1.3077953102092328
2024-10-02,0.146403243275841,0.5854698071775265,1.3843373298311572
2024-10-03,0.05926894618606907,0.5292565451476667,1.353080468169196
2024-10-04,0.11278871092442684,0.5801921133263597,1.3866960210946024
2024-10-07,0.1412370962212768,0.6070326175160814,1.4048117986731905
2024-10-08,0.21944278119389246,0.6707009216861362,1.4428135047136241
2024-10-09,0.23455455072149606,0.6739320648200888,1.4528831784228378
2024-10-10,0.2238038192747442,0.6794246955100756,1.456477896177687
2024-10-11,0.20898712089460386,0.6627482642094493,1.4280586735051655
2024-10-14,0.23038984860625183,0.6960966810339091,1.4586802414066893
2024-10-15,0.24195517210032333,0.6773666307296555,1.4017139286032716
2024-10-16,0.07904697586675227,0.5459131019691548,1.2951796354806124
2024-10-17,0.10148122271623361,0.5709552623994283,1.3174600195407657
2024-10-18,0.07905041988372696,0.5554466485603243,1.3151352923252375
2024-10-21,0.08485674499553117,0.5815711684314366,1.3704602686006124
2024-10-22,0.0717393743371529,0.5839982746921805,1.378237110463515
2024-10-23,0.12297851127744766,0.6387046954692421,1.41271790882588
2024-10-24,0.16740456247334567,0.6664592668148626,1.4250197790127996
2024-10-25,0.2038136384127048,0.6786772303120963,1.4052755359729756
2024-10-28,0.31139155816230013,0.7579570541404446,1.4510151135269318
2024-10-29,0.3548739054364105,0.7871283703220849,1.4524353038685098
2024-10-30,0.407001146655248,0.8224280091641196,1.4757090789742133
2024-10-31,0.4145041262355277,0.8396034865387977,1.5107036971818484
2024-11-01,0.4453757264860001,0.8709726967805838,1.5466897773027326
2024-11-04,0.4199157834782229,0.8481863344985436,1.553222675435592
2024-11-05,0.5104830861333196,0.9187545469019429,1.5907172235910243
2024-11-06,0.5159220981231061,0.9481385389110754,1.6431951780944067
2024-11-07,0.4515812693169611,0.9012113539651411,1.6131657258448522
2024-11-08,0.4267925042092896,0.8647074460980317,1.5880124494980168
2024-11-11,0.4170107746879836,0.8506058348933149,1.5492643973873743
2024-11-12,0.4932901714424047,0.8971787429741553,1.554085391279485
2024-11-13,0.5510239789770444,0.9544211526876556,1.57752247806043
2024-11-14,0.5251705850076247,0.9533736933552504,1.6096169977547707
2024-11-15,0.5197370006687277,0.9508171293349091,1.6143491733499724
2024-11-18,0.543042156269076,0.9575641625055834,1.5976912394912821
2024-11-19,0.5365535046855446,0.9304349265502229,1.5655548981566696
2024-11-20,0.5047275822442725,0.9337808717751003,1.6103289506886815
2024-11-21,0.45520556068438617,0.8988700639903922,1.6214650199133116
2024-11-22,0.40667451746685535,0.8574922082365758,1.5870431370421443
2024-11-25,0.36586464744776903,0.8149157312096668,1.5448014592901536
2024-11-26,0.3562255660044221,0.8190703228877639,1.581010603744134
2024-11-27,0.33478575276268113,0.7917683835561781,1.5639135213681583
2024-11-28,0.28148700381125524,0.7507674010067593,1.523064996766862
2024-11-29,0.2687923985280039,0.7543716472705888,1.5364045517723854
2024-12-02,0.23985819935692482,0.7281223634876002,1.5260356317733625
2024-12-03,0.25583548258502337,0.7438411481458429,1.5558204344511428
2024-12-04,0.28596233661470105,0.7707551515432745,1.5779313034843796
2024-12-05,0.3734730249626218,0.8329111069177376,1.6239748069646345
2024-12-06,0.40133008249485175,0.8512655665737702,1.6379101362227788
2024-12-09,0.4019354411751177,0.8589697900379127,1.663895076746067
2024-12-10,0.3753492431086795,0.8412370570491745,1.6586955020072274
2024-12-11,0.3522111113319224,0.8298220085989388,1.6462529762803193
2024-12-12,0.37906679565761175,0.8579326506570298,1.6748847049214184
2024-12-13,0.45534736342834076,0.9257592971110874,1.7313072455155905
2024-12-16,0.5511294997307739,1.0002785758562913,1.7666467357679854
2024-12-17,0.6687573990761813,1.0937071024760219,1.8115850699109781
2024-12-18,0.652925143498787,1.0980505080898195,1.7902720018720213
2024-12-19,0.6082145693054846,1.0923674812735626,1.8378264407279188
2024-12-20,0.5551648862154399,1.0369715121061582,1.790130519666907
2024-12-23,0.5892230837363079,1.0738855706111363,1.8364162246329359
2024-12-24,0.5980907837909736,1.0887455083580766,1.8544149500969431
2024-12-27,0.6327812392866925,1.126390227678268,1.8875177440561588
2024-12-30,0.6250094666882402,1.1281164742193257,1.8993484199966337
2024-12-31,0.5647144752331775,1.0868110930953878,1.8825479450523253
2025-01-02,0.5297314359413317,1.0664192123067253,1.874860614757724
2025-01-03,0.5359683600016661,1.0798541443237866,1.884752030572019
2025-01-06,0.5663587277712329,1.1200038866764204,1.9235146082544878
2025-01-07,0.6020801546944815,1.168520751321393,1.9708666737664489
2025-01-08,0.617391392733347,1.2321852460733391,2.061833434644772
2025-01-09,0.61927584565538,1.2403633141548893,2.08408289783485
2025-01-10,0.6167177439810471,1.2510653422279279,2.1057192259257365
2025-01-13,0.6043522808540345,1.2570615331229706,2.143282122526672
2025-01-14,0.642842675724152,1.287396426300355,2.1628168073299525
2025-01-15,0.4525092632945752,1.0876760895241007,1.978479740601392
2025-01-16,0.38541295783691587,1.0251332394101813,1.8955520336475564
2025-01-17,0.40041681670911855,1.029508706734016,1.8828728361893274
2025-01-20,0.44558027640506853,1.0747675672918475,1.9050821998001077
2025-01-21,0.4246081594478464,1.0468792918547376,1.8791575197357386
2025-01-22,0.4104375568755224,1.0299187449682552,1.8476774349125313
2025-01-23,0.39515619287797843,1.0341357882362887,1.8678848643185646
2025-01-24,0.4110692546519437,1.046357832134556,1.8985596398598148
2025-01-27,0.38316647657319736,1.0186305768982697,1.869976925433482
2025-01-28,0.39542850465225976,1.0385108312659068,1.8994380846530106
2025-01-29,0.3731807786887229,1.0193911628692605,1.8757911192077685
2025-01-30,0.3282421253632813,0.9828405330519754,1.851293666562579
2025-01-31,0.2926510472062359,0.9615770042270221,1.854322222771402
2025-02-03,0.22866822273198656,0.9145832991223207,1.8369011981007666
2025-02-04,0.2782712847035782,0.9604047104881042,1.8802495939719017
2025-02-05,0.23368381045981473,0.8873450647220915,1.7825832169558213
2025-02-06,0.2462714178773707,0.9060298038691613,1.7994758495475311
2025-02-07,0.31441361602692164,0.9598060697513031,1.826004815108695
2025-02-10,0.2699901228266202,0.9312877596402984,1.8290757076882642
2025-02-11,0.3148086494130036,0.967700520609118,1.8473505089335958
2025-02-12,0.384132896535409,1.0270335002331803,1.8852802574067025
2025-02-13,0.3869094777648799,0.9877558210635529,1.8278385735709575
2025-02-14,0.41603217904264733,1.0058308665762623,1.8437398511924163
2025-02-17,0.44869148237529205,1.0496740337837263,1.890845127160182
2025-02-18,0.47480114727665573,1.07613914785703,1.9203798009423934
2025-02-19,0.45798904219583736,1.093441548362367,1.950645932993342
2025-02-20,0.47217668476158153,1.1094487343895745,1.968837312262875
2025-02-21,0.45546397484793283,1.08339525284372,1.9281758058300231
2025-02-24,0.4458322225558928,1.0669219889202806,1.913493405489769
2025-02-25,0.4307675383181155,1.044835230375361,1.8885113789727703
2025-02-26,0.4544344565279129,1.057971305371621,1.89273441767135
2025-02-27,0.42123773070345605,1.0494131390040722,1.910868871742191
2025-02-28,0.44451736561872657,1.0534173227430974,1.9054791693387239
2025-03-03,0.4796457084349962,1.107979749888422,1.9679566693628638
2025-03-04,0.4346534312187068,1.0648040620441717,1.928863076688156
2025-03-05,0.5539447230189081,1.1938004183295001,2.028038862111714
2025-03-06,0.5954287577911006,1.2118466876988978,2.021276941964535
2025-03-07,0.5490937050765912,1.16934330260769,1.9939038276505536
2025-03-10,0.5373243548860469,1.1586464565042462,1.9858587552449098
2025-03-11,0.5714386478931948,1.220815168099224,2.0683924012887314
2025-03-12,0.6432703705725953,1.2872293697327968,2.114975120146296
2025-03-13,0.594278626563782,1.231757227375976,2.0578040365747032
2025-03-14,0.5802794378171263,1.2169893939152439,2.0396094715278035
2025-03-17,0.582144393218033,1.1985758648810738,1.9994736787712575
2025-03-18,0.5952174221608292,1.2124809258633518,2.0090698909835285
2025-03-19,0.5636600411071621,1.1914328385044968,1.9984475504101729
2025-03-20,0.5584286445646756,1.195402736196048,2.0079963125240847
2025-03-21,0.5905302789044801,1.2593048139987988,2.09148248472825
2025-03-24,0.6023559653256375,1.2711072357133595,2.1054791429868756
2025-03-25,0.6015077794542119,1.277484095257771,2.1258230320853007
2025-03-26,0.5344653090911287,1.2323096732111043,2.06157222123748
2025-03-27,0.5409037372403063,1.2798860861217558,2.10521738930367
2025-03-28,0.4981211445579782,1.2301898975336552,2.0634532936293524
2025-03-31,0.47894868028951443,1.2131048635534145,2.0599297297341903
2025-04-01,0.4460921717954808,1.1779217306111704,2.0394465446665517
2025-04-02,0.48745710763241856,1.2044924708033982,2.043508345676377
2025-04-03,0.43599447704202676,1.157427695926245,2.028473422368901
2025-04-04,0.48217935043083493,1.1614023349518763,2.003785814244113
2025-04-07,0.5746388960109158,1.2993236352958415,2.1739975030748817
2025-04-08,0.5807822732554416,1.3155279971239975,2.209651113098425
2025-04-09,0.7007570408865519,1.4604814421589585,2.357266310684522
2025-04-10,0.6307998493172395,1.3757185546694062,2.2453852416225306
2025-04-11,0.844684203933185,1.5441700175986695,2.357161447867281
2025-04-14,0.7831686067192998,1.4795662846728042,2.2804774722592294
2025-04-15,0.7273046785845579,1.4594012391476752,2.3338967735049843
2025-04-16,0.611535457197359,1.368751829500244,2.237022608173174
2025-04-17,0.5114894363028593,1.2742805610857817,2.1633243087622467
2025-04-22,0.46556210647128404,1.2602950973753597,2.2422638783016406
2025-04-23,0.5164449101108854,1.272370604831234,2.2183303721029404
2025-04-24,0.4449796122434627,1.1992814739578206,2.131884028244971
2025-04-25,0.42198062287308485,1.1735882398694022,2.1078053285148384
2025-04-28,0.43619440595117515,1.1933104512789061,2.1591819340969853
2025-04-29,0.4488920449095183,1.1940523745905396,2.150468085854173
2025-04-30,0.4458329796138719,1.1919013490195511,2.1460898227251772
2025-05-01,0.44874805348467184,1.1990418004548167,2.1583232942266464
2025-05-02,0.47068935619796176,1.2197169312976919,2.200059437135652
2025-05-06,0.49463698212985896,1.2633601108537014,2.2434106521834685
2025-05-07,0.47581689028850116,1.2267812379722667,2.1821056205201232
2025-05-08,0.574913329521237,1.311267088072342,2.2345574242771673
2025-05-09,0.6191516969201138,1.360119919591024,2.288995316563407
2025-05-12,0.6527833346413747,1.395242073214305,2.312020657732015
2025-05-13,0.6236297335179378,1.3861748398585205,2.320509519319528
2025-05-14,0.6801966153132155,1.443105304823814,2.3618908035242767
2025-05-15,0.6659006140766274,1.4156534897158208,2.326345493769531
2025-05-16,0.669315034106334,1.4057972238113707,2.3023964518357567
2025-05-19,0.6856496610621108,1.4265627759310728,2.341014393413091
2025-05-20,0.6935308393684025,1.4488496193423235,2.373052622068405
2025-05-21,0.6798067272959784,1.4635315783793597,2.401769400214969
2025-05-22,0.6702797282020765,1.4664083110998705,2.4338173400333534
2025-05-23,0.6417924997198676,1.4254061633130841,2.388047355636558
2025-05-27,0.6250203870478832,1.3987020469991596,2.334716525200475
2025-05-28,0.6721082434232032,1.4547379976094366,2.3569676774149215
2025-05-29,0.6668195302187618,1.4372113715341812,2.3016568567086386
2025-05-30,0.7465194905622391,1.4719957087032394,2.270430380791005
2025-06-02,0.6938558794680643,1.4255325971112445,2.2202002031843335
2025-06-03,0.6975686565052361,1.4142030018539693,2.184149551818857
2025-06-04,0.7229643131236634,1.4307411210923748,2.1853088789187156
2025-06-05,0.7164447090657358,1.4177663705584538,2.1825813252964528
2025-06-06,0.757967976287367,1.446356609126902,2.1966718384697406
2025-06-09,0.7660788966427645,1.4503221090310396,2.207726336469915
2025-06-10,0.7391387665435782,1.4079655126376438,2.177816250635162
2025-06-11,0.7059190631209622,1.3845719877065177,2.180043875676685
2025-06-12,0.642924276266318,1.3175348712848933,2.099490738656259
2025-06-13,0.7055510816036523,1.3860214219465774,2.1487315941132406
2025-06-16,0.6880309359578834,1.364868753961645,2.1107389865119712
2025-06-17,0.6737856613367915,1.3585570217240643,2.1223753477815857
2025-06-18,0.5586011361528251,1.2888345767160971,2.079466402076015
2025-06-19,0.5431694276556961,1.2851067219972467,2.0774594157979984
2025-06-20,0.6225956349449484,1.3254378265538753,2.0703684178598274
2025-06-23,0.5911214169755848,1.284431394841489,2.0118743713722496
2025-06-24,0.6562929493944836,1.3140798752641814,2.0306146344034874
2025-06-25,0.679963354085159,1.3435284666357865,2.079304272460127
2025-06-26,0.6956512302018758,1.3568338891547398,2.110229676084018
2025-06-27,0.765080087871959,1.4070153224287507,2.148923586557562
2025-06-30,0.7990085162576271,1.4341093183790592,2.1736238474787837
2025-07-01,0.7679662818749381,1.3952820766930623,2.1444527019303763
2025-07-02,0.8261085653028719,1.487389433682853,2.2801454470389553
2025-07-03,0.8071997991528645,1.4559519583845704,2.2514490383453345
2025-07-04,0.8590945507238121,1.488313854612949,2.263910970998416
2025-07-07,0.8961295231247772,1.5187521492028955,2.3114708829758306
2025-07-08,0.9301860342469743,1.5663427016681948,2.3813460093333396
2025-07-09,0.9204539759268625,1.546615817284342,2.3347243066006746
2025-07-10,0.9035060567449872,1.5336592909602804,2.3209374228819883
2025-07-11,0.9083382427442643,1.538650420097798,2.3201887141538324
2025-07-14,0.8484318118860449,1.500250209749635,2.313922785302409
2025-07-15,0.8723039357722309,1.5237124061749485,2.3438659384902647
2025-07-16,0.8214574362867932,1.5000034948304886,2.3143012162274625
2025-07-17,0.8558252568273564,1.5280755237963497,2.3306002746745866
2025-07-18,0.8918045410926885,1.5600984558730977,2.36389769265749
2025-07-21,0.8751935167196404,1.511964085195654,2.2976921147147538
2025-07-22,0.8393829442838223,1.487226988347491,2.2767324324942564
2025-07-23,0.854375694311788,1.5204499426367635,2.325529015827028
2025-07-24,0.8364933923721433,1.516504729182896,2.3348948448259708
2025-07-25,0.8523058879871357,1.5315088902723744,2.3437845273095586
2025-07-28,0.8469512598547817,1.5272872680723837,2.3422997303292252
2025-07-29,0.8063353944940209,1.4943072991824413,2.315962948980736
2025-07-30,0.7844795449112311,1.4785864787482483,2.3026434937498723
2025-07-31,0.7301415504094452,1.437872857240476,2.263413039410928
2025-08-01,0.743131564961167,1.4317307013999578,2.255993886740887
2025-08-04,0.7469032873508927,1.4178119534303264,2.2280800558251834
2025-08-05,0.7697451575048244,1.4285254268513163,2.2473324508361046
2025-08-06,0.7827189814217228,1.4423051077975535,2.2766377699142932
2025-08-07,0.8720963699520535,1.4924839039378457,2.281233004533746
2025-08-08,0.9095967565796552,1.5378725567757605,2.347433542865338
2025-08-11,0.8800127383276599,1.5059652366575933,2.309477213063276
2025-08-12,0.9233338995717464,1.556421324809796,2.3632526233129796
2025-08-13,0.9299316666649963,1.5611716290143387,2.3587164759940014
2025-08-14,0.9724110174599063,1.6082139524745895,2.4222450931744954
2025-08-15,1.0264939424301418,1.6697925796594149,2.491957814032689
2025-08-18,1.0964684582907767,1.742343338776795,2.574240350871111
2025-08-19,1.0621878722903788,1.7169949493139351,2.5659449684664946
2025-08-20,0.9373967252148526,1.6365477842357912,2.5120137425489393
2025-08-21,0.9455593164058861,1.6507100814769093,2.526265630026009
2025-08-22,0.9189111322556712,1.6240503613859096,2.5048585799796586
2025-08-26,0.9293494462916225,1.654773107923169,2.5574085557102153
2025-08-27,0.9268891915670056,1.6514363135560004,2.5576832269740235
2025-08-28,0.8980905173893616,1.620908069876506,2.5291326576064805
2025-08-29,0.9103674796672842,1.63538697350252,2.522610116191622
2025-09-01,0.9414949693516792,1.6763891159781736,2.5702584371777633
2025-09-02,0.951000978331181,1.7199486257098275,2.6293644890830796
2025-09-03,0.9224787858416382,1.6784964861634097,2.5609530752941434
2025-09-04,0.9014069540789755,1.6524357160984742,2.5109010792801856
2025-09-05,0.860169819116825,1.5950868914480203,2.4410436834729126
2025-09-08,0.8302004997497952,1.5627006532916743,2.4067542942309883
2025-09-09,0.8614146384782769,1.5863272733591098,2.4232003155692676
2025-09-10,0.8794257828476978,1.5882752879441664,2.419755691287165
2025-09-11,0.9182117339449867,1.5992600355898738,2.3736388928064427
2025-09-12,0.937243588515779,1.6290036122259834,2.409429763213786
2025-09-15,0.9459785611460847,1.6257602126414443,2.4083504085210357
2025-09-16,0.950536034932395,1.6297106500848464,2.3961309360151675
2025-09-17,0.8549040299085722,1.5725257401598816,2.354045450201832
2025-09-18,0.8755225725297253,1.6050507017923714,2.4004987295731
2025-09-19,0.9274240538212986,1.6552380706145893,2.451986268161828
2025-09-22,0.9366543512032081,1.658600288260343,2.4389709017758463
2025-09-23,0.931591408672482,1.6424711444890754,2.3805961782704683
2025-09-24,0.900976147313003,1.6121109546711594,2.3694105759767843
2025-09-25,0.9573916164439689,1.6747366395990233,2.42541308162084
2025-09-26,0.9551564260207677,1.6717882379356954,2.429168405129337
2025-09-29,0.9477109863993205,1.6490740227990475,2.394175827399165
2025-09-30,0.9679983192134853,1.657064454831279,2.387764386601782
2025-10-01,0.9672053858883505,1.6629641542807672,2.4028732810073063
2025-10-02,0.9895484029512607,1.6781414173710416,2.4069891582462666
2025-10-03,0.9866010286274077,1.6706378156858133,2.3987070940114585
2025-10-06,1.0035776233361917,1.6958881948294582,2.4229630532536137
2025-10-07,1.0155015864798798,1.6993639304922978,2.4205050807738013
2025-10-08,1.0148755249349577,1.6832484311368312,2.3842456521829596
2025-10-09,1.0462763401791697,1.7203280375070715,2.4167319023791602
2025-10-10,1.001378315570823,1.6546190953171203,2.332828792591994
2025-10-13,0.9933672235561462,1.6482744429606484,2.332066356371498
2025-10-14,0.9505490081735303,1.5975188099326962,2.272337508639206
2025-10-15,0.938853758899065,1.574004257090785,2.223306472262882
2025-10-16,0.9131417231399619,1.550927880692408,2.187556091791998
2025-10-17,0.9670697222731581,1.5978836103026477,2.219766470603065
2025-10-20,0.987113198396297,1.6063253061354152,2.1998511328164643
2025-10-21,0.9883690540301515,1.5910202359565284,2.176753127925304
2025-10-22,0.8729274951790547,1.5074489149400783,2.1230954320310205
2025-10-23,0.8619155264202281,1.5083049522596026,2.136147639361878
2025-10-24,0.9182634050386589,1.5444744748113934,2.1192823377667533
2025-10-27,0.9314723430211028,1.5500734085512697,2.1086692662215416
2025-10-28,0.9167485679438296,1.540869312943371,2.091497711076062
2025-10-29,0.9349575376149988,1.5503036325715231,2.083927345087611
2025-10-30,0.952547243511696,1.5568954433855047,2.0673271521944576
2025-10-31,0.9423343695090768,1.5583512870862417,2.073632880505051
2025-11-03,0.9668190185889898,1.5870640379919418,2.106507329477394
2025-11-04,0.9560533789136292,1.5643834097755038,2.0922479608615903
2025-11-05,1.0178038964813465,1.6265897872504778,2.1767991370709927
2025-11-06,1.0233011750318266,1.620883661385821,2.154242679908007
2025-11-07,1.040978130441508,1.6413174134233395,2.178603139048154
2025-11-10,1.0006295805135546,1.6040217618787445,2.1669942940910167
2025-11-11,0.9375226779731586,1.5356708105331476,2.116429302385835
2025-11-12,0.9647072925693934,1.5611109453438916,2.146721092037965
2025-11-13,0.9827624608210457,1.5781577413362857,2.1714544849996265
2025-11-14,1.0331203825827602,1.6630761009150183,2.3114229235478705
2025-11-17,1.0349554419695084,1.6592514602143642,2.2903513009427665
2025-11-18,1.0462837447911844,1.6647796053153017,2.307318786695823
2025-11-19,1.011923413544699,1.6773343126543778,2.364827111029302
2025-11-20,1.0026018265325602,1.6648390939741584,2.3374615370569574
2025-11-21,1.0064398637830618,1.6543817543794888,2.303500721805606
2025-11-24,1.0444697252692472,1.683417273515405,2.3222801534327413
2025-11-25,0.9960762313127198,1.63766289871167,2.2809220362328952
2025-11-26,0.9445990602109189,1.5731504207531128,2.171507477506383
2025-11-27,0.936865295161339,1.5615383638158218,2.130951052916301
2025-11-28,0.906173687743211,1.5495081005427667,2.1475431046202487
2025-12-01,0.9414649109883527,1.587629676609116,2.1867663535390025
2025-12-02,0.9306903205280752,1.5776917784323603,2.1705259819191074
2025-12-03,0.8884665229531672,1.526397261269,2.0987503214421848
2025-12-04,0.8573657402109482,1.492684444045587,2.0332456744560803
2025-12-05,0.9302659910639788,1.5519092930109923,2.0768640149055964
2025-12-08,1.0079713089594793,1.6114777444253718,2.1021689377012085
2025-12-09,0.9628076985990142,1.5651261573893056,2.0495818124829506
2025-12-10,1.0006757994899973,1.5921487518655815,2.07255124979338
2025-12-11,0.9621217806731293,1.5392733954522764,2.028579767461781
2025-12-12,1.004625540079625,1.5994597379794873,2.1174436308787694
2025-12-15,0.9834212004996001,1.5745954209552475,2.099456903404225
2025-12-16,0.9991572141103552,1.5968960731537019,2.120526902596151
2025-12-17,0.9083346897637371,1.5386363380873864,2.068423789497248
2025-12-18,0.9462284357512344,1.555915742868842,2.0575415256334875
2025-12-19,0.9905566284971314,1.5948601214100218,2.0864375839771396
2025-12-22,1.0089979106151374,1.6209004841208259,2.122758316536787
2025-12-23,1.0032132045155884,1.604962656146726,2.0967542971584954
2025-12-24,1.0323859782260447,1.6250881715862324,2.1042257377896196
2025-12-29,1.0292530692676718,1.6155432175301467,2.0822410461901226
2025-12-30,1.032964920512525,1.622417498093424,2.0902885349079527
2025-12-31,1.025875879493677,1.6165415819935922,2.0836134973168514
2026-01-02,1.0878836763729542,1.6770240712350801,2.142610803600326
2026-01-05,1.0942667372932968,1.6751908223975467,2.148223438960627
2026-01-06,1.0422463145897969,1.6454623851788728,2.139286433047495
2026-01-07,0.9585033210845113,1.5525316816954076,2.0547706006799986
2026-01-08,0.9361644015449164,1.5334314009268373,2.05018796440751
2026-01-09,0.8768800694744998,1.4816569974820104,2.0072432753471805
2026-01-12,0.8775524947175928,1.4848949782849976,2.008673182808745
2026-01-13,0.8700157987132945,1.4921805710069356,2.022444442698279
2026-01-14,0.8184234090329436,1.4452509435398462,1.982564586684223
2026-01-15,0.847917897357152,1.4673620596121801,1.998979762900198
2026-01-16,0.8233970999054998,1.458107655423976,2.00525840652406
2026-01-19,0.817518127889962,1.4552882303395984,2.0061974863772893
2026-01-20,0.8121309451167965,1.4705763773799991,2.04730948664469
2026-01-21,0.7612542941504963,1.4402606652167784,2.0299031569554087
2026-01-22,0.7809931325098692,1.461564413017885,2.0375829824227973
2026-01-23,0.7786937550080242,1.459615556516726,2.040512220786622
2026-01-26,0.7874858055869407,1.4628041573354869,2.033398812844351
2026-01-27,0.758256009598593,1.447166089936625,2.038759419748931
2026-01-28,0.7721774442492759,1.4633554097935664,2.056814347405821
2026-01-29,0.7536901503255643,1.4578609534491935,2.067022319088503
2026-01-30,0.7596531045564283,1.4649877856055415,2.077655590041956
2026-02-02,0.7942191426160944,1.4783723278014957,2.079483927464199
2026-02-03,0.8264884246752127,1.5001889409349822,2.0931548941246962
2026-02-04,0.8431527252579892,1.5240773494537971,2.129096784127819
2026-02-05,0.8414604560261442,1.5471212823928409,2.1711138277026643
2026-02-06,0.8394520750838387,1.5330455527765339,2.1556251255516314
2026-02-09,0.862656955030786,1.55352880157562,2.1590135111477617
2026-02-10,0.8536429725459559,1.5347654330149783,2.134906769928065
2026-02-11,0.8336538259957644,1.5192761379845054,2.1215416929140654
2026-02-12,0.8157308928366087,1.497775267785141,2.0924721003769164
2026-02-13,0.8073139248557905,1.4701692166295115,2.049619089384808
2026-02-16,0.8089048506941351,1.4643063860416847,2.037545158115752
2026-02-17,0.8069078298888366,1.4472454886889152,2.0099860439499952
2026-02-18,0.723531703169793,1.4056988278000027,1.988158196700902
2026-02-19,0.6801232103264742,1.3805875765218396,1.9889305012086251
2026-02-20,0.6847242274633869,1.3714566680121065,1.9728375058669292
2026-02-23,0.6619901913949752,1.3426476551671647,1.9484054760125018
2026-02-24,0.6838167480185159,1.3481674507734867,1.9486869089001606
2026-02-25,0.6935170770698338,1.3546426045978583,1.960033302597655
2026-02-26,0.6466937605446879,1.3128852465613712,1.9122725164155954
2026-02-27,0.5845332788628784,1.2592666434716748,1.858749951031198
2026-03-02,0.5437062431651984,1.2577487499890678,1.8901485039870614
2026-03-03,0.5732215912148055,1.3289896758866087,1.9746063196988268
2026-03-04,0.5892598684142659,1.301209883308133,1.9360030742275787
2026-03-05,0.6517187041607249,1.3690442872676836,1.99348031709021
2026-03-06,0.651799335453714,1.4131246045312522,2.061475123746578
2026-03-09,0.5611023658514316,1.3351941732000083,1.9880412597179644
2026-03-10,0.5972604743070447,1.3405574431153657,1.9797354246005656
2026-03-11,0.6291857674586485,1.3970054994987768,2.0575750865878595
2026-03-12,0.5445538681951227,1.3841978014540235,2.1042772173392947
2026-03-13,0.6055365791294436,1.4604267134888635,2.1737755476291967
2026-03-16,0.589731329796891,1.4384903611355164,2.142410187217963
2026-03-17,0.4944653782546191,1.350258267827048,2.0686720689367317
2026-03-18,0.4578402739472967,1.3415545306109922,2.0740629122262124
2026-03-19,0.5661647097955964,1.4106572510943152,2.094225093477229
2026-03-20,0.7078976170741876,1.5409657000095938,2.2152954606801445
2026-03-23,0.7033266461680265,1.5297993218171275,2.2020078454071856
2026-03-24,0.7067762420618847,1.5342976188933817,2.1855662093857418
2026-03-25,0.6229645307796094,1.45170946875575,2.086543984402306
2026-03-26,0.6491819581458724,1.516866476194302,2.1833938090595706
2026-03-27,0.6219569686573756,1.533776302615949,2.232363570786204
2026-03-30,0.550710077813328,1.470483940831838,2.1838335623703378
2026-03-31,0.5012790713903047,1.4171371353161277,2.1418097012630315
