0,uk_inf_5yr,uk_inf_10yr,uk_inf_30yr
2016-01-04,2.2941638091759877,2.6581720900065036,3.417340769278268
2016-01-05,2.3040582415023607,2.670180190657928,3.4177897526056817
2016-01-06,2.283188937670087,2.64204588614775,3.3870941799948246
2016-01-07,2.287991591001691,2.6640171464032347,3.4228980585238507
2016-01-08,2.2845297243932863,2.6573464521077854,3.4009117258957864
2016-01-11,2.293236475899861,2.6690714948998115,3.4325393294615276
2016-01-12,2.2688363990345524,2.652928357510299,3.4407224494802966
2016-01-13,2.2646967120730634,2.6502938031314685,3.4365336893125322
2016-01-14,2.2344481986148708,2.6214297350780895,3.4116056712539646
2016-01-15,2.188537651309021,2.578082833654368,3.3811887817693878
2016-01-18,2.1872591961191477,2.582723613903302,3.409063331208224
2016-01-19,2.232030990534278,2.6013654144162928,3.400990457471417
2016-01-20,2.1956636619144794,2.56221020558435,3.3685226647992854
2016-01-21,2.2235096829222663,2.596045960281802,3.391458522519158
2016-01-22,2.2953283875298123,2.6549675721224566,3.4139867182608956
2016-01-25,2.2918616164408556,2.6484767823854756,3.398872925433047
2016-01-26,2.295029324114834,2.6507074205162464,3.391049390135871
2016-01-27,2.2896991422106368,2.6534471690130634,3.393820537587975
2016-01-28,2.288849315813275,2.648978717279819,3.3835079046831993
2016-01-29,2.248480065315191,2.605726364691468,3.3507303092038856
2016-02-01,2.2428961809022683,2.604622942582038,3.3671133609765866
2016-02-02,2.191076879448247,2.552719762828792,3.3515928514545434
2016-02-03,2.1814524649192726,2.544604904870654,3.3469138726507333
2016-02-04,2.2217046716510875,2.5866113632565724,3.372877682813919
2016-02-05,2.2337687915298456,2.6008501310214305,3.3893143741505236
2016-02-08,2.167398898385782,2.5241048647618554,3.326440673840194
2016-02-09,2.125308964032293,2.4949114132053047,3.3092892229463606
2016-02-10,2.104715284360529,2.4792035007665425,3.3101736426549984
2016-02-11,2.025132809469836,2.4158448546747557,3.2791443870582526
2016-02-12,2.0427219936119667,2.4437794672364896,3.3054418174910403
2016-02-15,2.0751914886215057,2.473441188702932,3.329678940858724
2016-02-16,2.0709543650990767,2.4723361617001567,3.3282155482804066
2016-02-17,2.0770566744180536,2.491711020417473,3.344880644358433
2016-02-18,2.055282221118114,2.4626335065926126,3.302706821865322
2016-02-19,2.0117771169877963,2.420172050778933,3.268633320346985
2016-02-22,2.0086458089125467,2.416240476522331,3.264448741795017
2016-02-23,2.0199946602297443,2.4368947373286174,3.2793565957084887
2016-02-24,1.9693201053465808,2.3900173045956588,3.2537568761083184
2016-02-25,1.9786558044844837,2.4024342219134,3.2663624743480515
2016-02-26,2.0112694744172357,2.4458022239207176,3.304096935050228
2016-02-29,1.9849374045344212,2.418409586114196,3.282962553555901
2016-03-01,2.0063162015657268,2.4428520397087974,3.296468076869096
2016-03-02,2.056558207417628,2.48419691620438,3.309837248229415
2016-03-03,2.0974039653614085,2.502382594724484,3.2984000763251493
2016-03-04,2.1842849902676686,2.570267614044905,3.322265468329351
2016-03-07,2.1986289204545093,2.576472540534181,3.335953403761156
2016-03-08,2.150899277680409,2.521490753964012,3.2869152769727807
2016-03-09,2.202638009803287,2.5700568842024585,3.323938140048636
2016-03-10,2.2727796237319873,2.6358015944733424,3.370275673893592
2016-03-11,2.315565781402246,2.6667476690006557,3.3831489462175064
2016-03-14,2.3326059309287697,2.663979765721712,3.351215932485929
2016-03-15,2.2906114401552276,2.6348965475154227,3.335466538784249
2016-03-16,2.2879845795129774,2.628644085776674,3.3316809834222108
2016-03-17,2.3116315481004,2.640160657289507,3.340539521534784
2016-03-18,2.322974839129186,2.6528567065891355,3.348831647070418
2016-03-21,2.2908740697520917,2.629441346903419,3.350591237932103
2016-03-22,2.3235373823349517,2.644176755549786,3.3629453234631788
2016-03-23,2.3248714848240644,2.639113465159233,3.356517084115278
2016-03-24,2.3336742011030047,2.6293151740077363,3.340353604169267
2016-03-29,2.313569681566357,2.5981731788642826,3.3138558221208143
2016-03-30,2.3326315822510133,2.6232933850620626,3.3357660796377493
2016-03-31,2.319152785096108,2.6181278509766024,3.314701434956212
2016-04-01,2.310761401531705,2.6230208239228476,3.3208020531262883
2016-04-04,2.3118768537015333,2.6312270825808506,3.3291832586275634
2016-04-05,2.27700631828511,2.5910322370771284,3.299007187135099
2016-04-06,2.2891300662131115,2.6011921701242757,3.29298578135441
2016-04-07,2.3098035630708087,2.6053241682339148,3.27088848900934
2016-04-08,2.3488805661101515,2.6358463158143834,3.2882862026497435
2016-04-11,2.3783033364132384,2.6557757191626417,3.302390468476517
2016-04-12,2.447567081377232,2.6894487665566262,3.3127671401681287
2016-04-13,2.452993442314565,2.6902328271535567,3.3188310961937812
2016-04-14,2.4153973193722043,2.660772994731339,3.303020009296733
2016-04-15,2.3876349034293116,2.632576223587603,3.2859038462645573
2016-04-18,2.3776561461090955,2.6336238126234255,3.30510035775103
2016-04-19,2.40574922660786,2.661453960142936,3.31175324764161
2016-04-20,2.3752898902920667,2.630664757991773,3.280503465123992
2016-04-21,2.4216512640555266,2.6824515621636937,3.3077672414850885
2016-04-22,2.4451890648781087,2.7012407161851026,3.3118694265439172
2016-04-25,2.426585136947711,2.680414619140782,3.2968557241658942
2016-04-26,2.415442041965647,2.670294180679398,3.308779461133109
2016-04-27,2.3828474002539415,2.6401315458177845,3.2849646122236926
2016-04-28,2.3535442818645733,2.6243668072486326,3.281691471389958
2016-04-29,2.3514235920131172,2.6401886829980383,3.2972930513233827
2016-05-03,2.2965765512133185,2.581406893503879,3.2576033551949157
2016-05-04,2.2757531222346623,2.574377596740294,3.247570326674965
2016-05-05,2.260493560915189,2.5559796890011612,3.233802059573229
2016-05-06,2.2359601401169975,2.5326593511899382,3.2196179844474386
2016-05-09,2.2151403158454035,2.51423067727639,3.2123823903786555
2016-05-10,2.2011620445543354,2.5039159485724367,3.208128203994554
2016-05-11,2.19217064847584,2.4934516794276913,3.21092129196803
2016-05-12,2.2284836166723,2.5146055979061317,3.214720926016806
2016-05-13,2.2222362006283416,2.507684053517967,3.196095409490888
2016-05-16,2.2304141245641276,2.514427983875883,3.1956885580054646
2016-05-17,2.2547148856648542,2.5134482347715306,3.194647611425761
2016-05-18,2.301957142024806,2.5671290897500416,3.255588532585808
2016-05-19,2.274215709653063,2.5423633396598406,3.242139759385495
2016-05-20,2.2760716586310377,2.552079332437452,3.2608371849293425
2016-05-23,2.263874170683901,2.5451109650489068,3.2598733754740223
2016-05-24,2.28045313830328,2.561152272489583,3.2672678261959405
2016-05-25,2.307820055532457,2.5789033989144823,3.2620793569128557
2016-05-26,2.302578102011058,2.569491775988522,3.234655342193456
2016-05-27,2.296310262972271,2.564475473732884,3.213523220915547
2016-05-31,2.289643495487705,2.5590953405762082,3.187751306482685
2016-06-01,2.2320744409235207,2.5042693438519024,3.1401287267519233
2016-06-02,2.2282450543729877,2.4919444772594246,3.1191159381707365
2016-06-03,2.244393339936011,2.4974765853741276,3.100706510786698
2016-06-06,2.2824576323066936,2.535462593589949,3.1254040682340594
2016-06-07,2.2469955990723793,2.4932902599651827,3.108691773985206
2016-06-08,2.24987076668385,2.490900637640366,3.1109659769405944
2016-06-09,2.2229169462437754,2.4627296714406386,3.077397237142427
2016-06-10,2.1764718815456057,2.435787335110933,3.0730036736351365
2016-06-13,2.1221848742566443,2.39864690158093,3.068646507660889
2016-06-14,2.1297127671403806,2.391534741597252,3.0624227448458115
2016-06-15,2.1561620912690183,2.4049130641245045,3.064642902636851
2016-06-16,2.1924846841616157,2.4362685813297205,3.094210857203974
2016-06-17,2.2384081023579765,2.4733392498969504,3.133154439406189
2016-06-20,2.2701181675787874,2.5100392817915025,3.1761310762178834
2016-06-21,2.267193387673883,2.513703367067936,3.179603177795937
2016-06-22,2.246241455369859,2.5053072209678113,3.194076320448871
2016-06-23,2.2576955511164165,2.5276457335438796,3.2170787196274557
2016-06-24,2.2789147966118435,2.5261995152542913,3.182375425388205
2016-06-27,2.3859050553705625,2.5854998596966743,3.140973177849893
2016-06-28,2.4554579052632337,2.625281560008172,3.1548997547339015
2016-06-29,2.4674844529312763,2.6223032618686273,3.128290599177423
2016-06-30,2.404815791686499,2.5861010683261787,3.121198462192104
2016-07-01,2.417843136794664,2.57307868590065,3.0793779578406735
2016-07-04,2.3781205321290786,2.53575333652131,3.070710039345319
2016-07-05,2.3885074328871645,2.52372982763205,3.0359814235845306
2016-07-06,2.478114463387629,2.565234652287334,3.054621565433587
2016-07-07,2.549230042786101,2.6147888270101243,3.110426409742466
2016-07-08,2.497284819987428,2.580074677388424,3.0853347320033406
2016-07-11,2.496683399223024,2.5683434907346996,3.0797820050436915
2016-07-12,2.4601858912571024,2.544023016278763,3.0755413464475754
2016-07-13,2.420526164321122,2.523536824725899,3.053714099793445
2016-07-14,2.4378734390006493,2.5472253928586963,3.066546851640939
2016-07-15,2.4355006635850445,2.5524196168820272,3.072282165129133
2016-07-18,2.4259781803928115,2.540232593972868,3.0608460366966748
2016-07-19,2.47360390054244,2.567108555111724,3.0672344897539334
2016-07-20,2.4468529831079047,2.5424163145381806,3.0597468336405065
2016-07-21,2.441542058336861,2.545981140251366,3.082753210578442
2016-07-22,2.401232689565981,2.5176733776181752,3.0585633374244425
2016-07-25,2.40285307787282,2.5170368362748516,3.0492920262923127
2016-07-26,2.4701217124447656,2.551245190629899,3.020390932187256
2016-07-27,2.4598610298528674,2.536795507172828,2.9938941272766666
2016-07-28,2.448489522559072,2.522121558924624,3.001565888307254
2016-07-29,2.4276986513182592,2.5152504980433017,3.005785201429627
2016-08-01,2.4418158580667244,2.532556867438826,3.011166052368405
2016-08-02,2.458125243256883,2.56042162420371,3.021233814550295
2016-08-03,2.452751922083425,2.5626002374407797,3.022309123447612
2016-08-04,2.462726347823688,2.5648163511640805,2.971973333068311
2016-08-05,2.510431653393969,2.617944890767454,2.985870199665218
2016-08-08,2.5267889741103664,2.6249531922077605,2.989762775092047
2016-08-09,2.550340127292472,2.634959062649622,2.9639294406560714
2016-08-10,2.5693716578980825,2.652898070219202,2.9378913646927685
2016-08-11,2.53890018831702,2.6271841992896308,2.946617047515902
2016-08-12,2.5266085197316968,2.610103955431134,2.978434960007754
2016-08-15,2.5459144117720856,2.6326827571515903,3.0060771434753857
2016-08-16,2.676656023885804,2.7217888313663705,3.0437174028781477
2016-08-17,2.6760305081810456,2.715949279322695,3.0436654180654834
2016-08-18,2.6710287412354243,2.7160646328515767,3.0401106701122447
2016-08-19,2.673308635912206,2.728820391192166,3.049448995764725
2016-08-22,2.6598694728152075,2.713559933557053,3.031078737407019
2016-08-23,2.670179208417279,2.7280778982276646,3.0376005939225195
2016-08-24,2.669249055821417,2.744134701873481,3.050685935996147
2016-08-25,2.676857373927394,2.757527591614493,3.06388485165028
2016-08-26,2.6866927818008848,2.7660749728427447,3.076074312439116
2016-08-30,2.7047390839399177,2.7839696430241503,3.084534524544936
2016-08-31,2.71668079299494,2.7981938850370844,3.0913447565006775
2016-09-01,2.7209958375351704,2.844160463099035,3.11788690111485
2016-09-02,2.653639400009445,2.8152810979287146,3.1077437979259708
2016-09-05,2.6324099592919326,2.80416371133362,3.1035367901302098
2016-09-06,2.619200167896339,2.797900736504438,3.122810020542345
2016-09-07,2.600734527847578,2.8099978704248336,3.144237063210772
2016-09-08,2.6377528243902737,2.84633086676336,3.1524881677247945
2016-09-09,2.6539693976110734,2.880468168333537,3.1967393968373514
2016-09-12,2.6395457717687765,2.8765013540733797,3.2275353992038274
2016-09-13,2.663874655832449,2.8934529243681273,3.2543852405405076
2016-09-14,2.658198482659626,2.8975631502940447,3.2922026252377123
2016-09-15,2.6447950574018146,2.9042716950306486,3.3140316645096175
2016-09-16,2.6138390421560573,2.880532400430333,3.2947928836790026
2016-09-19,2.5970020317739655,2.8725293264191087,3.3066780244576863
2016-09-20,2.5665389029313346,2.830806090971503,3.2760362219615424
2016-09-21,2.584109476283799,2.8328073234736872,3.279292180374151
2016-09-22,2.594999986008734,2.8241358327141795,3.249998276092327
2016-09-23,2.6018489337799333,2.826847189852753,3.24181434503988
2016-09-26,2.6289437701085787,2.8439497805183023,3.2463036074158533
2016-09-27,2.6410504310953504,2.8517292225614774,3.259337981154232
2016-09-28,2.647185239426665,2.8687914161395733,3.294054851823449
2016-09-29,2.710759708985732,2.9323616552572074,3.347115116305022
2016-09-30,2.6754656089434574,2.898307663727473,3.3430579936871325
2016-10-03,2.7435048289953725,2.959319671908016,3.391078637570467
2016-10-04,2.8086419280387642,3.0021534087790998,3.397362853689743
2016-10-05,2.8462463439772643,3.0481531251382017,3.453929160491305
2016-10-06,2.935533865597713,3.14042548873,3.5350037869713224
2016-10-07,3.0329435323161724,3.210405222552855,3.542913157142806
2016-10-10,3.048550934570597,3.2252112892027904,3.560041868916287
2016-10-11,3.115443106008916,3.2613054227408416,3.5595493493496084
2016-10-12,3.103187070153357,3.2545724159688882,3.5655682362759284
2016-10-13,3.019437373363747,3.170095309569599,3.483008719303302
2016-10-14,2.9806662009301377,3.147506958282892,3.485633225327283
2016-10-17,2.9686494424974588,3.147668673686966,3.4905154932989007
2016-10-18,3.023629033302603,3.182811127230516,3.511980627826304
2016-10-19,3.022479113134559,3.1916629452618923,3.5311333975965966
2016-10-20,3.0632991928438513,3.2292089987184527,3.5455477190471516
2016-10-21,3.042556201069981,3.2115581276196563,3.5202490454156896
2016-10-24,3.056474396948086,3.2355945886505637,3.5540668506035678
2016-10-25,3.06767925193256,3.246101471476822,3.5649411502211805
2016-10-26,3.0719297581249174,3.2627307899338667,3.5982428547612972
2016-10-27,3.127235298103102,3.318945759946924,3.603812108104055
2016-10-28,3.1328928318288147,3.3116428080422544,3.590525397965659
2016-10-31,3.143267035660537,3.3297043376392317,3.6201016917639626
2016-11-01,3.1540356448553895,3.3408473887663757,3.6291941028640613
2016-11-02,3.1325787911546383,3.307873179381921,3.607798853793841
2016-11-03,3.0464888267499872,3.2573221034745874,3.6090315367106474
2016-11-04,3.011178099493877,3.223297665804506,3.567837893170695
2016-11-07,3.020508091172812,3.2373540817515734,3.579438232409717
2016-11-08,3.0438259892522126,3.249710895642643,3.5702758629253193
2016-11-09,3.094922233658788,3.2857812312864234,3.5887265423442862
2016-11-10,3.138385546149476,3.3290325163294443,3.634092880959467
2016-11-11,3.0993543045617926,3.307141853039689,3.6332312654322747
2016-11-14,3.093530341838717,3.3179486855193705,3.6387409829068664
2016-11-15,3.105105928749411,3.313531298143661,3.6100697857628896
2016-11-16,3.1087445963680578,3.318712469431378,3.6146507905886196
2016-11-17,3.0840904096855875,3.2844543960656534,3.5746768758002094
2016-11-18,3.07686267922756,3.2917340455544197,3.576313481126385
2016-11-21,3.064065591508042,3.2725777922274055,3.5532172207814288
2016-11-22,3.0573164091809066,3.2681823389473754,3.566200282930988
2016-11-23,3.072722178173338,3.305982097842715,3.6052342733153067
2016-11-24,3.0703073927008884,3.30002348952486,3.6036816148520767
2016-11-25,3.026353790333812,3.2557096427780774,3.5808771554495413
2016-11-28,3.0061273422552963,3.2374420939149093,3.555743158235868
2016-11-29,2.9906249082921406,3.2291303958857256,3.5283527463711497
2016-11-30,2.999081374215387,3.248557568251627,3.50238636307155
2016-12-01,3.0340650274502,3.279851904614139,3.494719408659253
2016-12-02,3.049964607260644,3.298364218413149,3.530033702108639
2016-12-05,3.056846598399752,3.3147432819847378,3.534951130231167
2016-12-06,3.0388314656908406,3.3053585623274033,3.5500640273927084
2016-12-07,3.0210896797924742,3.3000289435020926,3.5751668804825423
2016-12-08,3.0129110078742776,3.3124673860779987,3.598230606069496
2016-12-09,3.0188637956719973,3.3266535714257968,3.628247576111887
2016-12-12,3.0603863765761044,3.356641214465837,3.6367225491263753
2016-12-13,3.113286074250998,3.3583876602212936,3.5892837679993126
2016-12-14,3.0793080079423527,3.3203696119751633,3.557143148230077
2016-12-15,3.068091198461163,3.3192901567670567,3.5534405236292033
2016-12-16,3.041291107537168,3.280427807182452,3.519123964350646
2016-12-19,3.023190980350797,3.2536279631182716,3.4835985295984218
2016-12-20,3.063825361963528,3.2972372709172135,3.5182220820505616
2016-12-21,3.059902087408151,3.288723830630633,3.50549827846281
2016-12-22,3.0593178483791723,3.290600308548746,3.5013651897174345
2016-12-23,3.0563162338044596,3.28392362094441,3.492182761119215
2016-12-28,3.0576221439330866,3.2779551674589786,3.487938542125357
2016-12-29,3.044766527298652,3.258616343371477,3.4724000741895686
2016-12-30,3.092069349540229,3.291142984318016,3.4880742113494336
2017-01-03,3.162806143517332,3.357187903698366,3.548386115596423
2017-01-04,3.166331502760861,3.3678259901266103,3.574359334353297
2017-01-05,3.193900901966642,3.38070117459511,3.600851952621471
2017-01-06,3.216914614567573,3.3889884466544498,3.6046470041108165
2017-01-09,3.2205672771033775,3.3748840073791078,3.5810265639085985
2017-01-10,3.268806722389621,3.3967980504749304,3.589736680490436
2017-01-11,3.323091989554238,3.429759213824501,3.6145557270963398
2017-01-12,3.2848464422590054,3.3904969964622502,3.5946153364706928
2017-01-13,3.288846508716382,3.4159284666321685,3.6235246152274083
2017-01-16,3.261562872005305,3.3875855023232426,3.6017073444897716
2017-01-17,3.215354934683966,3.329836254574676,3.5582742386411788
2017-01-18,3.2312771963208355,3.353263430473385,3.5780880181135903
2017-01-19,3.2192615157252593,3.348059517312501,3.58405043214076
2017-01-20,3.193569260191225,3.3351810497895746,3.5743438088048203
2017-01-23,3.1848710901906028,3.327964169221021,3.570033442474214
2017-01-24,3.200885701573916,3.3570298443116995,3.5909745424583104
2017-01-25,3.183968608194979,3.377931552898249,3.634900029046527
2017-01-26,3.2170271615323545,3.4186395247845756,3.6635057896936
2017-01-27,3.2245741127429604,3.4235528668185253,3.652074202680693
2017-01-30,3.2391120081600695,3.4321249721975677,3.6591532459756975
2017-01-31,3.2706596883964165,3.4579724070918503,3.667269912149023
2017-02-01,3.299545084975315,3.4954619913894485,3.6939022274328766
2017-02-02,3.254914328597441,3.4467104774377146,3.6665709878959465
2017-02-03,3.208354711045364,3.395871625707154,3.630956062777346
2017-02-06,3.202681716969305,3.385099910861743,3.6273442634726134
2017-02-07,3.195112673608622,3.364041645466348,3.6152506742758117
2017-02-08,3.169007162263864,3.329642799721328,3.593550866453877
2017-02-09,3.1680689582931962,3.337347087167282,3.6039644707197134
2017-02-10,3.172028693458519,3.3416227098346525,3.6165418000162735
2017-02-13,3.168036895473418,3.3404722427795823,3.6308801159723827
2017-02-14,3.134736449560933,3.3299241538376867,3.6567736430345206
2017-02-15,3.109425658514814,3.310002542117433,3.6295867640382786
2017-02-16,3.072504532910992,3.267428204457465,3.5877631281417264
2017-02-17,3.0312911679682086,3.2294240309852653,3.556448133852987
2017-02-20,3.020638533688219,3.2251466346739424,3.5549417652671753
2017-02-21,2.98375358897321,3.1925560554414423,3.5167149516911964
2017-02-22,2.920951252626021,3.1434733702108595,3.5079758889783172
2017-02-23,2.9396351249186017,3.1594980205981713,3.5154407238573717
2017-02-24,2.9451095427792477,3.1497421614326204,3.4895250964838658
2017-02-27,2.9603953169935457,3.1576504472485603,3.489006107541665
2017-02-28,2.960251823676625,3.1464305511498996,3.459791446997944
2017-03-01,2.969276350489903,3.158805356354291,3.4668479219858184
2017-03-02,2.9957174306003975,3.1692451399253194,3.473628669105155
2017-03-03,2.9713555587801594,3.1360845400432678,3.4509935317523315
2017-03-06,2.9530718947702375,3.124126797490484,3.4539277589761137
2017-03-07,2.96431709642458,3.1258458587796967,3.4543591327474132
2017-03-08,3.0176260093622833,3.1746717726190554,3.4993604911253287
2017-03-09,2.990795814872363,3.164771089679358,3.5136180300707385
2017-03-10,3.005713480591462,3.187193794424486,3.535342238722543
2017-03-13,3.020152883597911,3.202964114645618,3.539794633734478
2017-03-14,3.009194297138988,3.1987314858837013,3.5320558727905604
2017-03-15,2.9975562785914787,3.190562568238715,3.5244511120024407
2017-03-16,2.9821918114156043,3.1733658593423746,3.509761328238093
2017-03-17,2.9281473582666697,3.1021962978773425,3.4324707135789945
2017-03-20,2.9514326583834496,3.1231108181083176,3.447833068045999
2017-03-21,3.0549080561710076,3.162921730336209,3.4711373047066423
2017-03-22,3.073275719881526,3.162592448574944,3.4581459712718607
2017-03-23,3.1311683156142585,3.210758605951805,3.4816021589776796
2017-03-24,3.14869733840457,3.232785866447087,3.496294839991264
2017-03-27,3.1439896634640694,3.2258900076141654,3.4923465513777554
2017-03-28,3.1332940534870453,3.2234984361477244,3.4999478252348704
2017-03-29,3.1082099300056636,3.1851897723679508,3.4726853077488404
2017-03-30,3.094671491071328,3.1683716308150704,3.4447537955629235
2017-03-31,3.1187095463167442,3.2038488274000003,3.4725311066397255
2017-04-03,3.142275508771423,3.2150504036399146,3.484288245969113
2017-04-04,3.179766908945951,3.24266444426399,3.5081158988060688
2017-04-05,3.21910950729156,3.2789644031677265,3.546447777340666
2017-04-06,3.2484857187126086,3.309207399763058,3.5889064861508073
2017-04-07,3.2198751958837217,3.2806354131405975,3.5700224290855047
2017-04-10,3.2408895287999293,3.3081265086468425,3.5965721230396257
2017-04-11,3.3011507822906316,3.34264924118855,3.621439770076573
2017-04-12,3.3319250113504904,3.3670570759537455,3.6432567764734083
2017-04-13,3.275077955921074,3.3208913503119817,3.595368056236763
2017-04-18,3.1746855669621596,3.226602633038917,3.5141809832595827
2017-04-19,3.1229384255778903,3.204052893253606,3.5171792487513907
2017-04-20,3.0840692859479115,3.1826832762039827,3.517947391628596
2017-04-21,3.075626647513864,3.184643374636776,3.5173047580071626
2017-04-24,3.0721854682216407,3.1850652038301552,3.5138916879680178
2017-04-25,3.052792268375106,3.1719853192087597,3.512220308495634
2017-04-26,3.0283596030138686,3.1529973641353517,3.499661164874457
2017-04-27,2.9688594177787797,3.105657145508984,3.4805006717906837
2017-04-28,3.0080885430515663,3.1783299328591563,3.55429151509558
2017-05-02,2.997753901419129,3.1648588512224682,3.5461646470889647
2017-05-03,2.964524889713969,3.126444593008514,3.5182935694304684
2017-05-04,2.934711696342478,3.102407071287489,3.4973646822356486
2017-05-05,2.8903773161486885,3.073534209787237,3.4906640740796284
2017-05-08,2.8630627251912304,3.0551138599276673,3.4698022188315782
2017-05-09,2.906564038604497,3.1087605502799662,3.5183051589945924
2017-05-10,2.93650516676392,3.1377569487405843,3.533056266548492
2017-05-11,2.9833112453478705,3.1718214370954794,3.536806346906986
2017-05-12,2.936940778174979,3.1219583593980036,3.499366667448796
2017-05-15,2.9880890720867814,3.1656625574030044,3.5351546022065516
2017-05-16,3.003622382183239,3.1548155925689145,3.521750795958428
2017-05-17,2.969597908223209,3.118091877450867,3.4929021909644984
2017-05-18,2.958175139351665,3.113470041987468,3.4938384798334448
2017-05-19,2.966742936423532,3.134460245157054,3.5124361801118615
2017-05-22,2.9692331893313235,3.138701729471712,3.5176938840930507
2017-05-23,2.98843639080508,3.15858950264849,3.520289410666825
2017-05-24,2.9913705261933115,3.157624333914757,3.515122529254781
2017-05-25,2.9565370184989117,3.122368744836338,3.487977805418677
2017-05-26,2.9701026624370668,3.1170208510691553,3.4493077239484555
2017-05-30,2.971994774686269,3.11335860418969,3.440571538838281
2017-05-31,2.936657879423066,3.0950167683055314,3.431312512475043
2017-06-01,2.9386790539827192,3.1039591187191116,3.464721054881456
2017-06-02,2.939141854959593,3.106406412462884,3.4640473916400643
2017-06-05,2.9298507664673727,3.0955878567962536,3.4535441751529876
2017-06-06,2.940779747210009,3.0887754621555783,3.4369054594071846
2017-06-07,2.905218738575654,3.067033405456497,3.4071350988162106
2017-06-08,2.863927469347316,3.0436132688458812,3.3809038299323957
2017-06-09,2.8823927187459417,3.0608436424548318,3.3982866649104366
2017-06-12,2.8878929515001843,3.0682525892176,3.4260501895999274
2017-06-13,2.9572041313497324,3.0903349149224524,3.446042103252231
2017-06-14,2.9026118434590087,3.035061558497099,3.406509340640451
2017-06-15,2.8780434223901628,3.0098183548492337,3.3772135858806323
2017-06-16,2.8576187373801214,3.0045620503812636,3.3800088367948806
2017-06-19,2.8767480658624556,3.022556919521288,3.393966099568252
2017-06-20,2.8731036643019547,3.036839167651559,3.4176449940216624
2017-06-21,2.856211042364494,3.036365649756581,3.442513278557475
2017-06-22,2.881508043412553,3.0655309152408816,3.4460345654271123
2017-06-23,2.8444576913066113,3.0337467162946967,3.414946103245432
2017-06-26,2.865599533347384,3.040649482367377,3.3916714754177657
2017-06-27,2.87100549561013,3.0508853019156956,3.383279101578726
2017-06-28,2.869603710165257,3.0583805727494116,3.3966116750418482
2017-06-29,2.885984727122308,3.0825870310635626,3.4278358746546065
2017-06-30,2.9167597653010007,3.1224232859106547,3.4653291131707338
2017-07-03,2.934321998829697,3.145883511913688,3.4761201374940605
2017-07-04,2.916704221630424,3.121057464971516,3.454683102844609
2017-07-05,2.8824777193534636,3.100506012838472,3.4440043715459807
2017-07-06,2.898671484683833,3.11788551027254,3.4473420056058144
2017-07-07,2.865438021174376,3.1000381226535882,3.4324046201008898
2017-07-10,2.835939676239962,3.0726042374975044,3.397049668982244
2017-07-11,2.8254718521216993,3.0570285384872595,3.3770368116200338
2017-07-12,2.8605475620431244,3.084397031206715,3.405855360497548
2017-07-13,2.8373163865291633,3.0677236928012546,3.400812223658941
2017-07-14,2.7985932091285486,3.0266383060757587,3.3538797808861904
2017-07-17,2.7660717835818476,2.9892048949024157,3.3350175644721314
2017-07-18,2.8224045720682813,3.0178133915792786,3.350344655834392
2017-07-19,2.8212977478283374,3.015770409663343,3.351308986811344
2017-07-20,2.8418587736218046,3.0464216145833802,3.390614803335854
2017-07-21,2.81572904541443,3.033457857639993,3.408723622109496
2017-07-24,2.835657688393303,3.061388057535723,3.4472431846479656
2017-07-25,2.863396911929375,3.0946324979286137,3.458076775757645
2017-07-26,2.858236641285039,3.088150008460042,3.45315751113393
2017-07-27,2.818500443906098,3.049763133953728,3.403091491146849
2017-07-28,2.811270396101265,3.046872586776348,3.3923557906091313
2017-07-31,2.810875826898624,3.0490164409859943,3.399090232593411
2017-08-01,2.803233118470744,3.043146032236626,3.3910459314826182
2017-08-02,2.8027653276928,3.0494871625206676,3.401957090550865
2017-08-03,2.7887900147415765,3.0272943922547952,3.3913180954895252
2017-08-04,2.7858417720772746,3.025565362362874,3.3958919885751806
2017-08-07,2.7798006160674387,3.019834620239215,3.383033989313411
2017-08-08,2.7908763004984456,3.042576866396745,3.403404102355691
2017-08-09,2.786726858679155,3.031069350547858,3.3923882685927005
2017-08-10,2.816583973423804,3.0541483634076863,3.4116767814815345
2017-08-11,2.8126052012381053,3.0487956654891093,3.4052598793313464
2017-08-14,2.800190584746226,3.0404776423479296,3.394748029254458
2017-08-15,2.88471125841834,3.086825801480694,3.4187085985035104
2017-08-16,2.9023637435115752,3.099094172021435,3.4257814255342582
2017-08-17,2.90213246347589,3.0954522171206875,3.427879599626482
2017-08-18,2.8904761936900596,3.080628035130091,3.412840254755867
2017-08-21,2.88716980793536,3.0730708057424314,3.4053227250471307
2017-08-22,2.873937437066491,3.063958638363623,3.4021023464584457
2017-08-23,2.880211592570063,3.072225185726385,3.4155050641906604
2017-08-24,2.884572815471177,3.0845353175636196,3.4296069393675754
2017-08-25,2.883327614660371,3.093057462231082,3.4370437360370865
2017-08-29,2.8990957675786304,3.103908527495566,3.4550344526879133
2017-08-30,2.8983757435254742,3.1064521304626846,3.448860560841717
2017-08-31,2.8952368357362017,3.1003558192112024,3.429415673735857
2017-09-01,2.8912321310854563,3.1056499242858346,3.4340984721981176
2017-09-04,2.8869266916591156,3.0995520481549654,3.428171793736019
2017-09-05,2.887521081300282,3.0888589615460518,3.413005364919349
2017-09-06,2.90106732844988,3.1043721641188204,3.427690936315267
2017-09-07,2.9453326892703218,3.1291462763395037,3.456532126252931
2017-09-08,2.951359234460365,3.133938078239612,3.4637006846498073
2017-09-11,2.957094279176665,3.13142064573771,3.4643522415340424
2017-09-12,3.0220291596319107,3.1575700115519787,3.4662744951933186
2017-09-13,3.045288671941777,3.1759819656333748,3.480740859696291
2017-09-14,3.050670284152829,3.180486014711043,3.488672772614001
2017-09-15,2.9761312389508126,3.129983355522902,3.4538163397491175
2017-09-18,2.949705361564633,3.1035369586535073,3.423648503007597
2017-09-19,2.9717466438771574,3.1308227974421774,3.4400482940437893
2017-09-20,2.977926623533934,3.1469904351121345,3.4574780280346196
2017-09-21,2.9821808183990037,3.1622120429546063,3.4802752609494725
2017-09-22,2.9809129898428885,3.1679935754083166,3.49539500031662
2017-09-25,2.9849288526093085,3.175533078973767,3.4882361318784803
2017-09-26,2.9789846952138284,3.161282160070728,3.4509857048415657
2017-09-27,2.9705751391096396,3.1575285845410415,3.4571020787905278
2017-09-28,2.970346993435207,3.16195424766964,3.446195282435596
2017-09-29,2.9554239549464603,3.1525270063542563,3.4440531971716126
2017-10-02,2.957146724296079,3.1514214967586085,3.4470536076608878
2017-10-03,2.952572957269223,3.1546672572813588,3.4617857975863826
2017-10-04,2.976351640236577,3.1785254001396144,3.4897204767142456
2017-10-05,2.9917909994693197,3.194581595658914,3.5089152877095424
2017-10-06,3.0060897259804125,3.207987881312952,3.5199824786554075
2017-10-09,2.969706563942351,3.18028726770717,3.5062519138340518
2017-10-10,2.9873704483806733,3.2076523770043543,3.534506165287767
2017-10-11,2.9967522187275932,3.224314303277322,3.5524271800756493
2017-10-12,2.9544513111433766,3.181029363728763,3.514840652628182
2017-10-13,2.9510714302958596,3.1830911379342566,3.5131026631192235
2017-10-16,2.9443212879928,3.1820050736415393,3.510145995446189
2017-10-17,3.006115246892469,3.20541557539764,3.508615041189427
2017-10-18,2.975749291143572,3.1778891053067673,3.480473264916726
2017-10-19,2.9542385273473974,3.1547981947137553,3.4584394344834886
2017-10-20,2.9391025175314587,3.146313518557935,3.451664220011854
2017-10-23,2.936851530005395,3.1434178354284406,3.44286332149837
2017-10-24,2.9282424385877466,3.1417762231605866,3.4449872806024597
2017-10-25,2.936779052994511,3.163823323868558,3.463419422550438
2017-10-26,2.9159341249982194,3.147241198438987,3.446846806807815
2017-10-27,2.893126055550825,3.123117281694965,3.4102298711282732
2017-10-30,2.8943672065718613,3.1223563539255474,3.410534716935877
2017-10-31,2.917609835682542,3.1465733223695533,3.436508309211508
2017-11-01,2.939367240354988,3.157981166123052,3.4480233411320445
2017-11-02,2.946684736538331,3.154465441457784,3.4298392227184973
2017-11-03,2.933887141363776,3.127704931267428,3.4072085919189736
2017-11-06,2.9187322869611743,3.1082616496846294,3.4083340257708645
2017-11-07,2.9482527496587743,3.136084222780417,3.4462870744291356
2017-11-08,2.94994096790335,3.1362758108954445,3.4498353001652333
2017-11-09,2.962723631719055,3.157884181367324,3.4642216541253674
2017-11-10,2.9644535074045244,3.177326774588303,3.494087419196448
2017-11-13,2.98947313727545,3.1970769356487176,3.4987629076346893
2017-11-14,3.0146333909756544,3.208249294359997,3.5080186340836486
2017-11-15,2.995292905614714,3.194189579325223,3.481361407529318
2017-11-16,2.987616736722631,3.185808889940443,3.469619162400691
2017-11-17,2.986737539833495,3.189961051108908,3.475018681322485
2017-11-20,2.985796107315612,3.191803890150192,3.4891599960585675
2017-11-21,2.978866142039731,3.1867319255907534,3.4839978607110247
2017-11-22,2.96613440902409,3.1743644098575428,3.4673384416305506
2017-11-23,2.9652534512570003,3.1721175155336754,3.4658556537684007
2017-11-24,2.9631418741087163,3.1701897215630837,3.4536290100857876
2017-11-27,2.970991120461191,3.1792922322807042,3.472120156780034
2017-11-28,2.9730176639075525,3.1792725556566075,3.477718441158
2017-11-29,2.935617152597482,3.167395166376412,3.478101563182896
2017-11-30,2.8765587855209978,3.1258524213407926,3.4554464630712785
2017-12-01,2.858245164480415,3.104677403744218,3.4430382153866272
2017-12-04,2.844303932538994,3.104141334228371,3.453250054131586
2017-12-05,2.873761971225121,3.1306243446631736,3.478124523200445
2017-12-06,2.8840366595452673,3.13158729616645,3.464579708884046
2017-12-07,2.9007428720538826,3.148730434053731,3.473806689371113
2017-12-08,2.8733267504367443,3.1285935238732283,3.4584716367289223
2017-12-11,2.855592999962033,3.104938346284251,3.432665401118741
2017-12-12,2.9230040737538214,3.151075124553429,3.45528184302669
2017-12-13,2.8858818870660112,3.1139502973956095,3.4242494797293057
2017-12-14,2.8606239002510816,3.098902594626721,3.4114218941395795
2017-12-15,2.873347539802281,3.0998650184740058,3.3938996404702197
2017-12-18,2.867919192438383,3.0931977414938077,3.390024675129969
2017-12-19,2.867101652262538,3.1087738008585326,3.4108953488227045
2017-12-20,2.8813536354583453,3.137412178536163,3.4501823060783825
2017-12-21,2.897792079221892,3.1571996317156343,3.467328931774759
2017-12-22,2.8956554810033435,3.15797020474359,3.469123647364817
2017-12-27,2.890325979569777,3.1427383304963246,3.456777922713361
2017-12-28,2.8785381268387455,3.1391975263218503,3.448554523344077
2017-12-29,2.86026802714556,3.1293917891154415,3.434015266177272
2018-01-02,2.887219864169694,3.1608241083864295,3.464852848915271
2018-01-03,2.894149012952059,3.1595062686200714,3.458481183897235
2018-01-04,2.9229364255171726,3.1739815813397385,3.4629341102946096
2018-01-05,2.9353330188733677,3.160384573404789,3.4385503536796183
2018-01-08,2.932202444457003,3.153690068889583,3.4262210834787745
2018-01-09,2.94490982036892,3.1791523556309405,3.456319007007971
2018-01-10,2.9496174803139885,3.1917712397388,3.4603246547786917
2018-01-11,2.9513505542188043,3.1922074290425675,3.4532661166661915
2018-01-12,2.93838773728537,3.18447194822614,3.4487120991366536
2018-01-15,2.9274508297011206,3.1758841947993224,3.43550032537087
2018-01-16,3.0110853736152965,3.216166841552225,3.436264966820829
2018-01-17,3.0018763112287195,3.212727809079059,3.442714201011694
2018-01-18,2.9870730311577725,3.215060112881501,3.4486733284434603
2018-01-19,2.987260150734735,3.227011153257595,3.452684022650412
2018-01-22,2.979135876390144,3.225214954949852,3.4587829452486996
2018-01-23,2.9670991671334614,3.2192569392619537,3.4482075859826855
2018-01-24,2.9424300023035097,3.2050617446107057,3.447292620185861
2018-01-25,2.910342307681035,3.1810783221010257,3.443462687192195
2018-01-26,2.9239690311976805,3.1970862029768954,3.469587567506519
2018-01-29,2.941726312756747,3.2134515019565573,3.462277831788595
2018-01-30,2.932399182364371,3.2185387780683157,3.46989728486448
2018-01-31,2.932361620696489,3.2121425672828763,3.4603510031456786
2018-02-01,2.923932426496897,3.202063180930087,3.4480525323002587
2018-02-02,2.9321261685736184,3.2199479500366044,3.4578493744308423
2018-02-05,2.9411010727209153,3.229050237536046,3.466013111810657
2018-02-06,2.9554783524799237,3.231775066944909,3.4433689778509873
2018-02-07,2.9697824220289526,3.2516619167034033,3.47833912927587
2018-02-08,2.9380376505224843,3.220906332618436,3.460045755420644
2018-02-09,2.8991380940173914,3.1913653938568785,3.425969310804935
2018-02-12,2.9024160806586217,3.194794872140318,3.4253704602037747
2018-02-13,2.9468146492490677,3.2215970075913765,3.4376516280687364
2018-02-14,2.9423843353362287,3.221423847843907,3.444203623420509
2018-02-15,2.955607064066142,3.245376841128319,3.475575149404685
2018-02-16,2.9459750702577328,3.2348651361580862,3.459244698728039
2018-02-19,2.946009054387938,3.2439127673185872,3.469946005182348
2018-02-20,2.9473461220264063,3.242876860479826,3.4725719447519943
2018-02-21,2.9275212656078633,3.218359873380364,3.4490330349877354
2018-02-22,2.9113155050744624,3.200260290962839,3.430896505334611
2018-02-23,2.893092174156567,3.183223545088495,3.4140621772690176
2018-02-26,2.8768979688727376,3.1719295749520957,3.4091488845577826
2018-02-27,2.8698930217870835,3.180075154683511,3.4246486648068357
2018-02-28,2.8603473066552736,3.1712684630653305,3.4106436950026424
2018-03-01,2.850106262825131,3.158846181105974,3.397989568852525
2018-03-02,2.862461382121153,3.168109212147816,3.3977340277281463
2018-03-05,2.8732998803897973,3.1780390261627947,3.401662616917225
2018-03-06,2.8819501602578974,3.179546252894154,3.4084233867330616
2018-03-07,2.8700360938868763,3.166332160857208,3.387203592218907
2018-03-08,2.8635439570008074,3.158282809196785,3.3853812402582686
2018-03-09,2.8734268685245916,3.164896693277928,3.3879814362294898
2018-03-12,2.8746690937733463,3.1638842425571196,3.3984002912509457
2018-03-13,2.852156258762254,3.1443281466290722,3.391625842223478
2018-03-14,2.854281133204465,3.1361680167097443,3.3757416070136688
2018-03-15,2.85114373725799,3.1294285676703772,3.3682074814948155
2018-03-16,2.846362237579857,3.1214510978765366,3.3614124538574304
2018-03-19,2.81281491715104,3.100934680376283,3.346318569778938
2018-03-20,2.906386227909757,3.151483579484096,3.3504827405119824
2018-03-21,2.9402564678319427,3.1662788769206847,3.3514426953605474
2018-03-22,2.945739439799593,3.1481650742917457,3.338042964591615
2018-03-23,2.9701027901218486,3.163625456763554,3.349169588228062
2018-03-26,2.9677835648357775,3.158286146681737,3.3386182311388723
2018-03-27,2.9737156449760898,3.1486105558075796,3.3296548197700844
2018-03-28,2.96755680033249,3.1430635203836825,3.3395352040241892
2018-03-29,2.9973371977160963,3.1631929882306613,3.3611896044329863
2018-04-03,2.993488206281552,3.157006118854561,3.3611389728789005
2018-04-04,2.9907436173305904,3.155770448164906,3.3656486847205205
2018-04-05,2.9971550877371165,3.170706942392451,3.380229438265468
2018-04-06,2.978158699510164,3.1537149993516245,3.3623975339197134
2018-04-09,2.973673517689286,3.1538060020660366,3.3608854904782888
2018-04-10,2.974259934119238,3.1599743461810785,3.3788162412364176
2018-04-11,2.9666850509154994,3.148610057210079,3.3609476101689735
2018-04-12,2.95868821187131,3.146937654281489,3.358987298983826
2018-04-13,2.927950031022112,3.1235607134255563,3.3481216555290914
2018-04-16,2.9188058960984424,3.1189570401407236,3.3436360986991
2018-04-17,2.907410669701381,3.113726827352722,3.334663180045148
2018-04-18,2.941126600223278,3.130578576648092,3.3329023430309266
2018-04-19,2.948088645421531,3.149563839876574,3.339682212900814
2018-04-20,2.936149720167146,3.1539271524090124,3.3463504311287497
2018-04-23,2.9280063569205583,3.156133142594915,3.3562928998934747
2018-04-24,2.9378023072829,3.1644650053628887,3.3592415340314687
2018-04-25,2.9533875872071382,3.1752621317126235,3.3632004141278986
2018-04-26,2.9481294594791647,3.1624283516517533,3.3472766294499
2018-04-27,2.9326317213583395,3.1477352337707374,3.332032182702467
2018-04-30,2.935255390391693,3.1542882367024943,3.34280352935422
2018-05-01,2.9443866449756495,3.162434404769836,3.3628439922452715
2018-05-02,2.958152484066779,3.1770032112072695,3.3726210194038035
2018-05-03,2.950986765979877,3.166778781086589,3.3521208227199057
2018-05-04,2.960589425051727,3.169915301474278,3.3490212861775026
2018-05-08,2.965158387373584,3.1742936543348677,3.350138087061945
2018-05-09,2.962482406107626,3.1680120063301525,3.340171544804094
2018-05-10,2.9736470428205894,3.1765752932764046,3.3518546710540287
2018-05-11,2.9717996071415858,3.176667258586566,3.353770765095978
2018-05-14,2.9714127488795548,3.176815598292934,3.3474245110578646
2018-05-15,2.9731905088440307,3.179590182949262,3.3600196946071574
2018-05-16,2.9643370475188493,3.172121595631201,3.3532640666133817
2018-05-17,2.9757425027913467,3.190885127070573,3.363886810574425
2018-05-18,2.9654828157956814,3.174723910753673,3.3547501681161496
2018-05-21,2.962687988728818,3.168805819864557,3.355579480626874
2018-05-22,2.976783093314815,3.1867406944006857,3.368389940485117
2018-05-23,3.005308362535678,3.177006189888121,3.3456563913698703
2018-05-24,2.983619090192385,3.149378603060189,3.3201229366481773
2018-05-25,2.9662191419966915,3.1284354876786304,3.297068659721086
2018-05-29,2.952977285974537,3.1022862632800376,3.277725294405493
2018-05-30,2.960165311343105,3.1154935267014316,3.2887185829349184
2018-05-31,2.987005695022072,3.1401009449460933,3.307923673542061
2018-06-01,2.990468336647073,3.15245088352851,3.317623995861084
2018-06-04,3.0074913955598257,3.1717167838079074,3.338749446289281
2018-06-05,2.9950565363034145,3.160366161888886,3.3382394919226934
2018-06-06,2.9998562697350266,3.173639576801641,3.3551557485014114
2018-06-07,2.9776753987443447,3.1647494016044737,3.3513356619006958
2018-06-08,2.9787589556783627,3.1718928244661155,3.3650492519790784
2018-06-11,2.979439023197931,3.181647606734021,3.3774108273452863
2018-06-12,2.993295103258566,3.1915691792123297,3.3822931759193215
2018-06-13,3.0356723705556434,3.209547045646125,3.380388804141705
2018-06-14,3.0227934235654117,3.2005412508195263,3.3640830173571667
2018-06-15,3.0053088967275214,3.186614613706422,3.354274167045809
2018-06-18,2.9924909365183305,3.1841901564103625,3.3546248976654343
2018-06-19,2.9705410996304207,3.1644875783822837,3.3445311598455834
2018-06-20,2.9631023344336302,3.1562693287822468,3.341847905554504
2018-06-21,2.952060639171437,3.1381119436444114,3.3303225168318384
2018-06-22,2.9628639796090632,3.1571251211315703,3.344023253656837
2018-06-25,2.9671413087342744,3.159160062512349,3.3474763076584475
2018-06-26,2.9498315401215214,3.146906934757399,3.336197631940268
2018-06-27,2.961635589444093,3.1393949137528865,3.324956275203223
2018-06-28,2.947472128094507,3.1264672440228534,3.30109823346865
2018-06-29,2.9618942433857276,3.144079020185541,3.3137820276323344
2018-07-02,2.972867464394227,3.1531941004470836,3.3200569132512596
2018-07-03,2.970095706962434,3.1455261048359184,3.3072743194817527
2018-07-04,2.9694052587752267,3.1392199942546606,3.306663751464331
2018-07-05,2.960829785271968,3.1267434488514643,3.303627956935152
2018-07-06,2.9564985644563944,3.1233189932179775,3.3074541458863234
2018-07-09,2.9588181313440582,3.1288201988991444,3.3107436070676024
2018-07-10,2.9554942879288975,3.126081250831089,3.3084225140195462
2018-07-11,2.9605643650438305,3.134389570713175,3.32461493729254
2018-07-12,2.9417741162781623,3.122682055375043,3.327397576962648
2018-07-13,2.9490110730261367,3.1283394731784773,3.3350071182866365
2018-07-16,2.9504348659323796,3.134463816998637,3.346044851584665
2018-07-17,2.934844622248339,3.114572839543717,3.3312366577715498
2018-07-18,2.961956264127334,3.114475129930799,3.32066764284963
2018-07-19,2.960560033054052,3.1067167539208276,3.3130736728759986
2018-07-20,2.956143570401609,3.118680695807531,3.3300966941015684
2018-07-23,2.9579180071657354,3.1326767629349472,3.331286676114318
2018-07-24,2.950950896455786,3.130170837565821,3.3305795462327934
2018-07-25,2.94962542696092,3.132206702122554,3.32338594326209
2018-07-26,2.953536794159662,3.140767006905727,3.335023052153499
2018-07-27,2.95633661960427,3.1480153676373295,3.3433153770753976
2018-07-30,2.952984966500889,3.158151022651896,3.360081174750429
2018-07-31,2.9619995890952087,3.1651051191995414,3.367253949675765
2018-08-01,2.9619402650120783,3.1725880200258683,3.3726900168442198
2018-08-02,2.9495372960789306,3.1668164391706703,3.3743100888548407
2018-08-03,2.9486931430761816,3.1623746779568416,3.371437722480131
2018-08-06,2.947004189077158,3.156400934184136,3.3650578480571616
2018-08-07,2.9762679653811066,3.1852168450583074,3.3757557093360995
2018-08-08,2.979171842393646,3.184475703475429,3.3784283493189666
2018-08-09,2.981997021709181,3.1781149249619878,3.369388709536916
2018-08-10,2.977014481695965,3.1715614626395814,3.3630056156775354
2018-08-13,2.985421269377486,3.1789799159384726,3.37733099552947
2018-08-14,2.996656369350739,3.185205562828706,3.3850051786102893
2018-08-15,3.0270308410741373,3.180861645243861,3.3681523113498155
2018-08-16,3.033085616905326,3.1891939823050754,3.378789282665072
2018-08-17,3.028917629947702,3.1805142876391446,3.3735449620798796
2018-08-20,3.025896945056673,3.1710515807979585,3.3647044195064018
2018-08-21,3.0289437510702912,3.1793871871704305,3.3757782204456666
2018-08-22,3.024438791554075,3.1746182031457746,3.3674209103193466
2018-08-23,3.0177471696933593,3.170808479196417,3.3673213246114297
2018-08-24,3.011475421326762,3.1661973805195913,3.3630036813339874
2018-08-28,3.024002811959949,3.1787605990688848,3.3711320013801815
2018-08-29,3.0062750867026375,3.1631991709409344,3.3580010843242505
2018-08-30,3.0038134983558065,3.147991297611145,3.341266537312935
2018-08-31,2.9968603768758624,3.1396126083226674,3.329146007747794
2018-09-03,3.022448584834755,3.16099454479576,3.3449606884372547
2018-09-04,3.048596043506731,3.1814507023774583,3.359130216827978
2018-09-05,3.025355904027972,3.1659885583747474,3.356501829033639
2018-09-06,3.0110699607624882,3.1510469785389086,3.3425743510142
2018-09-07,2.9938526975079887,3.142071172001443,3.3333993556207693
2018-09-10,2.9732256186012447,3.124472803115234,3.3226550252884994
2018-09-11,2.9908534745901516,3.146092684525092,3.3447676317070885
2018-09-12,2.9933334536999148,3.1386225924418456,3.346470714478973
2018-09-13,2.9953422679315924,3.1489392087626102,3.3686468154561355
2018-09-14,2.9877421227045486,3.1488788770572596,3.375861202413823
2018-09-17,2.981781266918974,3.1462698608755986,3.371639544794452
2018-09-18,2.977142765520962,3.147526327008454,3.3767423317456347
2018-09-19,3.065288425105586,3.197513040629211,3.4059123360394987
2018-09-20,3.0842575955499862,3.2135010347432367,3.4161400907691277
2018-09-21,3.116155555652931,3.2392936920389346,3.420884728153517
2018-09-24,3.160586948877323,3.277561530884158,3.447289354343268
2018-09-25,3.2070718231793123,3.3050728416120316,3.4576033595190663
2018-09-26,3.1910723161517662,3.2810050897074765,3.4308199990768706
2018-09-27,3.1758397441522854,3.2666441938832835,3.4165153363701473
2018-09-28,3.184314587761092,3.2729726729467368,3.429868282269745
2018-10-01,3.1979373644833684,3.298118440082124,3.466693535370333
2018-10-02,3.199214351443702,3.29379680971118,3.466457755204188
2018-10-03,3.194129127097376,3.2991637176434803,3.4743918606994812
2018-10-04,3.2110980112110328,3.3208743915880783,3.4850979008711875
2018-10-05,3.1604196894927927,3.2926214621828827,3.4794429150910746
2018-10-08,3.1781235691297964,3.3222523788871396,3.5123226789780535
2018-10-09,3.182322340385359,3.327500109102128,3.5341328973928725
2018-10-10,3.1646745344470935,3.326156461133854,3.5565763836895132
2018-10-11,3.1310188772460217,3.2926096067640294,3.5247612026506983
2018-10-12,3.112319345666695,3.28426551495125,3.5066549773895614
2018-10-15,3.1209463739313317,3.2937502850791933,3.509502407893713
2018-10-16,3.1150908874995595,3.2959273726362257,3.510895094077996
2018-10-17,3.1264168149291556,3.286878323336417,3.5030728298487825
2018-10-18,3.1107410169558736,3.270542976928253,3.4944842535625793
2018-10-19,3.097169071509505,3.259862314650955,3.477573122301267
2018-10-22,3.091844829294756,3.2516838717685266,3.47003521917803
2018-10-23,3.0658488184114487,3.228530011095054,3.455562939316466
2018-10-24,3.062548291179685,3.228595878143913,3.4637717930458614
2018-10-25,3.075887006758,3.2395110656027613,3.461060378258871
2018-10-26,3.0625714494167164,3.228718323801438,3.4590091989506515
2018-10-29,3.059862030392067,3.242703985997663,3.464501920690728
2018-10-30,3.073649960789274,3.266676609020547,3.4845963732424012
2018-10-31,3.062916825529213,3.2609457191398477,3.482165898778774
2018-11-01,3.0150190144742552,3.2227666945258395,3.4632060635363136
2018-11-02,3.00834749976138,3.222904918786181,3.459366774216601
2018-11-05,3.016337535653932,3.2325780927230507,3.4695230902567724
2018-11-06,3.0237558073640973,3.2538234648584705,3.4881073981704223
2018-11-07,3.015803953379759,3.253902861094745,3.494052653282873
2018-11-08,3.0204052027569874,3.2621544539093748,3.501319101852788
2018-11-09,3.0126785138016725,3.2594784154198164,3.5044296162498334
2018-11-12,3.05371459072608,3.294349158226486,3.5211579472578096
2018-11-13,3.0216657386879358,3.2796925709642513,3.5113308840214668
2018-11-14,3.0901786127341384,3.316367198979087,3.5286939789788567
2018-11-15,3.196356893120959,3.372661461568807,3.5268773549406167
2018-11-16,3.209681146488459,3.386730254468466,3.5295676920483547
2018-11-19,3.202765125372164,3.367829183905599,3.507976116168085
2018-11-20,3.1885098994951253,3.3484486258131425,3.4871668711882498
2018-11-21,3.19009935220417,3.3344235924413654,3.47906817623005
2018-11-22,3.152155716809953,3.3053874718942726,3.454750369203291
2018-11-23,3.119915413831431,3.2843218905507023,3.456928826704522
2018-11-26,3.10254028445872,3.2740998790919513,3.4603637202822477
2018-11-27,3.1057304563169446,3.2705256610730276,3.466267630341806
2018-11-28,3.1004184256645466,3.270405215310346,3.4729237278644978
2018-11-29,3.1150940734408303,3.2826381990826965,3.4880325157489045
2018-11-30,3.159232350843464,3.321504667772565,3.5337835063303773
2018-12-03,3.2041524443961094,3.359536159394718,3.5455884862229534
2018-12-04,3.2345234812503882,3.3846499147759985,3.5417571248473716
2018-12-05,3.201599936115961,3.364047380651302,3.5168246065077478
2018-12-06,3.1754742590284666,3.3397107677462836,3.491339297722606
2018-12-07,3.203123291019375,3.3621525061357898,3.490403525717794
2018-12-10,3.2206397145034398,3.3891407462833847,3.47238285587449
2018-12-11,3.229501408722007,3.387616328461819,3.450292757981309
2018-12-12,3.2627022946998903,3.4439603540640507,3.509567787041597
2018-12-13,3.2240925420062956,3.41384739131252,3.4906132735350317
2018-12-14,3.2443857605474706,3.4213631920218663,3.4966764237947827
2018-12-17,3.2302732938657335,3.4115846258722753,3.4987652938266662
2018-12-18,3.206012413915066,3.397748041955089,3.4801010902021883
2018-12-19,3.2129939323180423,3.385689668317041,3.4599988325252014
2018-12-20,3.1537991478487237,3.335170376280682,3.421252895222537
2018-12-21,3.155199963598671,3.3450237621575147,3.4295117958574117
2018-12-24,3.151268343283591,3.3390434639420388,3.420754117748356
2018-12-27,3.1475036626865887,3.338475163185489,3.420745180635124
2018-12-28,3.1418970223984224,3.3302189389363557,3.4173947906981352
2018-12-31,3.0999588655900903,3.294251607265386,3.381495168010828
2019-01-02,3.0957814462364572,3.278110492506611,3.3760603892053886
2019-01-03,3.1266059464652205,3.3036184157643973,3.4007508712030887
2019-01-04,3.1675203076883944,3.3526058645378134,3.4484503624645564
2019-01-07,3.158248055029281,3.3443432975358087,3.436929922409166
2019-01-08,3.1713913250361316,3.340790542573371,3.4365511409456695
2019-01-09,3.1785927304037864,3.343421215109365,3.428770853766382
2019-01-10,3.206118111456144,3.373615041408224,3.457529660326283
2019-01-11,3.212915936868538,3.3813892757518285,3.485124326509365
2019-01-14,3.1945104959701824,3.3627583191181154,3.4642158823991798
2019-01-15,3.2094185869616667,3.366814751630784,3.4459433415469034
2019-01-16,3.2008944381015856,3.34796659267753,3.4282907864532484
2019-01-17,3.10357339393707,3.2418332105234873,3.349257045327243
2019-01-18,3.1187531437936444,3.268766505701507,3.3805393228825107
2019-01-21,3.1313024977338637,3.276541077809227,3.3710508057462976
2019-01-22,3.097685375654302,3.2532513687520686,3.3548632030066177
2019-01-23,3.0806407451187923,3.2514639331946955,3.3578080279148455
2019-01-24,3.0576998185039637,3.2310744544605767,3.3397709188896303
2019-01-25,3.030708724846177,3.222906355737707,3.3451316752501588
2019-01-28,3.0479382833078144,3.2310079947605708,3.3380214135877564
2019-01-29,3.0708372621629323,3.2496387895832908,3.349115021805388
2019-01-30,3.0976968565119276,3.262039629405563,3.341141412794987
2019-01-31,3.0974154781623633,3.244575639020422,3.315480473404979
2019-02-01,3.11312956968696,3.270440709648536,3.3451238835915436
2019-02-04,3.1441217207572976,3.3016076801993157,3.379109488518333
2019-02-05,3.1257709543506644,3.2747259244765803,3.3425865816786473
2019-02-06,3.122453095937237,3.2758660730199054,3.3566324099509544
2019-02-07,3.1308936294592487,3.278151826838358,3.35733520081322
2019-02-08,3.1053397029485934,3.2541816828590013,3.3385921170100255
2019-02-11,3.1311217696504876,3.2798949908513686,3.354502104537235
2019-02-12,3.1064983475671135,3.2561228316959534,3.3417096849864114
2019-02-13,3.125583833448767,3.2576216962462397,3.332364915351375
2019-02-14,3.144952590647771,3.265227895822705,3.3308468493243795
2019-02-15,3.1415472931874246,3.2724369614298814,3.3424354174089714
2019-02-18,3.134614072206074,3.2684681596688803,3.34686813855852
2019-02-19,3.130069318891699,3.2652530405232354,3.355998212974863
2019-02-20,3.1325100254166696,3.271889565696825,3.372899299651013
2019-02-21,3.1264571815372144,3.275435965193852,3.377850958069984
2019-02-22,3.1278606474931125,3.263387670349805,3.3622926106528057
2019-02-25,3.1107300327271687,3.2495040322196447,3.3572005100285014
2019-02-26,3.0749156731658522,3.2130717533767355,3.3329960205923617
2019-02-27,3.0402821065788004,3.2073481945876074,3.356516894055459
2019-02-28,3.02981559110798,3.221579667863657,3.374925737690699
2019-03-01,3.0463660281253193,3.2471516032337115,3.388773721974493
2019-03-04,3.053012187590955,3.261726306708632,3.4032976406798623
2019-03-05,3.0719956195522515,3.270633451714958,3.39827033728585
2019-03-06,3.118786453727704,3.3042887369865657,3.4077012115521343
2019-03-07,3.153747234741813,3.312992114656014,3.4002382306979815
2019-03-08,3.1622317580896544,3.3161282162020966,3.3996089943207517
2019-03-11,3.164514239987435,3.3160323431312744,3.4027851470817656
2019-03-12,3.1746468108040826,3.3321297813334705,3.438070010416933
2019-03-13,3.1593875713564112,3.3299798682488064,3.4584505940458605
2019-03-14,3.1645275626706812,3.3586318457159363,3.5067508423526776
2019-03-15,3.128022100359697,3.315573871747775,3.4621091932964627
2019-03-18,3.1279563769275742,3.3116399023220207,3.457628145475373
2019-03-19,3.1130283457045573,3.304422354242097,3.458439729618524
2019-03-20,3.2034801442268175,3.352763825203208,3.468763827426362
2019-03-21,3.32069033709774,3.4278637639877143,3.4934007203275024
2019-03-22,3.3069003397453383,3.428101746634755,3.514717951719298
2019-03-25,3.310788236628138,3.4248569655512275,3.4916889237925792
2019-03-26,3.2864984551886773,3.3883458152591954,3.468431805748242
2019-03-27,3.266601603778714,3.3578223661119755,3.4385142927081414
2019-03-28,3.274471622929209,3.3500525956113143,3.4198546180124048
2019-03-29,3.296735669814455,3.3621644892666938,3.4074268378557075
2019-04-01,3.290712900480446,3.3720982306293985,3.4306813984069198
2019-04-02,3.3359824090930372,3.3955549418133515,3.429604324847876
2019-04-03,3.3172467323784756,3.3926550150889785,3.4525838556418216
2019-04-04,3.3513709756866903,3.4246459154049322,3.485029812697266
2019-04-05,3.342969223966449,3.4263834758805594,3.4961182034875797
2019-04-08,3.361427288464622,3.4445568168613905,3.5035751388442438
2019-04-09,3.362875828852583,3.4445955144479234,3.5083417333901075
2019-04-10,3.3611808726921324,3.436595607195287,3.4859189659851237
2019-04-11,3.287913330222157,3.3799063623639185,3.4543696371348735
2019-04-12,3.26529909489544,3.3756295514249657,3.4778588250663796
2019-04-15,3.2581825215088696,3.374363330154385,3.476740945074427
2019-04-16,3.2470048806715806,3.3604604407186764,3.456352346060472
2019-04-17,3.2650479023723817,3.374244282445696,3.468774483633558
2019-04-18,3.2437448687748507,3.357486078742015,3.4496344639617313
2019-04-23,3.249247986927405,3.36174362163612,3.44808298759947
2019-04-24,3.250961358631903,3.359932741656736,3.4426719250449596
2019-04-25,3.240977361171969,3.3445469298391464,3.4191353225324574
2019-04-26,3.2103302328524697,3.322383848137041,3.4112740641012733
2019-04-29,3.2368978559211397,3.3504974473850364,3.4381402027337185
2019-04-30,3.2505704374201274,3.3733895796734785,3.4701877306240205
2019-05-01,3.243227473602839,3.37313074098192,3.483742880300295
2019-05-02,3.2495115524400786,3.3873848222926966,3.5104653814360134
2019-05-03,3.2060901266047472,3.3519267338512773,3.4850969617392398
2019-05-07,3.2165247665086927,3.359031174561232,3.492614513266862
2019-05-08,3.245922052868372,3.384359345204221,3.497682345711013
2019-05-09,3.2246496763735326,3.358129666207711,3.472351592976816
2019-05-10,3.2600113512489353,3.371532217398815,3.4761339999933627
2019-05-13,3.2397786417213075,3.353160101044312,3.4654669032044096
2019-05-14,3.2553231907268465,3.361143977187788,3.4651834229113945
2019-05-15,3.274269295599294,3.359533578377604,3.4425480980679573
2019-05-16,3.2947261207294924,3.3681242002824847,3.4419542447384197
2019-05-17,3.301017421180815,3.3634879508420346,3.4439116333230335
2019-05-20,3.311607260863658,3.378469486603775,3.466906552682067
2019-05-21,3.316465601776967,3.382759333637269,3.4604665424970005
2019-05-22,3.329649591031909,3.387100103143121,3.4519626317657135
2019-05-23,3.2846856688847845,3.3551279498305693,3.430708467397336
2019-05-24,3.286913823514187,3.362823603347322,3.4415839886696777
2019-05-28,3.3040173204441228,3.37621496156448,3.4456514807747487
2019-05-29,3.338030116353516,3.4062883800470285,3.466251349672283
2019-05-30,3.357456728782748,3.4220805049330663,3.4765789346349893
2019-05-31,3.323596265275988,3.3905120629002132,3.4338725736354467
2019-06-03,3.3369129564595266,3.3957737010475837,3.413095940482973
2019-06-04,3.348306685274573,3.404774533785185,3.4203104741740002
2019-06-05,3.3519152908593473,3.408173254682036,3.4126455772683473
2019-06-06,3.381658447654168,3.431424190045759,3.4222465852650625
2019-06-07,3.3695697763296777,3.4269741081220166,3.4204907828509614
2019-06-10,3.403490351968269,3.4591103965832612,3.4326278326525492
2019-06-11,3.4258693972769065,3.474132017539209,3.4114008643986953
2019-06-12,3.3663983307115437,3.422114576974606,3.3830426234625612
2019-06-13,3.3528966616658433,3.415146233042094,3.3711990513929253
2019-06-14,3.3282841889931323,3.3961396562297193,3.375582660683432
2019-06-17,3.324178776282965,3.390806866017609,3.37865424856611
2019-06-18,3.3206341533480783,3.3883810225388187,3.383290557925254
2019-06-19,3.365055512756588,3.4137772839053366,3.4200700906812616
2019-06-20,3.3476653256696443,3.392619638219246,3.4019084027605864
2019-06-21,3.3251325849039963,3.374653248025438,3.389224415524601
2019-06-24,3.320365797225892,3.3685535361432954,3.3769659031070045
2019-06-25,3.3108784431122738,3.3615435002359164,3.3656066475401856
2019-06-26,3.309100200700839,3.3609914706320665,3.373319915089808
2019-06-27,3.289843174583707,3.3469973470446006,3.3724031224551876
2019-06-28,3.2418931424099515,3.313410612682532,3.3632956523918285
2019-07-01,3.2489003469483784,3.31819708053939,3.3668353404466846
2019-07-02,3.24023415648443,3.3113980733881543,3.3484248291492946
2019-07-03,3.231579417190205,3.300719954351728,3.319333990847322
2019-07-04,3.2079654786104994,3.2811619973067088,3.310035133490681
2019-07-05,3.213801818328082,3.299076133407176,3.3297925682882634
2019-07-08,3.2066266104307735,3.2873105440128345,3.3269147158765
2019-07-09,3.215684989366072,3.292571677366994,3.341538714707352
2019-07-10,3.193580910546258,3.2784149985569457,3.338927319043766
2019-07-11,3.1941537592035427,3.292573196679581,3.342005317663964
2019-07-12,3.1915474189398303,3.2939703252751613,3.34663470853865
2019-07-15,3.183388554435142,3.286479333086678,3.346473939501919
2019-07-16,3.228182158305078,3.3188325022604084,3.3577508170237653
2019-07-17,3.3182039606611977,3.3770321397462486,3.377191565382641
2019-07-18,3.298559610396957,3.36115247089955,3.3438835773223734
2019-07-19,3.292803837855171,3.353519039059435,3.3312971319653597
2019-07-22,3.312891742529103,3.361163387671073,3.3071438209150577
2019-07-23,3.3246474606238636,3.3673770974469264,3.3005340458860335
2019-07-24,3.3183664062493174,3.3572980669566115,3.2990323503204166
2019-07-25,3.304311702492008,3.3327783240915174,3.2816840008734323
2019-07-26,3.317382436915696,3.351216521687095,3.3062087241878286
2019-07-29,3.36522803401063,3.3779351315225226,3.3141409046303685
2019-07-30,3.4025808342053527,3.4011721010619125,3.3308468455306706
2019-07-31,3.4182082306792463,3.4304269043980993,3.3651267738611557
2019-08-01,3.4160514331525524,3.4223999330383124,3.349021316016157
2019-08-02,3.3936627528268293,3.3928529777307714,3.327050723187627
2019-08-05,3.394283491577159,3.3886611616410742,3.3151774160718634
2019-08-06,3.3808573169660563,3.3811448251399483,3.3168980190437227
2019-08-07,3.3327838277801964,3.330780362481833,3.26161496161055
2019-08-08,3.3335981177082266,3.340114381716103,3.28427172312528
2019-08-09,3.3087838076487444,3.3210011341026,3.2473148921616186
2019-08-12,3.315073159577974,3.332426485137854,3.262591691507291
2019-08-13,3.321261105706624,3.337886420234803,3.250827590872359
2019-08-14,3.3899062487131757,3.3694621922383874,3.246722314499151
2019-08-15,3.410807635638836,3.3863895683334952,3.207400668844818
2019-08-16,3.4396766985817178,3.42504830442142,3.242159390044069
2019-08-19,3.454893404374644,3.4514594737013864,3.2858647374631627
2019-08-20,3.4336791761378764,3.4280172221485987,3.274348740265466
2019-08-21,3.450531456247062,3.447781129907793,3.2993367496341452
2019-08-22,3.4344264314115476,3.4442461456108777,3.3358556548547593
2019-08-23,3.3939341857021037,3.4094762302381767,3.320816795259489
2019-08-27,3.382865413450247,3.3998121553649194,3.3064264903375147
2019-08-28,3.4219964661794844,3.409023770459302,3.2743482708784524
2019-08-29,3.4277530738016733,3.413055338620098,3.2783324553965443
2019-08-30,3.4145037000012164,3.389613913554784,3.2325096286887707
2019-09-02,3.4070126043176385,3.3824568479797374,3.2244192397974354
2019-09-03,3.443753252046898,3.4075453501362674,3.2339460477034256
2019-09-04,3.4429102365228728,3.3763858694710693,3.1222407646310595
2019-09-05,3.447678294969789,3.3877118012350476,3.153649503405305
2019-09-06,3.4635324036352304,3.390694830235781,3.1199815445719103
2019-09-09,3.466100309055717,3.4206238700699596,3.158139832472015
2019-09-10,3.450091293034765,3.427248598654591,3.2104958823334435
2019-09-11,3.4237047435558208,3.4294544482342473,3.2511549430405164
2019-09-12,3.3999673325347146,3.40806960274406,3.2393327902579347
2019-09-13,3.355957166224815,3.391631914130703,3.2349267957476453
2019-09-16,3.3983768447616622,3.4239219651843222,3.249238390966028
2019-09-17,3.3678295562460323,3.392474232644508,3.2060920181352324
2019-09-18,3.4275072717144015,3.414467394616044,3.1669673734107553
2019-09-19,3.4403152407674713,3.425000481123038,3.1663278407128868
2019-09-20,3.429657895754111,3.408061751702291,3.155921083130961
2019-09-23,3.4598858533435535,3.4288140648948744,3.1616285108307274
2019-09-24,3.4392053566652807,3.421266771755965,3.164815850934118
2019-09-25,3.4405660801063624,3.4293159511872986,3.1644694313917787
2019-09-26,3.4389344337827046,3.4359575772208935,3.1744943393319334
2019-09-27,3.451188052617307,3.448942536878248,3.184595290775021
2019-09-30,3.441240624344755,3.438729301186307,3.1603656828917734
2019-10-01,3.446773861126612,3.441854683401875,3.133165392869036
2019-10-02,3.442039326948178,3.443413208034128,3.1526327180418763
2019-10-03,3.413611664984579,3.4305657774119727,3.1656733658119407
2019-10-04,3.4133326827480204,3.4234185357546307,3.151026529426583
2019-10-07,3.38113664977677,3.404741482536078,3.1440250189417354
2019-10-08,3.3794191752365355,3.3924611417078276,3.1160367010455614
2019-10-09,3.3688511360089595,3.3812858466323887,3.112153396827617
2019-10-10,3.349699622093446,3.3789222631164484,3.129393828949261
2019-10-11,3.222745747353039,3.311371246105508,3.1476277864038407
2019-10-14,3.2019334433217255,3.2929366170733023,3.134910066978218
2019-10-15,3.097373509546168,3.2345583370997293,3.145963395093922
2019-10-16,3.1560365269248813,3.2640976650956497,3.155440963561345
2019-10-17,3.110229932224768,3.2284152474257937,3.1274889787700255
2019-10-18,3.088939318637458,3.210943403010442,3.133773297074094
2019-10-21,3.019880002705194,3.151227791779705,3.124941828922621
2019-10-22,3.032252809001476,3.146314369046235,3.112932198494029
2019-10-23,3.059203396901867,3.167317953404879,3.120545196382483
2019-10-24,3.053213221471861,3.156995898096202,3.083725230599086
2019-10-25,3.0867773153728457,3.17879519415607,3.077752137599206
2019-10-28,3.0432559421362075,3.145754169040753,3.0696305493255243
2019-10-29,2.9919157411239374,3.08400041514085,3.0126160879319155
2019-10-30,2.9993224148847304,3.0920487178842375,3.0139975080800143
2019-10-31,3.030231869044989,3.1317906974587233,3.074588050892274
2019-11-01,3.038128097582608,3.142159052559708,3.0721557208264643
2019-11-04,3.05780795697662,3.1736502478911985,3.099970191790521
2019-11-05,3.0746468162643565,3.1916650628363246,3.0989119074154376
2019-11-06,3.043425339770746,3.170226783531816,3.0875038791043563
2019-11-07,3.0371046462573648,3.1833698041440277,3.107528710783919
2019-11-08,3.042825117763331,3.1935454203762648,3.126624232045017
2019-11-11,3.028285446521129,3.189130336694018,3.1482230786757275
2019-11-12,3.028611011679678,3.1839438739140995,3.1457057506648343
2019-11-13,3.0380933452629213,3.174445051002294,3.1239114927429807
2019-11-14,3.0313336560321176,3.165086763231769,3.104469320294612
2019-11-15,2.9925153669742333,3.140596014130595,3.0811354159511
2019-11-18,2.981089809694607,3.136555724136463,3.075201615506712
2019-11-19,2.970150544524566,3.1291952043732008,3.055439645059647
2019-11-20,2.9874155245649328,3.141195287855787,3.073008394968152
2019-11-21,3.003263133455564,3.158890937910635,3.103069925696288
2019-11-22,3.027171649347074,3.163933891624091,3.0794794171364233
2019-11-25,3.0097847114979013,3.1520891110109757,3.069681186088488
2019-11-26,2.9991301306255784,3.1286411950241657,3.030577603722535
2019-11-27,2.9936591263652277,3.1262290632407828,3.01549010745837
2019-11-28,2.9709244302074027,3.1082355272238082,3.0019502221802545
2019-11-29,2.994831298201887,3.1548777394724787,3.0730577283471554
2019-12-02,3.0445356580943894,3.2035767391206607,3.116097252668907
2019-12-03,3.0181030182256507,3.169640080083272,3.0672270730815154
2019-12-04,2.99790803419718,3.1603228291087064,3.0571903618300897
2019-12-05,2.983215069867477,3.156666960579944,3.0482433586912108
2019-12-06,2.997368453796642,3.1714012873620288,3.0693410262468097
2019-12-09,3.025654380754908,3.20126159650777,3.0904606389635214
2019-12-10,3.0538303976159016,3.2282169974780413,3.0980678783877185
2019-12-11,3.097960045181075,3.261425088541013,3.1170412421796265
2019-12-12,3.135726701459569,3.2934450301156546,3.1391831031869
2019-12-13,2.9321261954298596,3.155510840625744,3.0817022037015267
2019-12-16,2.906925317334332,3.1204129577194313,3.0385840496024583
2019-12-17,3.0110234892831755,3.1973722982090624,3.0810008260139656
2019-12-18,3.100836645706507,3.27647525718353,3.140880949061316
2019-12-19,3.085359144451014,3.249836390183986,3.11161991412831
2019-12-20,3.064638677323918,3.223326046474082,3.084725522266422
2019-12-23,3.0851617059252368,3.2378601100471265,3.1021233464284497
2019-12-24,3.0926732185760724,3.2464448092502707,3.1172028967510146
2019-12-27,3.0745865026652726,3.2225758608203403,3.1034766584534212
2019-12-30,3.0666737586839794,3.232793557105587,3.1271945096449114
2019-12-31,3.040952280249251,3.2141653576985423,3.127270942849036
2020-01-02,3.0489501644716004,3.2284419642656355,3.1499449225623595
2020-01-03,3.083375456532587,3.24040418052366,3.1297266024531374
2020-01-06,3.1048284479829356,3.2537158206090715,3.1330689699053025
2020-01-07,3.1102468624257122,3.2472766887504663,3.1055806680639138
2020-01-08,3.1076265096974103,3.2457132090024188,3.10640294482746
2020-01-09,3.089218011616965,3.2391960724596762,3.1123623557149163
2020-01-10,3.072643552021529,3.231016356272092,3.1056299580577718
2020-01-13,3.0821209787534642,3.240354474943144,3.114721050147979
2020-01-14,3.0866346987972357,3.248166738780793,3.1456008013794463
2020-01-15,3.092301387411268,3.2418171563245943,3.143803732442328
2020-01-16,3.105462772859394,3.2517452128980415,3.130593069366758
2020-01-17,3.104949828721954,3.2535741246948797,3.129796803632508
2020-01-20,3.1231355710693296,3.260200428374914,3.1256148236842725
2020-01-21,3.1268325321524917,3.2579051519551294,3.1056667068779102
2020-01-22,3.112658540348324,3.2509425561230065,3.0999473858968303
2020-01-23,3.1039353982503384,3.2455230735448017,3.1005356667345527
2020-01-24,3.1027620510486402,3.2392382768784307,3.096943146854497
2020-01-27,3.091332869456375,3.2170917075913987,3.0722231968877685
2020-01-28,3.070311600662083,3.192461304319508,3.064879164666694
2020-01-29,3.06437917288576,3.1816000429517817,3.0609643043586896
2020-01-30,3.0449263914023152,3.164233439652971,3.0526252562699723
2020-01-31,2.9946345371072205,3.121784727640014,3.0249691843875137
2020-02-03,3.023479838684393,3.1455323136016773,3.043771952336461
2020-02-04,3.020218622685104,3.147562610871737,3.054838201828577
2020-02-05,3.0158716872144264,3.158017286168861,3.0833241584309072
2020-02-06,3.0161923796862795,3.1641543179744263,3.0906079117885326
2020-02-07,3.0227129790029466,3.164957931226342,3.0870542542257042
2020-02-10,3.008249681592404,3.1530525709988364,3.074971114745863
2020-02-11,3.002094595450431,3.1394808154439575,3.058124463198533
2020-02-12,3.012750600750273,3.1507696883418044,3.065837752184782
2020-02-13,3.0107685102451924,3.1689635579654674,3.1108444598198983
2020-02-14,3.01932211869452,3.1676483924975534,3.0894501454144203
2020-02-17,3.0293309372978623,3.1809081810601336,3.100057159169859
2020-02-18,3.007469290464404,3.164412680006797,3.098822124318928
2020-02-19,3.0105344147434416,3.161144023982524,3.0929286112054744
2020-02-20,3.030508316229192,3.171848166213561,3.0865257040213057
2020-02-21,2.994031883309915,3.151906983382258,3.0704394075666746
2020-02-24,2.9863882255205985,3.1447204661909627,3.074327392915363
2020-02-25,2.998860839611785,3.1577240369311363,3.093156369101791
2020-02-26,3.0017219235590904,3.161280935074787,3.098793324167624
2020-02-27,2.986531172850812,3.1443489084244494,3.088343662737619
2020-02-28,2.909753955188655,3.0665710182241184,3.0125888222815274
2020-03-02,2.9377314936681023,3.080127675193706,3.0045756899307428
2020-03-03,2.9539550073532075,3.0912514927140378,3.0003346528980903
2020-03-04,2.9619167081450692,3.088324018811665,2.9757246732172327
2020-03-05,2.925539334231353,3.061023003256753,2.950241405036989
2020-03-06,2.8607987379345943,2.9962712832196328,2.8661062861514153
2020-03-09,2.70119837624472,2.8563940097654354,2.712723014520014
2020-03-10,2.76493508691358,2.8968987265949635,2.668179976225723
2020-03-11,2.8260599596306895,2.959022822082342,2.7145967346606525
2020-03-12,2.788739723805887,2.9374333986891235,2.748114015341937
2020-03-13,2.787186475465237,2.9489158790977994,2.789007484681499
2020-03-16,2.6924482181857416,2.880588817324714,2.764250067780312
2020-03-17,2.615561477627484,2.82579146888337,2.708452238560004
2020-03-18,2.5331515350494946,2.7889737627816307,2.710210640303689
2020-03-19,2.534146030605859,2.774732908265735,2.571727745118044
2020-03-20,2.5378553656118816,2.7834626328835226,2.5389217487051368
2020-03-23,2.5904707374244085,2.856860502738655,2.651614299846799
2020-03-24,2.6208544083359824,2.8984271382254776,2.715175899968864
2020-03-25,2.69618631790705,2.93265859071217,2.716701464859792
2020-03-26,2.732167479897583,2.9663785424168183,2.7735212267132683
2020-03-27,2.7968458054225995,3.0131683471090764,2.787637673020849
2020-03-30,2.7865622379464474,3.001331514366858,2.7597893534574496
2020-03-31,2.793994911554799,2.976209186021677,2.6764532754460024
2020-04-01,2.780966979707621,2.9706581944425445,2.6801551791141787
2020-04-02,2.8437266808408923,3.0288146702292336,2.728339524793796
2020-04-03,2.812717477075061,3.016540378378332,2.754773046718844
2020-04-06,2.807880519858299,3.0213545087030957,2.791185510923836
2020-04-07,2.8154066057365106,3.026659965413615,2.7888568103312226
2020-04-08,2.802839866201235,3.014828838961088,2.749649735809486
2020-04-09,2.8102528324739984,3.0029217155566985,2.7075870873156687
2020-04-14,2.79839719860661,3.0027772289734935,2.734295231719481
2020-04-15,2.7712307890069754,2.97867388286055,2.747967832859774
2020-04-16,2.732304936395879,2.938996874401337,2.72578385633608
2020-04-17,2.6787311017049977,2.89341977345118,2.716529029513452
2020-04-20,2.624545820777014,2.865300944440098,2.7220398240675268
2020-04-21,2.5556676981481807,2.804253293333908,2.657407645506478
2020-04-22,2.632099464314725,2.8621444469126103,2.6706073150482075
2020-04-23,2.6416048972514825,2.8645742979867306,2.6468878863340963
2020-04-24,2.614564830699247,2.8461169660383066,2.662201046840274
2020-04-27,2.5788214018945137,2.824445143075573,2.670057166304669
2020-04-28,2.608640765114623,2.849219060198811,2.6859566829663173
2020-04-29,2.6343472944040247,2.872824437681864,2.681185543751724
2020-04-30,2.61492464942511,2.8548921472173134,2.6576262994870663
2020-05-01,2.619152415618679,2.862080076042397,2.6731125835773475
2020-05-04,2.6265484759458446,2.8673198198881424,2.6595579529778415
2020-05-05,2.6474395854518877,2.8885122561735077,2.663387182327733
2020-05-06,2.6569277375621674,2.920860519475336,2.6975835224334945
2020-05-07,2.664424024978223,2.9415493393839105,2.73418050616632
2020-05-11,2.6653918442602857,2.9472867329647117,2.7395514184018532
2020-05-12,2.6543704741843044,2.9291928324921614,2.7019493751208237
2020-05-13,2.6581546311270747,2.9298197022851964,2.7211717224822642
2020-05-14,2.6552119173870556,2.9362088569233595,2.7652776215491635
2020-05-15,2.68753463700833,2.9643576112533467,2.792526035011419
2020-05-18,2.7202226597046524,2.997096800284686,2.8360606238363975
2020-05-19,2.72627362806752,3.0137887403124397,2.85101553797621
2020-05-20,2.8253907844647443,3.057944638806099,2.847436642825363
2020-05-21,2.849856104943631,3.0703726768564774,2.828332041440076
2020-05-22,2.8191317402109073,3.0451908955459306,2.8195241274427003
2020-05-26,2.839954110921326,3.0639395625471257,2.8544206193775308
2020-05-27,2.86193956444582,3.07845443327353,2.8776260279966435
2020-05-28,2.8718603221289443,3.0938119251679206,2.8990201929360206
2020-05-29,2.893912021978031,3.105017696681853,2.8921478655707715
2020-06-01,2.9124466114570216,3.1287265986674755,2.9178622358774167
2020-06-02,2.9036282068889743,3.126510529015399,2.929372805556102
2020-06-03,2.8945710889744722,3.140107622214816,2.984928478070763
2020-06-04,2.8309934270776553,3.106659895515236,2.9661156237748907
2020-06-05,2.8688566995917593,3.143225472223947,2.980439680456157
2020-06-08,2.8581152417506748,3.129716278932005,2.9668942812309913
2020-06-09,2.8531658886266724,3.1368685868854853,2.9575095349165963
2020-06-10,2.812173106959561,3.10094365774334,2.917394062080744
2020-06-11,2.775261124773043,3.061527677815185,2.881714832674239
2020-06-12,2.7526391722321453,3.0398933827632173,2.873700109931459
2020-06-15,2.739678224995829,3.0332023885253796,2.889464767624078
2020-06-16,2.741605800580733,3.0451572912253657,2.9212332015633984
2020-06-17,2.79826440473914,3.08096937041903,2.9525691387473607
2020-06-18,2.7624051534637006,3.05666436471343,2.982504447130928
2020-06-19,2.79157310946168,3.0771565945050616,3.0000628338780504
2020-06-22,2.8201808440534037,3.100472288842299,3.0245144575195653
2020-06-23,2.8484421564256355,3.124274088515122,3.018547747576209
2020-06-24,2.809937524323827,3.0970786782568247,2.9878802382465786
2020-06-25,2.772179749539888,3.0633048222816206,2.947674471587457
2020-06-26,2.7757227137040563,3.0698464760743565,2.9516096856930027
2020-06-29,2.7980980924857715,3.096687190730611,2.978812783436277
2020-06-30,2.8200601561259035,3.122593609794852,2.9858958545693253
2020-07-01,2.8380078276724343,3.153791469799241,3.0331472226056198
2020-07-02,2.8751500397982053,3.181373812054258,3.028818796772299
2020-07-03,2.8996727535083004,3.194899876252936,3.0267370713914876
2020-07-06,2.913288625672005,3.209842616668016,3.038681371199923
2020-07-07,2.884847145535747,3.1770373548003685,2.997251835831305
2020-07-08,2.8680774317892648,3.159827661053293,2.9787347265296606
2020-07-09,2.838254650667168,3.10986167869301,2.9267306269130637
2020-07-10,2.8119067074992925,3.0790512049876253,2.8932637460319297
2020-07-13,2.8376048304875128,3.118875687605888,2.954418275190831
2020-07-14,2.8604583978445928,3.1347272222244453,2.9876375022938593
2020-07-15,2.875758845878532,3.1408100271073764,3.0242333749752612
2020-07-16,2.857204201030468,3.1125648362686036,2.9779488631836157
2020-07-17,2.854295876353495,3.1019923196340122,2.931266070837008
2020-07-20,2.871081370701269,3.1069781819423934,2.93342744804011
2020-07-21,2.891259642269555,3.1249203623363617,2.938649082252509
2020-07-22,2.895956171437614,3.128889769360193,2.940503837257528
2020-07-23,2.8953754765023794,3.1299982086352363,2.9527531288221427
2020-07-24,2.904525313669487,3.15545365250909,2.9989522414605587
2020-07-27,2.925677235827596,3.168384112335769,3.0015739505707333
2020-07-28,2.9578734317546553,3.1856222147248543,2.9900473190646473
2020-07-29,2.9930409211314983,3.213740890096303,3.00290975620523
2020-07-30,2.966592263998489,3.201528835561402,3.0103370226841744
2020-07-31,2.9483554017132354,3.1883722238351333,2.996824852286365
2020-08-03,2.955278230401179,3.1946406683389323,2.995167281914978
2020-08-04,2.9550618124156993,3.187619484476483,2.967516604028402
2020-08-05,2.951455343970129,3.1880975311127555,2.975218295508441
2020-08-06,2.9368043757843627,3.162756434844913,2.9466291988413342
2020-08-07,2.960103421913542,3.190496094556195,2.984519180944777
2020-08-10,3.0105986926623687,3.2305722715778202,3.0124749412552974
2020-08-11,3.0004640371505293,3.237394528026662,3.026110497167082
2020-08-12,2.9820838585645277,3.227277980291236,3.0239114125742557
2020-08-13,2.9627465813629685,3.2150728547639047,3.005841328651737
2020-08-14,2.93829180379592,3.1778326010402957,2.9473010462852063
2020-08-17,2.9322210050542394,3.1827842562786355,2.9592493343858837
2020-08-18,2.90599763975561,3.1634237214196164,2.9582763504518383
2020-08-19,2.9411693054400727,3.176176383200018,2.9501722037599762
2020-08-20,2.9785618051217586,3.1862788158254665,2.929917585926455
2020-08-21,3.0132133631589557,3.2157710593493296,2.953559412221428
2020-08-24,3.050687832150019,3.2514767172778893,2.9891836880087346
2020-08-25,3.1122796688504586,3.2922097253579135,3.0029237414555787
2020-08-26,3.125747460873589,3.3036045109964456,3.0119672697178697
2020-08-27,3.113893927184209,3.310124766464611,3.0330394640190512
2020-08-28,3.1422040064535177,3.339021071076206,3.0453874714641587
2020-09-01,3.146296521050854,3.35206368402944,3.0388037201477953
2020-09-02,3.077076318387612,3.2808687031723607,2.9530079581419098
2020-09-03,3.051460964085448,3.273881330503088,2.9456209177742005
2020-09-04,3.04435476418282,3.266924118362755,2.946810874109896
2020-09-07,3.08851550843529,3.3039770248933973,2.9618094191611064
2020-09-08,3.1952378668776564,3.376666835183765,2.9974433988398177
2020-09-09,3.247785253110845,3.410413800387861,3.0491444682454882
2020-09-10,3.2122256407844216,3.382721887185559,3.0535191910997503
2020-09-11,3.223136988345867,3.380524747119366,3.013799211249208
2020-09-14,3.193529711719287,3.356115364910197,3.0087481867311316
2020-09-15,3.172130733410313,3.3330728891621733,2.985105231825698
2020-09-16,3.190178856567721,3.3311439257302733,2.982482882290086
2020-09-17,3.210391167321715,3.352313138462469,2.990630613470368
2020-09-18,3.207670795225789,3.348717908181679,2.9759620963926308
2020-09-21,3.1773125520468226,3.316130939054159,2.942521634025808
2020-09-22,3.1608587384656164,3.3119936852009957,2.9733838925126497
2020-09-23,3.1286716031357282,3.2988130297885987,2.979041254185306
2020-09-24,3.0874850257681934,3.254339924047533,2.929212546411622
2020-09-25,3.111101026016921,3.2692496925940464,2.927940125752728
2020-09-28,3.081849051332784,3.2578868850439284,2.9408539097622066
2020-09-29,3.078061356328036,3.25843658664055,2.960312477879986
2020-09-30,3.0764785327741735,3.2687514171302214,2.978216607253902
2020-10-01,3.088306302725598,3.3006481865282304,3.0312257913940037
2020-10-02,3.044528141555651,3.274031859729157,3.033485745486638
2020-10-05,3.059223260221884,3.2925371684321543,3.037994208281388
2020-10-06,3.0559875446792075,3.2720058669499763,2.9842168406875222
2020-10-07,3.057697809367158,3.273564993477546,2.981677363110931
2020-10-08,3.058406440477952,3.281678389572888,3.0134442525537977
2020-10-09,3.0630956300529606,3.286647454027947,3.0286469898380863
2020-10-12,3.0557830110204276,3.2819433417290083,3.0286602244375374
2020-10-13,3.077769441477211,3.2916083466791006,3.015740696664216
2020-10-14,3.097334844676684,3.3033961256908695,3.0185457560689564
2020-10-15,3.104319497115068,3.295269838517427,3.0057885065868852
2020-10-16,3.117237669548225,3.3121671819255014,3.022974880177782
2020-10-19,3.1055948615494406,3.3079829816650497,3.025324452080875
2020-10-20,3.1265628798724703,3.331341786298459,3.0303898956335145
2020-10-21,3.072135162935607,3.3080973857317777,3.062178255641977
2020-10-22,3.083319810836248,3.3217396435863864,3.079848651421624
2020-10-23,3.0920350003324435,3.3335051597303718,3.1051203719669087
2020-10-26,3.0893753730735827,3.321048580214443,3.09326979628763
2020-10-27,3.0995896146832886,3.3057552460821307,3.0573829990810926
2020-10-28,3.0924914840991833,3.294352507635622,3.044927148512026
2020-10-29,3.1085240948277946,3.3146696385224144,3.0697938493205776
2020-10-30,3.131910108330186,3.3314084734917806,3.0947341817598426
2020-11-02,3.1158165573742167,3.319583699890661,3.0882852144325743
2020-11-03,3.1278538210113216,3.3411111440285675,3.1179415400900607
2020-11-04,3.1197666492401543,3.3203747458510877,3.091239110826086
2020-11-05,3.1206755356694287,3.310843113913537,3.0710108520034964
2020-11-06,3.098775416713835,3.2980080528357227,3.079494126372591
2020-11-09,3.127535207834318,3.328387890773087,3.1123835263508113
2020-11-10,3.107714399423838,3.2741215405453143,3.0272102475135325
2020-11-11,3.111477221819505,3.2454919385356007,3.043177335448985
2020-11-12,3.1014242456652843,3.233398527737507,3.0212420340880697
2020-11-13,3.0648899382843893,3.2071094972331147,3.0075080663081235
2020-11-16,3.071916025574177,3.215453073247378,3.0399146392625505
2020-11-17,3.0899668413331742,3.2166682693613375,3.02817542175729
2020-11-18,3.1181955019890863,3.2292590597802113,3.034006958730455
2020-11-19,3.0891658980879635,3.213231317066635,3.046675361818388
2020-11-20,3.0990216792445024,3.2306176086310376,3.066263437197362
2020-11-23,3.062365451177505,3.2011843401926816,3.045479692648736
2020-11-24,3.0468557026494296,3.175489236404517,2.9984718705794715
2020-11-25,3.11517060121614,3.2614765671258583,3.071205006680374
2020-11-26,3.0917836401628755,3.251178046591078,3.088188993370126
2020-11-27,3.1046708400539487,3.258926057165417,3.090799981285224
2020-11-30,3.120817767282404,3.28048543693275,3.140267919250256
2020-12-01,3.141712534224716,3.312074452393282,3.16992148147555
2020-12-02,3.153523330189993,3.3097775650430865,3.1392331329326133
2020-12-03,3.163564855832712,3.301230587338159,3.113721050548622
2020-12-04,3.1992976758295057,3.3434540087738114,3.1348501952336303
2020-12-07,3.2738906763516415,3.379635829327572,3.113280625218347
2020-12-08,3.304597025935265,3.40122050267223,3.105132534121945
2020-12-09,3.2624598051593137,3.374270585198926,3.095216202136558
2020-12-10,3.324055125498595,3.397507629819624,3.0569018143992746
2020-12-11,3.325426613750286,3.3838249524540336,3.025955224838892
2020-12-14,3.2403921543100576,3.3495364698018038,3.050501556162018
2020-12-15,3.199043781300638,3.329855601124821,3.079627770068497
2020-12-16,3.179664803742636,3.3320167682375406,3.1259462554982926
2020-12-17,3.1455952366243927,3.29956834369404,3.109753482818254
2020-12-18,3.145244165230186,3.300686561826856,3.1069560403080985
2020-12-21,3.1662428200192787,3.3052262394088183,3.090276520191703
2020-12-22,3.104600146698765,3.2690623807369326,3.082853473906571
2020-12-23,3.0297154340474317,3.240829259341811,3.101709838619608
2020-12-24,3.023587042215333,3.2238664204254945,3.076727057435293
2020-12-29,2.9890230110207487,3.200124579509996,3.069360741396281
2020-12-30,2.9990237267538498,3.2024214871802115,3.0615462085414147
2020-12-31,3.0136422550724915,3.212565208185945,3.062994328383013
2021-01-04,3.018250151486657,3.209723933180259,3.050741144989428
2021-01-05,2.988938492763686,3.187344755971787,3.0174008373337466
2021-01-06,3.005970398130818,3.1931863281060426,3.0041530268633156
2021-01-07,3.0228735916870693,3.201920595134081,3.0054948849409695
2021-01-08,3.0455538497133268,3.21715428432451,3.0137721632554015
2021-01-11,3.0369188687650612,3.2145415893099605,3.027928671643379
2021-01-12,3.054675700850948,3.232333207824796,3.041789158244678
2021-01-13,3.059678400670265,3.2330632024677377,3.045973448357471
2021-01-14,3.0627197957436545,3.236960612361545,3.0543408077131766
2021-01-15,3.0695198959113434,3.2337780439586434,3.052673983544844
2021-01-18,3.090905966418466,3.246073641572279,3.0530788030491856
2021-01-19,3.1158225937338004,3.249952155823113,3.031075700042088
2021-01-20,3.080305798348955,3.21776681150102,2.9895036821741545
2021-01-21,3.0660109351726375,3.219445621129716,3.003318647818694
2021-01-22,3.0682970544445665,3.218775330420583,3.0065541001598834
2021-01-25,3.086120777199248,3.228461542250401,3.000926465405545
2021-01-26,3.098635161526748,3.2419113809305413,3.020607094217734
2021-01-27,3.129523436726175,3.261527621065685,3.025131340643508
2021-01-28,3.1544720293082094,3.2878362029503414,3.0489182216229778
2021-01-29,3.1692317182723517,3.30527583084049,3.0582436180912334
2021-02-01,3.185469652001629,3.317881373192976,3.060388528246393
2021-02-02,3.197815094739,3.3254929159097597,3.057188528078796
2021-02-03,3.217828242542604,3.342201066695223,3.0743104616396852
2021-02-04,3.2075387171049594,3.3424248906099203,3.107097626938227
2021-02-05,3.1933407900371265,3.3460805838237424,3.1543099180427454
2021-02-08,3.2029415568784376,3.3454120263100413,3.1374918249092953
2021-02-09,3.191031017581025,3.3319343087946915,3.1212779666091848
2021-02-10,3.190723248608289,3.3406113007062768,3.1565947992743135
2021-02-11,3.1802478441266557,3.3314905513138893,3.1449298806254333
2021-02-12,3.179367431668666,3.3483479237887397,3.171718671180388
2021-02-15,3.212504734468345,3.381514378639422,3.2113766910910355
2021-02-16,3.1978103791726338,3.3822905653583684,3.22452839526703
2021-02-17,3.200586608389939,3.3646317000150074,3.185881115963763
2021-02-18,3.1841903553304616,3.3492948333745494,3.1619730967533606
2021-02-19,3.2034709442166878,3.371130258650564,3.1773674717170097
2021-02-22,3.1904424227738906,3.35112377566902,3.1618007956563225
2021-02-23,3.2114320310603617,3.379844405278035,3.1937413479710823
2021-02-24,3.233367720575507,3.4024232927778026,3.228417037870533
2021-02-25,3.31847860246799,3.4913328043676337,3.3535362288031694
2021-02-26,3.3064903895261493,3.468007526393089,3.289059721399007
2021-03-01,3.303367586841752,3.450587123177204,3.2549419906053756
2021-03-02,3.282040205445302,3.4135397110992276,3.2048432920778
2021-03-03,3.307838765592312,3.4522928803022266,3.2659802029060305
2021-03-04,3.3344444445599333,3.4616613590979175,3.2715522964549306
2021-03-05,3.359104812752461,3.4741187889158276,3.266752355392752
2021-03-08,3.3446759104514885,3.459227882993695,3.24846963328622
2021-03-09,3.363976428864042,3.480446805757897,3.2559476888287713
2021-03-10,3.3700671837766265,3.488513752606649,3.2627159932939485
2021-03-11,3.370302871448716,3.4998662248588612,3.2892378066325887
2021-03-12,3.3797704412278167,3.5210140975019746,3.3312283177342303
2021-03-15,3.41913756095616,3.5509078031982093,3.368454990658181
2021-03-16,3.428699384305794,3.5486960595529244,3.3606164787621244
2021-03-17,3.4347405643629743,3.566924276526919,3.3915301056234597
2021-03-18,3.421159027109355,3.5661011170872423,3.408259444906172
2021-03-19,3.4242318346874008,3.554762470951072,3.380480539091156
2021-03-22,3.420632376736033,3.541948901653447,3.358168496693197
2021-03-23,3.42254971459806,3.536522337795202,3.3448270032704155
2021-03-24,3.4531511061954197,3.567342810484811,3.3649806527456256
2021-03-25,3.4735863606458457,3.58486611075807,3.3654147932226284
2021-03-26,3.5114219019995976,3.616271680428304,3.3706554009094143
2021-03-29,3.5119904019025876,3.6234997526148973,3.3635366454486877
2021-03-30,3.493811199050365,3.61715175965117,3.35427882959371
2021-03-31,3.521779623417649,3.640288492095211,3.383082509452384
2021-04-01,3.553891542018222,3.665127488223897,3.405405012676205
2021-04-06,3.5445240290585343,3.6457693416539194,3.377412567889671
2021-04-07,3.523732805546738,3.618596588511304,3.3539331910472354
2021-04-08,3.5060782811836324,3.5971204008013196,3.3223771000180395
2021-04-09,3.4542919029483428,3.5641770755299733,3.326403268391041
2021-04-12,3.449716367154455,3.577912196199794,3.3592136704298987
2021-04-13,3.4581597195387896,3.5782580418976426,3.3570476417527026
2021-04-14,3.4355252559039466,3.5688641778544214,3.3705190548599617
2021-04-15,3.4066914189921302,3.533962407573715,3.3332892591423966
2021-04-16,3.4009246783004365,3.5446313451653815,3.355986511752528
2021-04-19,3.384693207289705,3.542834889140858,3.3969026813103063
2021-04-20,3.3583882886321494,3.510578963770698,3.35200568505074
2021-04-21,3.371556560312796,3.522465176163424,3.3625447807872524
2021-04-22,3.369205921357329,3.5204018868567437,3.3556751625247063
2021-04-23,3.368434962924068,3.525502311275786,3.3494173898992394
2021-04-26,3.369681519785891,3.5282390453186054,3.3516179007498774
2021-04-27,3.368379301422787,3.5274257418377712,3.3472488111725776
2021-04-28,3.368484805652799,3.5291946049290344,3.338117220207252
2021-04-29,3.3769823149980365,3.5466372707336657,3.3629793834023727
2021-04-30,3.399682672098424,3.5686366399782004,3.3830242754406576
2021-05-04,3.4044288362525896,3.565174338322423,3.3666722543504273
2021-05-05,3.4294259204506305,3.58876176730191,3.393600832907895
2021-05-06,3.4639526373824236,3.6061207779141995,3.3890986247511377
2021-05-07,3.4623251943562914,3.5970360167691684,3.3780399651488118
2021-05-10,3.4654768728009064,3.598270586331883,3.3792085168107446
2021-05-11,3.4242820847137034,3.5723684049018587,3.3783053797757625
2021-05-12,3.4416440085039417,3.5917459476608613,3.410771167181473
2021-05-13,3.427934995550053,3.5851955595108462,3.4316189712563236
2021-05-14,3.4562672987282532,3.5908883245538226,3.412965535898574
2021-05-17,3.4727535814376402,3.6041922097747165,3.425947727504807
2021-05-18,3.491388819567057,3.607240789512444,3.429864070903424
2021-05-19,3.5365014887447628,3.620600910287476,3.4237399309690906
2021-05-20,3.5331076958876255,3.6147857882163716,3.4173966470404946
2021-05-21,3.5886398620659063,3.6590826139434207,3.443744844210163
2021-05-24,3.5573651285115457,3.637136285098372,3.440624580864445
2021-05-25,3.5358754626658855,3.617252321057152,3.435720993771725
2021-05-26,3.531778887495835,3.607041105546246,3.4247595165127085
2021-05-27,3.513083993261396,3.6074040251899335,3.4289212580014254
2021-05-28,3.532718037612812,3.6281753215727797,3.458879761980082
2021-06-01,3.561552553193677,3.6492867173343937,3.4690896555331134
2021-06-02,3.613192523393832,3.6835528784377862,3.5021408585516007
2021-06-03,3.633851247924145,3.6919887121819066,3.5078620798920186
2021-06-04,3.596262805172139,3.6452382137677715,3.4802078259033538
2021-06-07,3.6158925402922604,3.656790272698164,3.494354932392215
2021-06-08,3.575779718018612,3.623141315113366,3.484150284227142
2021-06-09,3.546436663717551,3.5943894036782793,3.4673307254907897
2021-06-10,3.5081290492924846,3.580527831381998,3.4808855290391287
2021-06-11,3.453554894987505,3.549081701961798,3.4785764682721356
2021-06-14,3.466122310725659,3.5691244038074568,3.4961485715152856
2021-06-15,3.4719827267459773,3.580247015640705,3.4908015439599964
2021-06-16,3.4640123391799476,3.558227875526112,3.447489634704514
2021-06-17,3.394725509545026,3.5108832076662764,3.4147048375016356
2021-06-18,3.3135956900496986,3.4555858866214817,3.3719519612637727
2021-06-21,3.3183277772827333,3.461551340978581,3.353007428317004
2021-06-22,3.3264071620652365,3.468499980096433,3.353635476592344
2021-06-23,3.372743111097376,3.5109552090271445,3.3965501383394834
2021-06-24,3.3551479381670593,3.4998632970559993,3.3823905060946604
2021-06-25,3.34129728369039,3.5056352442364322,3.3937435459766245
2021-06-28,3.3480079631053274,3.4999764745502917,3.356489733820382
2021-06-29,3.3341453413499127,3.4921518699992014,3.3521923583219104
2021-06-30,3.3355269052816867,3.4864629903145246,3.3323858148919845
2021-07-01,3.338155489658729,3.4875587747141745,3.3225882546872643
2021-07-02,3.340972862844655,3.4842542177540357,3.3147614100834506
2021-07-05,3.3375935970794606,3.488789139284027,3.3149817956568484
2021-07-06,3.363515931948044,3.485380979099093,3.3151841603669854
2021-07-07,3.3337445078847976,3.468065601584208,3.340296992613422
2021-07-08,3.300774100664174,3.452031890323882,3.3511347785720202
2021-07-09,3.2795221390283595,3.446656223464988,3.3541932331016477
2021-07-12,3.27754625664207,3.440281463604029,3.336044375478295
2021-07-13,3.314238195532249,3.4586610112836764,3.3238745706795063
2021-07-14,3.440229563513775,3.526928968757143,3.3382480943697495
2021-07-15,3.3956308139184452,3.508877735962482,3.366399616459953
2021-07-16,3.3893435260637386,3.5129678146865606,3.369731224763048
2021-07-19,3.3544254227669548,3.4902802274612794,3.342577266898072
2021-07-20,3.344208860186369,3.496961777773275,3.3472623471932894
2021-07-21,3.350188841088978,3.5164687326498987,3.381763715025131
2021-07-22,3.4297551431534345,3.5422383180487635,3.3780511928566734
2021-07-23,3.455330223930554,3.5772371941639163,3.4036248239117532
2021-07-26,3.499976891246645,3.605518382637795,3.398667272997468
2021-07-27,3.469393899840808,3.5730509690898185,3.362091123412677
2021-07-28,3.492521489629913,3.5855494970510877,3.3706188209353747
2021-07-29,3.5384218387789264,3.603225246559979,3.379520896502639
2021-07-30,3.534520782800247,3.5957743638790185,3.3673952294836598
2021-08-02,3.5294793757289042,3.5866325868547224,3.3512390688967915
2021-08-03,3.5654540971390176,3.607027978467056,3.3542523654159586
2021-08-04,3.605335651102068,3.6372116327084516,3.3690452740216683
2021-08-05,3.600805665215362,3.6384647523251035,3.377679427878858
2021-08-06,3.6225898142446264,3.6684923462515444,3.4315030324210474
2021-08-09,3.609463850715568,3.6557110067867913,3.4276609415493287
2021-08-10,3.621375494576253,3.649642855920223,3.395603919201119
2021-08-11,3.605240086442006,3.631609007277926,3.3719883572225187
2021-08-12,3.5916749232129797,3.6207517455649145,3.3762804452760187
2021-08-13,3.5724120017946723,3.6051403494200467,3.3649050854109936
2021-08-16,3.5469760818246012,3.58319629100142,3.343117959721054
2021-08-17,3.5365516666282177,3.583986600490578,3.353225495933535
2021-08-18,3.58474773126752,3.618868550161181,3.3859689456492794
2021-08-19,3.5518595083194784,3.6015629410882486,3.3788687190913227
2021-08-20,3.525141406445425,3.5938901299784223,3.393822629396121
2021-08-23,3.552710575157373,3.6129048908485366,3.4276636148534902
2021-08-24,3.595768999841496,3.645985616803582,3.4561786080501595
2021-08-25,3.631562677268879,3.6733522988965834,3.474382741660711
2021-08-26,3.63324401703871,3.67890937842661,3.48474409574432
2021-08-27,3.62405958336799,3.670962095372451,3.4799438651879804
2021-08-31,3.6062329591407734,3.650802679177759,3.434716745970733
2021-09-01,3.631136069612831,3.6533967386865305,3.397977635239064
2021-09-02,3.6619257295290946,3.671706380322197,3.400583632470118
2021-09-03,3.6599937934660423,3.675424437280748,3.396692045128899
2021-09-06,3.7028465818441325,3.6943538419346744,3.4066435739917993
2021-09-07,3.7418824468474314,3.7401904154529566,3.473426068611074
2021-09-08,3.793056277709011,3.7666551271476276,3.494433313996511
2021-09-09,3.7779698014332492,3.74851808401118,3.4932905093188964
2021-09-10,3.7837408525555354,3.756931453442605,3.4981772627532886
2021-09-13,3.8427854010072973,3.7934066544914113,3.49679005230335
2021-09-14,3.885321672680167,3.7970096213276805,3.4744413423865517
2021-09-15,4.058795380206016,3.9037988280414,3.5115240041507825
2021-09-16,4.044915804098927,3.8750674770859184,3.5012564911157846
2021-09-17,3.9486625054144477,3.841949309196581,3.506668393465638
2021-09-20,3.9325703158013963,3.8300361494116624,3.497811257068096
2021-09-21,3.929887203650517,3.823967071282528,3.481243450355387
2021-09-22,3.9371013002529427,3.8317165714397214,3.4717772150628896
2021-09-23,3.873892241035857,3.810912571581139,3.488218482113294
2021-09-24,3.8851498385915115,3.8236558993028043,3.513492731678408
2021-09-27,4.100288240241153,3.9610396565580746,3.577745797944622
2021-09-28,4.037439958542221,3.9043396417958696,3.515766880195266
2021-09-29,3.920183218438064,3.82054581422507,3.4749774284537045
2021-09-30,3.9327418661758893,3.840408526103829,3.5070571172349005
2021-10-01,3.938816139830348,3.85762625087077,3.5508812267873933
2021-10-04,4.016256519122241,3.9168517924945307,3.584407895116318
2021-10-05,4.121627507245625,4.016873912285295,3.6475662641657145
2021-10-06,4.076147775134397,3.9777123902425924,3.6009756106525566
2021-10-07,4.050757566369482,3.9719690644338304,3.6099664076744507
2021-10-08,4.023943832022594,3.962617956900563,3.630109147267582
2021-10-11,3.9931699793073645,3.941468659905061,3.632154293147753
2021-10-12,4.01819341750846,3.9649324601794937,3.6509879308919655
2021-10-13,4.028588348423748,3.94001161879412,3.586182093505556
2021-10-14,4.099586984530846,4.008136565841801,3.649113325180428
2021-10-15,4.140554621276185,4.031180549115067,3.663539586958146
2021-10-18,4.094986164562984,3.986075795648,3.638997960515103
2021-10-19,4.134229682772144,4.020358581255724,3.646490699892734
2021-10-20,4.272687678252072,4.11660581591836,3.703490302501799
2021-10-21,4.370167011395746,4.201626373216929,3.7656771339701143
2021-10-22,4.445247994730931,4.240213236322582,3.7396016530581386
2021-10-25,4.449941879681417,4.223646366998028,3.6758433982158616
2021-10-26,4.411234306126903,4.17021949176415,3.62207395450631
2021-10-27,4.337623130050805,4.100076358862229,3.552921537323786
2021-10-28,4.3073926246452805,4.086357645126144,3.533797133669615
2021-10-29,4.198852381519139,3.982897625195971,3.425108574208092
2021-11-01,4.245747724634067,4.033509733618512,3.4505047393926516
2021-11-02,4.264768523745138,4.0742316802764424,3.5309056287204035
2021-11-03,4.211864299477869,4.043510466208094,3.531496636593977
2021-11-04,4.260707265836146,4.073170321678274,3.5341320915172494
2021-11-05,4.23793581877474,4.047843859043955,3.4839295278283515
2021-11-08,4.274250888221364,4.076134002605668,3.4558008081335303
2021-11-09,4.333460156171318,4.109199993854519,3.4437326440050975
2021-11-10,4.334267043455966,4.106739000936685,3.4690648694258455
2021-11-11,4.293900843241534,4.076824578408697,3.473166478007192
2021-11-12,4.272888090216549,4.0870298000216945,3.514132757467899
2021-11-15,4.262556067159796,4.105878790915735,3.5672460008124505
2021-11-16,4.248368170404685,4.073384413078692,3.518771883692821
2021-11-17,4.380732043119942,4.149392770982978,3.5208854590688903
2021-11-18,4.425766184366619,4.191132737726019,3.5435993508150547
2021-11-19,4.3495419879805,4.128829617792999,3.5151145724377946
2021-11-22,4.3249276745194365,4.109425484490333,3.4838932549178447
2021-11-23,4.368846214527036,4.138257029378855,3.4781333686572626
2021-11-24,4.407775124190125,4.15374070531159,3.4782705724598184
2021-11-25,4.445662920872661,4.161465716872973,3.457332890819825
2021-11-26,4.440352017120741,4.133256493946345,3.4299369077218165
2021-11-29,4.462143574359659,4.153665811961415,3.430818557719116
2021-11-30,4.467608436621868,4.153987160462668,3.4092800648464605
2021-12-01,4.530748865101618,4.203804081313524,3.4618178792155283
2021-12-02,4.537890150079553,4.188859042442844,3.4347982982372165
2021-12-03,4.51512489524811,4.157919195830617,3.4203018368508546
2021-12-06,4.506600882657286,4.135992158143363,3.3766196945965463
2021-12-07,4.535683964859926,4.14313961883677,3.3295584704359023
2021-12-08,4.6038170301509265,4.1613939668023106,3.3024359609769034
2021-12-09,4.601914201663242,4.155399173312919,3.319540565180251
2021-12-10,4.564744296645401,4.126371992112747,3.352728201692268
2021-12-13,4.532961851413845,4.0806756432679245,3.3158151933495286
2021-12-14,4.410300934610326,3.977366123895159,3.23176323342497
2021-12-15,4.430892837078832,3.9490592930833586,3.1967089403574156
2021-12-16,4.310341892271449,3.9235452876694215,3.2669562683969597
2021-12-17,4.258634014025489,3.92621618046054,3.307059849459896
2021-12-20,4.295212444962425,3.952007071510093,3.3195147418040687
2021-12-21,4.373527808070664,4.022428504420329,3.3644508579774746
2021-12-22,4.3566238632673215,4.025408390674768,3.4001446975459184
2021-12-23,4.253114402997763,3.97077873606519,3.3995836875953804
2021-12-24,4.1975563013064665,3.9457626841285918,3.39201111204983
2021-12-29,4.166501828915696,3.9453934522332417,3.416762658893755
2021-12-30,4.104684605824442,3.9000788984899613,3.375032574591037
2021-12-31,4.019806564099225,3.8656132812527666,3.372600277615974
2022-01-04,4.09972445393473,3.951332977138221,3.455536138713674
2022-01-05,4.057152468134658,3.9265573849693594,3.4374966497618678
2022-01-06,4.008568485019842,3.889071955901686,3.4189088582657243
2022-01-07,4.028582238788015,3.895914179173796,3.3953311450695476
2022-01-10,4.023854542494367,3.900607885227867,3.437110270463002
2022-01-11,4.0453521219659,3.9161589563165737,3.448775665939518
2022-01-12,4.069250665635039,3.9415489497468847,3.4729702577662613
2022-01-13,4.061569615205763,3.9514313833987176,3.4710990081254414
2022-01-14,4.072969366079921,3.9625164714905377,3.468927172347156
2022-01-17,4.076100342008555,3.964412067683589,3.4551926482283672
2022-01-18,4.078444768514545,3.9677589980515227,3.4555367215376673
2022-01-19,4.197810900142473,4.020791661671998,3.466142797376702
2022-01-20,4.151583105874785,3.9802723322911406,3.447240888549619
2022-01-21,4.12645778943954,3.9472266377495977,3.3971144941801845
2022-01-24,4.256622815396971,4.035069851293825,3.454392707998664
2022-01-25,4.286467641985979,4.0545934862988116,3.4616458186528627
2022-01-26,4.2378664639997785,4.034843343283157,3.4727970536593333
2022-01-27,4.257821447225269,4.067774270924854,3.5105426672560145
2022-01-28,4.283590455791578,4.087365374183793,3.5287799893774894
2022-01-31,4.29775623339818,4.096532358276704,3.531363052107693
2022-02-01,4.313692941896338,4.1076181057907695,3.540285763211738
2022-02-02,4.282348163746862,4.082786861473156,3.5180430108493157
2022-02-03,4.215760756778802,4.047235768842765,3.512365215502143
2022-02-04,4.137510951377657,3.9905828443767284,3.4840108248694843
2022-02-07,4.104317188502533,3.978976642667641,3.49722371076796
2022-02-08,4.118465800028454,3.999329814686312,3.533760499597827
2022-02-09,4.140813010084042,4.015360898948458,3.545508106104914
2022-02-10,4.161193228269143,4.043903738935356,3.5809291932656366
2022-02-11,4.110630214854392,4.015256902993537,3.5682084943768695
2022-02-14,4.167531138744063,4.0365645935882615,3.571751592455912
2022-02-15,4.105717160368996,3.988538781480387,3.526853928734367
2022-02-16,4.185747739885475,4.034140419556083,3.5448293002658673
2022-02-17,4.297905291059629,4.100687070391098,3.574898249798407
2022-02-18,4.299080514260803,4.098909841712472,3.5750919669827184
2022-02-21,4.363581538074816,4.150034884056553,3.618896050360803
2022-02-22,4.393998829207085,4.1551073199224575,3.5967816662010845
2022-02-23,4.417639833903435,4.156683441994434,3.5769044190468384
2022-02-24,4.7124645064675486,4.3096266684501865,3.5855881204997795
2022-02-25,4.50423136028386,4.211015600989658,3.5819312989700993
2022-02-28,4.544732657185341,4.255229903751008,3.587514966722094
2022-03-01,4.665757151126543,4.310776003034066,3.551077057428189
2022-03-02,4.856308994116377,4.371804308956368,3.5626370404463144
2022-03-03,4.8139405971227776,4.33895860366823,3.5786484941595824
2022-03-04,4.7895654890905,4.316869590699408,3.5599461440563793
2022-03-07,4.909753246663907,4.4049529212279666,3.599819549126714
2022-03-08,5.034703734807163,4.521752484643038,3.668797438907423
2022-03-09,4.915287314933765,4.451881938557028,3.686738109637508
2022-03-10,4.765412669076348,4.3820882850697425,3.6769411374359997
2022-03-11,4.717065790930115,4.372132246696159,3.6947947621577946
2022-03-14,4.683301032287105,4.352584640188459,3.7033982635004286
2022-03-15,4.61801673092727,4.280954279198231,3.6215325087868306
2022-03-16,4.554230829460666,4.24496617268245,3.643323593975947
2022-03-17,4.609881189582245,4.259295438998619,3.600181081481815
2022-03-18,4.6050835726356585,4.2403167269049575,3.5562545522288893
2022-03-21,4.557245356050197,4.210516425977718,3.5471246071612486
2022-03-22,4.526994307208401,4.187443799369403,3.559193823452308
2022-03-23,4.716397205782361,4.267695026853776,3.585633043856094
2022-03-24,4.726156903264306,4.286436864414775,3.6157255393035035
2022-03-25,4.682473563531276,4.251714594449266,3.610538670058143
2022-03-28,4.63320461284097,4.217288527834851,3.6132478911022092
2022-03-29,4.55682557747641,4.169470000302826,3.5781866851627067
2022-03-30,4.612630305825459,4.199857015579001,3.561317481679289
2022-03-31,4.699983892352863,4.27184119171778,3.6301980266597353
2022-04-01,4.692518904212664,4.279375868866151,3.629680070912099
2022-04-04,4.652416219409084,4.238547181698861,3.594602010120356
2022-04-05,4.704142169133014,4.284425854202336,3.6157850642580263
2022-04-06,4.7444044254154605,4.305221103714814,3.5756581170235204
2022-04-07,4.684483388336846,4.25031703467727,3.5035493819885017
2022-04-08,4.681826395229384,4.252768228838786,3.505955712430225
2022-04-11,4.616887717900882,4.225360546881421,3.5129814244618336
2022-04-12,4.591037053565799,4.2098960171138815,3.5199043885343837
2022-04-13,4.665460422929225,4.261388892686101,3.566795165244713
2022-04-14,4.593124697576907,4.229823207687213,3.5758818904577367
2022-04-19,4.559376807394813,4.221207312342441,3.5879904130650146
2022-04-20,4.589735550660998,4.216945810044017,3.5609030037676614
2022-04-21,4.653756072666269,4.248677932894876,3.5811150819737403
2022-04-22,4.7162213107304485,4.308014240501004,3.60639462158001
2022-04-25,4.6469338523503305,4.251182056975751,3.539784473022928
2022-04-26,4.64914061261969,4.261588444886296,3.4982590989018885
2022-04-27,4.594126426590242,4.203531555135507,3.4516931537690114
2022-04-28,4.55572381746719,4.188875389195855,3.4779192945867035
2022-04-29,4.672259600585781,4.25206892758185,3.472861549997751
2022-05-03,4.635049511739423,4.22242262477471,3.4792890971812134
2022-05-04,4.609867492720985,4.19788805674551,3.454186896088287
2022-05-05,4.590000821707703,4.171087784047647,3.431198058117954
2022-05-06,4.448282683630496,4.066866740169621,3.367830963388883
2022-05-09,4.441593990783077,4.062827135425033,3.3544258411210603
2022-05-10,4.405024687870725,4.060116582482417,3.3871964009173743
2022-05-11,4.488418577821977,4.154263852867118,3.4786167343324026
2022-05-12,4.630516831319183,4.245204271559677,3.5125049377737176
2022-05-13,4.58112143520219,4.220934083893597,3.5104276701459676
2022-05-16,4.637579318875062,4.253294805568874,3.5300026507611917
2022-05-17,4.6859137968311355,4.280911234639092,3.539861071834321
2022-05-18,4.573668270237061,4.177802218615334,3.433895109092041
2022-05-19,4.507103733084105,4.101681155748062,3.3735535407333286
2022-05-20,4.425049936276856,4.030170360302973,3.330532607272678
2022-05-23,4.3867045456186275,4.01620219018467,3.333096997854674
2022-05-24,4.27029795261886,3.937921781520057,3.2973288098032354
2022-05-25,4.339702197077639,4.022114149669518,3.3941517433090906
2022-05-26,4.419710695373475,4.069226057843491,3.4117407657483385
2022-05-27,4.370610447861362,4.033386254635777,3.4108849079122248
2022-05-30,4.468525312932237,4.120863811585579,3.4538743822727023
2022-05-31,4.361444432634962,3.9964814566939277,3.3566636700221117
2022-06-01,4.267239028361425,3.9774717720766044,3.4305029117636616
2022-06-06,4.240083246073598,3.955192945878924,3.4129013435167384
2022-06-07,4.179185444770201,3.9267194139440864,3.393576163483878
2022-06-08,4.143498302824301,3.897036686861613,3.368145202574199
2022-06-09,4.124756206699901,3.917976770603763,3.4095304044848778
2022-06-10,3.9745131460030936,3.834940717790989,3.4015423361742396
2022-06-13,3.8809960972753403,3.8152768548020415,3.41679297508531
2022-06-14,3.840776465482394,3.8292911921359565,3.439916601893157
2022-06-15,3.7543417624984063,3.8059136631667414,3.416297041226967
2022-06-16,3.724801285736024,3.7516591608541323,3.3808356560457806
2022-06-17,3.558237469998596,3.627982981348855,3.290229412146758
2022-06-20,3.512922567890945,3.603039305792881,3.2956555867334223
2022-06-21,3.5517177236878616,3.639247092444543,3.3346307113929736
2022-06-22,3.699103039277312,3.6984578906205705,3.3636485903093827
2022-06-23,3.557956907273305,3.6005125166396565,3.289602535288782
2022-06-24,3.5863497716153807,3.6486686581084333,3.314379915177228
2022-06-27,3.557920808934675,3.6023205145513346,3.2623571272841145
2022-06-28,3.474198309208467,3.5221285423279762,3.1918917133775624
2022-06-29,3.4206173050350186,3.4489038168289072,3.13554085691443
2022-06-30,3.453984282554021,3.5067327747859336,3.1891597687967126
2022-07-01,3.467595075320058,3.5342306498816596,3.208653138957133
2022-07-04,3.509310872290201,3.566975038623204,3.2276326377302866
2022-07-05,3.5192783263442804,3.552055393956559,3.187448728148234
2022-07-06,3.379928884049864,3.472303217479279,3.143984500355877
2022-07-07,3.440070528047246,3.511975942131661,3.1500247228901808
2022-07-08,3.3945602304734943,3.5007992422215115,3.146627504103994
2022-07-11,3.337183594351325,3.4790527860799947,3.149512783914684
2022-07-12,3.288257512673624,3.436898963152621,3.1510126817233393
2022-07-13,3.2847408064440735,3.4189218296444697,3.1211906378650607
2022-07-14,3.2836003872486037,3.3837687246483723,3.117749019656844
2022-07-15,3.293654372803252,3.384601835715409,3.1123791247037422
2022-07-18,3.264607363288251,3.3476161675683422,3.0724087527796726
2022-07-19,3.246007981777719,3.297998947396457,3.0262926504662806
2022-07-20,3.4266573860633978,3.3699962437565025,3.0686519486028843
2022-07-21,3.3578594599342506,3.3336307568824393,3.056313355266339
2022-07-22,3.2979781839063103,3.2875057408248214,3.031965001754513
2022-07-25,3.284107079564042,3.2430137575138884,2.9981574792667236
2022-07-26,3.407785490885847,3.3202838843209825,3.0106638670305514
2022-07-27,3.461725619999882,3.3696973070242278,3.0724905098362965
2022-07-28,3.515357962798906,3.4358265827466816,3.1323572102371178
2022-07-29,3.6373968295801093,3.573518479302157,3.221770166420634
2022-08-01,3.668673032863843,3.6009178851077346,3.204766044691693
2022-08-02,3.7172841517157185,3.6265118843705433,3.161724613921893
2022-08-03,3.7295160895476513,3.6202671565527647,3.1636600451334935
2022-08-04,3.7925250377429593,3.6619636860419127,3.152765512475235
2022-08-05,3.7971978556835504,3.678888725124845,3.172853896284669
2022-08-08,3.788456159306162,3.666042333104567,3.165282943287487
2022-08-09,3.7467426781464592,3.628561156243311,3.115845230210886
2022-08-10,3.723273360911274,3.6025383230380403,3.0836821659869207
2022-08-11,3.79488154734453,3.6569474989306228,3.1258847453225256
2022-08-12,3.7710530977001007,3.6077092029331785,3.08905829369156
2022-08-15,3.8405318044432035,3.631249511314573,3.093245008211208
2022-08-16,3.97937382577695,3.6956953809336923,3.1262734177778184
2022-08-17,4.446581662287389,3.9525886615661765,3.276099725274268
2022-08-18,4.4062107365132,3.9522899991215166,3.285356172836841
2022-08-19,4.464796659085251,4.017609559698393,3.331932075791757
2022-08-22,4.58686891730364,4.096316027600519,3.441792775495937
2022-08-23,4.339740510645008,3.9214095093398447,3.337746603446184
2022-08-24,4.260215958639167,3.8486395642896225,3.258451457227003
2022-08-25,4.4560476669952305,4.016213925461118,3.34599277730946
2022-08-26,4.516363747511935,4.057383447909944,3.3670816893412674
2022-08-30,4.350887818217907,3.9770881400309834,3.3827272944853437
2022-08-31,4.336253722913343,3.95711240149071,3.360901434464569
2022-09-01,4.3124023202697295,3.934794965161937,3.3134301847999326
2022-09-02,4.238064267063029,3.8977948444372106,3.344660246436759
2022-09-05,4.317858366342181,3.962078143460208,3.413528673278689
2022-09-06,4.159383331035173,3.978874159675058,3.506104993145516
2022-09-07,4.190975175502198,4.023329059932719,3.571556282846027
2022-09-08,4.050712684290513,3.972597757108448,3.6044609812995247
2022-09-09,3.8977111862886895,3.887056946292945,3.6051797051033216
2022-09-12,3.7472308687418074,3.742257981814422,3.477000061262471
2022-09-13,3.70822769322045,3.6853571099358162,3.38195963675427
2022-09-14,3.9217561597097617,3.7994344398733975,3.429871028365473
2022-09-15,4.025271957808053,3.851806725562118,3.3928945719963592
2022-09-16,4.0272122152385705,3.843858472439346,3.4074313639356224
2022-09-20,4.072884740030482,3.9071556951853257,3.5097995957307573
2022-09-21,4.119314513748356,3.9196232334733865,3.4988772712742815
2022-09-22,4.037654794537116,3.858033761059828,3.490930495495818
2022-09-23,4.148049111063587,3.8721762662471546,3.469268162257845
2022-09-26,4.075755656779604,3.69653374832038,3.3046548160499682
2022-09-27,3.771442365132091,3.3707799857544716,3.086583796479296
2022-09-28,3.9330176387257065,3.515142246024313,2.939743403302322
2022-09-29,4.102751097072873,3.7383545670857017,3.205069219379828
2022-09-30,4.096865591650729,3.9093905917936658,3.665341156496934
2022-10-03,3.93267838464877,3.760266923949326,3.489082971372207
2022-10-04,3.7201392487729703,3.6243998325961027,3.530748783625632
2022-10-05,3.4959247442537356,3.437203544563414,3.351015349471368
2022-10-06,3.6129217707152375,3.579600086861289,3.608281992370349
2022-10-07,3.4155973205759125,3.3973150904549323,3.455280321752046
2022-10-10,2.9878341445409515,2.9283373395494583,3.1218623826573504
2022-10-11,3.054475358198353,2.919428417664539,3.216804418692252
2022-10-12,3.151486117954184,3.0668604605949596,3.4151763572613407
2022-10-13,2.958258822261433,2.812366016391295,3.0781746658518294
2022-10-14,3.109977272899884,2.9758353913975193,3.237365175818952
2022-10-17,3.265117287893577,3.0964792215555694,3.317488889587147
2022-10-18,3.392184235533422,3.223810543071412,3.3908651603287865
2022-10-19,3.7515781316823107,3.484252000483768,3.4651423691474577
2022-10-20,3.771631735408508,3.528175858543938,3.4640156706495855
2022-10-21,3.7662524235615362,3.600468353090685,3.554828495481395
2022-10-24,3.819674165927091,3.6655583869283417,3.597390558854223
2022-10-25,3.8346480482589924,3.646295038312977,3.421137383662127
2022-10-26,3.730736233564646,3.5596675600419685,3.3801799450697794
2022-10-27,3.7954444296137244,3.592269975774138,3.304648609459647
2022-10-28,3.7717476138599895,3.538942857886348,3.2265185635999147
2022-10-31,3.658137002650549,3.4154175738331563,3.187408766664876
2022-11-01,3.6238008156614736,3.428765035835246,3.272819352721217
2022-11-02,3.561654560411984,3.3860994289940667,3.2071539437330645
2022-11-03,3.6444396331928974,3.480110865524867,3.3167038552256978
2022-11-04,3.676146377478446,3.537893584183592,3.3794784842769525
2022-11-07,3.7204792055367784,3.5686369668096933,3.3620644985511596
2022-11-08,3.8040010344442594,3.5918568506394513,3.315941889213376
2022-11-09,3.8309200097381666,3.6070365704720335,3.277991690385884
2022-11-10,3.8261903031351525,3.5956476428821076,3.2220774000753143
2022-11-11,3.7835377767618477,3.6058619972695514,3.2496931715963986
2022-11-14,3.8087105360678635,3.655284918638426,3.3099604543672707
2022-11-15,3.8302058539471053,3.6554544517030463,3.235624316239015
2022-11-16,3.9718139654226237,3.689118648485269,3.1694554648299755
2022-11-17,3.9035911748766434,3.640822983141396,3.188397769082407
2022-11-18,3.845058038857636,3.6326204130452564,3.240171856695439
2022-11-21,3.7505514566171567,3.586583438379763,3.2304614999088885
2022-11-22,3.751118600607712,3.566930304505761,3.148563739562061
2022-11-23,3.7586070074182807,3.513606298890587,3.1101092610715497
2022-11-24,3.7272034202011035,3.499670586864239,3.115661096459726
2022-11-25,3.7346898586602757,3.530121851328617,3.1467266031127386
2022-11-28,3.668069524732021,3.491205981309211,3.120484210416947
2022-11-29,3.6251968992931456,3.464255400557777,3.1179907988703315
2022-11-30,3.670555650661341,3.4984661919951465,3.152171129366027
2022-12-01,3.7044513794127205,3.5152608751615992,3.1681897493161326
2022-12-02,3.6271404544696564,3.4622918472571196,3.1569452507329108
2022-12-05,3.62760021877525,3.426976152192931,3.1064369540361225
2022-12-06,3.5211403751253285,3.3386427192480914,3.0663523512436974
2022-12-07,3.500407078262804,3.330898033000026,3.0706503813587642
2022-12-08,3.45746941656603,3.292557550870816,3.040488627271855
2022-12-09,3.351410322587996,3.2499887803110914,3.074045099734522
2022-12-12,3.3137327122773512,3.208044244128383,3.0763307913657694
2022-12-13,3.2428761033812408,3.1822925026374485,3.0994748245267862
2022-12-14,3.3704862413687002,3.2904180647598764,3.169139170883215
2022-12-15,3.400364599561653,3.331788562625294,3.239498405517326
2022-12-16,3.3959077543825833,3.39642765995603,3.3415594271268887
2022-12-19,3.359902887805646,3.375173907916437,3.3517744547507022
2022-12-20,3.3451962422564168,3.3671765297876712,3.332765782455404
2022-12-21,3.334258547278956,3.337453248728023,3.2673190133073957
2022-12-22,3.432418142210953,3.3978200842986928,3.298656412235711
2022-12-23,3.369494052322464,3.364088540676978,3.2886769666519395
2022-12-28,3.3097182503367524,3.3452922279132267,3.2892022159383254
2022-12-29,3.292989647700835,3.3386088376745495,3.2899863995985283
2022-12-30,3.2428262615340016,3.326675321140925,3.2886707090078335
2023-01-03,3.2664333558825884,3.3357695088394386,3.2708116198548796
2023-01-04,3.1498130341395703,3.2481614668480554,3.2065873264711025
2023-01-05,2.993643466743037,3.1702206319641446,3.211901505978465
2023-01-06,2.9262236934648898,3.113635258234237,3.191525069510039
2023-01-09,2.872079942922179,3.0803238034533953,3.1917888791332274
2023-01-10,2.92433831465324,3.164969594141351,3.2585638852055205
2023-01-11,2.87345629275978,3.136468624154833,3.2331118695443655
2023-01-12,2.826747563239096,3.1337540994776,3.2637301173700313
2023-01-13,2.826069865536593,3.1086599362480043,3.256174356438237
2023-01-16,2.7348329223358614,3.04089992582797,3.2349245233128014
2023-01-17,2.7606382622057124,3.0657004098224188,3.263333557645048
2023-01-18,3.0249794833289814,3.162410347107887,3.256522882616141
2023-01-19,2.982991160079771,3.134576982182277,3.2787759288086233
2023-01-20,2.9999412430672603,3.1693388483785436,3.2680505683196897
2023-01-23,2.9852089408031905,3.1762261427391505,3.290961413860076
2023-01-24,2.9429411048049836,3.1777244869719663,3.2958709983702414
2023-01-25,2.8784475627908397,3.1335696417304546,3.2730624586889236
2023-01-26,2.9024542050899074,3.1741717900158037,3.2863692386428522
2023-01-27,2.920496968282884,3.2102159956966227,3.352609385667004
2023-01-30,2.9305321862860563,3.2137504070101803,3.3383097186775865
2023-01-31,2.949053767114866,3.2155789604933993,3.316479458517381
2023-02-01,2.946516762013424,3.2111503161371395,3.3222400100001668
2023-02-02,2.9618269668042134,3.2014414598029686,3.2847973425598984
2023-02-03,2.96053385455231,3.2043116456508685,3.2823973855292974
2023-02-06,3.0182133624254486,3.2493153490634437,3.309051611857547
2023-02-07,3.071347580453996,3.2757461526152336,3.287643331402565
2023-02-08,3.11109820944898,3.2746721545516917,3.2767319578258043
2023-02-09,3.125037521924318,3.294011687408569,3.3079904393418444
2023-02-10,3.09425489556431,3.269632040356418,3.2993944182166732
2023-02-13,3.077216084488949,3.2643307867665543,3.319323698823436
2023-02-14,3.1207345213179036,3.271646569093383,3.2435490738010913
2023-02-15,3.335942501048122,3.3781351883239905,3.273505294358433
2023-02-16,3.3389638416219705,3.381797900691892,3.3088826065522996
2023-02-17,3.223408278367777,3.294546950826576,3.2866630299277926
2023-02-20,3.2151665872814474,3.3013972134772036,3.2946803128445334
2023-02-21,3.176256459921203,3.2903238724536252,3.329088905773618
2023-02-22,3.1709342946636383,3.286314103229832,3.3030855740984633
2023-02-23,3.196596551159262,3.2932082425185807,3.27332249125375
2023-02-24,3.209100970329823,3.2926947566095945,3.284006136382938
2023-02-27,3.242212782593085,3.3255823674800427,3.315235638817515
2023-02-28,3.2940168001881,3.3660087873177087,3.3092662660848697
2023-03-01,3.310534666943209,3.367178067399613,3.3035465868113256
2023-03-02,3.3931967413802626,3.426721101314172,3.326907903343197
2023-03-03,3.4703565139076047,3.443945492872949,3.3038189764050494
2023-03-06,3.4970223493536943,3.442193111468506,3.295144191140481
2023-03-07,3.370857689963555,3.346295930055122,3.2744624464467678
2023-03-08,3.3336931993772514,3.3235453838164712,3.259357219466118
2023-03-09,3.3918609472269017,3.3764436752778852,3.2891257149914863
2023-03-10,3.3434667943733056,3.338158756332577,3.285564042070363
2023-03-13,3.3218849477693757,3.331110862121406,3.2799695094564476
2023-03-14,3.2846239301634528,3.337035446704142,3.2608484670519586
2023-03-15,3.1275399749537733,3.2315282970845396,3.2047683354874623
2023-03-16,3.1145275248591537,3.2302253839746213,3.1722083196255144
2023-03-17,3.0375328321417063,3.198556723115571,3.208131245312938
2023-03-20,2.9716496860126846,3.1612280352054283,3.1996535841291576
2023-03-21,3.0138500469735194,3.2072009576512075,3.202657725050501
2023-03-22,3.292499644204195,3.316555613428301,3.2232244283948046
2023-03-23,3.239357508244237,3.2896645587240894,3.2311211878914152
2023-03-24,3.174504510199946,3.2414755467037826,3.228484016128923
2023-03-27,3.2598657648344824,3.3045203751880834,3.2642995252598976
2023-03-28,3.3406345450036534,3.3884669117010042,3.287549881089651
2023-03-29,3.436741779865076,3.4834520455763944,3.3258069334108153
2023-03-30,3.4943831807763774,3.556243794031023,3.372175667081182
2023-03-31,3.463992236506887,3.5155965392816637,3.3591257929764624
2023-04-03,3.518975741762349,3.524865293004759,3.317135522570469
2023-04-04,3.5149845545678513,3.531735080057183,3.3116961041535005
2023-04-05,3.390221550999989,3.4782240507398052,3.292294027000553
2023-04-06,3.290874726672481,3.412531971953262,3.2326422686287
2023-04-11,3.2519903291691334,3.3806047786825686,3.2496073054964096
2023-04-12,3.2111790975568386,3.359453679711871,3.2618894829774123
2023-04-13,3.239907650852713,3.3698479791531564,3.2678425505441555
2023-04-14,3.293010169039109,3.4173922962653833,3.2921768873814283
2023-04-17,3.3016598158687334,3.4353892458030693,3.3074821393591023
2023-04-18,3.2567985494306986,3.3825753915946057,3.246740832491577
2023-04-19,3.4899496366554654,3.497636988242844,3.316170897810517
2023-04-20,3.497996518132871,3.5062416036432382,3.326213287625859
2023-04-21,3.4961757071176005,3.5156004276810604,3.3295588361486144
2023-04-24,3.504565760038737,3.5150062738116215,3.3495228500028515
2023-04-25,3.435198430959193,3.445409147587967,3.2857184848628163
2023-04-26,3.3192915658297197,3.3694274350137405,3.2682780075834916
2023-04-27,3.3514835432107155,3.3933207785612205,3.307632788678062
2023-04-28,3.2337105550510947,3.3234569109971206,3.3198231962509834
2023-05-02,3.171770872248714,3.269735554922781,3.305598300569693
2023-05-03,3.1042642977199346,3.2353938324065874,3.2881723365996756
2023-05-04,3.0767325367764258,3.222762986768914,3.2782260829773477
2023-05-05,3.111100889784175,3.2626340703150314,3.27676324231839
2023-05-09,3.1057938108806002,3.266667217965849,3.2964368348880733
2023-05-10,3.1470155923818153,3.3008005954026247,3.3233267452358555
2023-05-11,3.1238681492869294,3.2861991339783465,3.316188525834173
2023-05-12,3.112678681190153,3.27427970949598,3.3068790172040363
2023-05-15,3.091873446402317,3.2612580453486038,3.288391241042959
2023-05-16,3.0124090052817163,3.206970582806006,3.2449897333247235
2023-05-17,3.059450566634724,3.238426223882543,3.2427583749041564
2023-05-18,3.08208371006722,3.262038142187497,3.2761938230094465
2023-05-19,3.033022022472532,3.2343490860091633,3.250767345279619
2023-05-22,3.0356997244382034,3.2311946069012496,3.2501457827339126
2023-05-23,3.0521265511310993,3.2457677454746428,3.283169317636429
2023-05-24,3.483095937463328,3.4537391576255123,3.330398583180428
2023-05-25,3.498439376923164,3.452198977896455,3.343960444160876
2023-05-26,3.4539551392919305,3.4325417936375477,3.3365689862935124
2023-05-30,3.4544081947121685,3.4202987265987512,3.333806978152364
2023-05-31,3.407419108328372,3.414389451665089,3.3120660257425345
2023-06-01,3.3668852930140694,3.383049497714624,3.2739091165117054
2023-06-02,3.344198408786974,3.38875118807729,3.2837139415942658
2023-06-05,3.4227049330329473,3.457967402012696,3.336243377343103
2023-06-06,3.4466838662710746,3.4871557421993384,3.3819291321231684
2023-06-07,3.500427371151086,3.514286419335272,3.4063929160588535
2023-06-08,3.5018846601262568,3.5183515963690004,3.372234369939979
2023-06-09,3.430110379996601,3.4686250114746606,3.332025030797294
2023-06-12,3.403534514448514,3.4566668808054377,3.336780967036895
2023-06-13,3.4849167874548135,3.5028023805666484,3.3727484330147943
2023-06-14,3.490001120020092,3.5071869168234002,3.3860501960215537
2023-06-15,3.529395938465659,3.5088026207366387,3.3463324761917486
2023-06-16,3.48357765298031,3.496134563938358,3.3588282888464427
2023-06-19,3.460998075164145,3.472029048883693,3.338441271704193
2023-06-20,3.467817622244222,3.456593627309152,3.3006522755802146
2023-06-21,3.7666320269035247,3.629443862756689,3.348564969975967
2023-06-22,3.656126567992093,3.5631720356356023,3.343857074699134
2023-06-23,3.5686511596722603,3.483799678748311,3.3181040480103268
2023-06-26,3.574214230713584,3.4929493549741046,3.30564185243912
2023-06-27,3.556720115255357,3.4723272440714554,3.2681278313785276
2023-06-28,3.5579638902305826,3.49617072090543,3.2889926209686466
2023-06-29,3.6085074169012588,3.526819878319807,3.2641651173388766
2023-06-30,3.6175122289384976,3.5337167635623588,3.2784162216297057
2023-07-03,3.5833059360573967,3.501404901669775,3.2427543339296423
2023-07-04,3.5185792126675413,3.4665630723829777,3.24030107543952
2023-07-05,3.5192662710544735,3.4879283522687192,3.260644618320468
2023-07-06,3.4996926657076277,3.482910337937809,3.2796031817428233
2023-07-07,3.496771244475656,3.496600913902283,3.293175314907659
2023-07-10,3.536085761908612,3.5200267031442425,3.275141662717588
2023-07-11,3.519675168743944,3.5044355593593206,3.2690606746093334
2023-07-12,3.469154876987871,3.4667463644232166,3.2653956206713293
2023-07-13,3.427914925785034,3.440281307457206,3.239964481389958
2023-07-14,3.321848170993564,3.365057640569151,3.227468079407861
2023-07-17,3.3113201744158496,3.3834479920192964,3.2453140121503257
2023-07-18,3.2866246080407944,3.3640810832900736,3.2338965481508137
2023-07-19,3.454487104084295,3.464969211359848,3.2740733646601603
2023-07-20,3.4814503476512693,3.479849795772,3.2746561420214677
2023-07-21,3.498821198720848,3.5007090255619544,3.2842718765514243
2023-07-24,3.4871266307260003,3.4989235525317324,3.2978918583123216
2023-07-25,3.5198422235652744,3.507582633289113,3.290021221124631
2023-07-26,3.538442449160705,3.5173765338863707,3.2877874893336956
2023-07-27,3.50905942404415,3.5109361813126285,3.2862691116178757
2023-07-28,3.4582333850169955,3.5010096815779814,3.285490958949076
2023-07-31,3.451495066511068,3.4942980117860296,3.260685526552715
2023-08-01,3.485767986391595,3.5239847028309796,3.3056107699764015
2023-08-02,3.4616289568925964,3.5220490292471123,3.306245250067005
2023-08-03,3.4332710230930656,3.520159458003145,3.3259981223713986
2023-08-04,3.4191510549317137,3.519867509681713,3.322232020056985
2023-08-07,3.4240357254841203,3.532022322444807,3.3341993787690374
2023-08-08,3.4272048794025523,3.5138141093312485,3.2998067320359823
2023-08-09,3.4409570927430537,3.491141419465671,3.283867046780912
2023-08-10,3.401943134803449,3.4694813927607075,3.273994580808522
2023-08-11,3.392381103382958,3.490598455800975,3.3118422543734773
2023-08-14,3.37291937683241,3.48201819550593,3.3254521015126164
2023-08-15,3.3562498640325296,3.4561647167964877,3.2881889127430783
2023-08-16,3.5754779739653326,3.5642155437677876,3.332201871437781
2023-08-17,3.5942859017876154,3.5820874274805514,3.3552710184978993
2023-08-18,3.5601512801447814,3.5620597849644806,3.350162101608735
2023-08-21,3.569848136602899,3.5673327249981175,3.3531919856569044
2023-08-22,3.5566478399228054,3.5422220216578277,3.3104884545815354
2023-08-23,3.51919201964293,3.5163091977846834,3.2941644681907825
2023-08-24,3.487793218925725,3.4999325339831198,3.2960980857352853
2023-08-25,3.500725160037341,3.5101964478966563,3.317648744324045
2023-08-29,3.4815902920307273,3.499300058962123,3.323959052257435
2023-08-30,3.4783212178445364,3.5083793170239836,3.321808844170966
2023-08-31,3.4981771482709254,3.526004462694555,3.31745952693007
2023-09-01,3.5236985545772863,3.55172608790021,3.346978384050472
2023-09-04,3.5385706443571543,3.5510243748885553,3.3518800712859003
2023-09-05,3.5616612371756498,3.566397984910479,3.3292403858083324
2023-09-06,3.5477717503556216,3.565420243389882,3.3194725762530357
2023-09-07,3.5444493818022154,3.5763124436865406,3.3208762100850553
2023-09-08,3.546764895607519,3.565778774992345,3.3110825562630297
2023-09-11,3.5613905930352177,3.577024476759985,3.324006981696479
2023-09-12,3.5570098627696627,3.561124256538432,3.3185795047412716
2023-09-13,3.5729350588448217,3.570924276619005,3.3221300014874187
2023-09-14,3.5832957267861874,3.57303631691064,3.3260390708119143
2023-09-15,3.6007116058072577,3.60069388237369,3.3567379681188445
2023-09-18,3.5851316705999707,3.58044287583742,3.333306216906773
2023-09-19,3.6218289510670996,3.5926166038816563,3.340242211468924
2023-09-20,3.7239811368622195,3.6415321572254538,3.3447374895191704
2023-09-21,3.7394868486976764,3.6466427007675977,3.324186637452457
2023-09-22,3.7332907147635828,3.6387726161576377,3.3158506265181207
2023-09-25,3.779485851612676,3.6861425393701164,3.350531587222055
2023-09-26,3.72379383491491,3.6540935467466666,3.3656754742038566
2023-09-27,3.7162487608988672,3.6455632754057206,3.3555030571647047
2023-09-28,3.723742738630454,3.6550567325064587,3.373779459091449
2023-09-29,3.697968767510625,3.6338441548092195,3.3590290408808596
2023-10-02,3.682061931124867,3.6380588714699074,3.3733740229985143
2023-10-03,3.649562455157006,3.621095088939609,3.3682864996046833
2023-10-04,3.588579364299618,3.5925185627491887,3.347123992536842
2023-10-05,3.5716091364475737,3.5808386232827667,3.355441400826434
2023-10-06,3.5427612319391266,3.564936511220126,3.3548748425759225
2023-10-09,3.583681152059091,3.572441917397493,3.340155032796201
2023-10-10,3.596688176816417,3.567439429060238,3.3224526546615962
2023-10-11,3.54815049335948,3.521212522131562,3.290263214056215
2023-10-12,3.5545319012917376,3.520907533818083,3.2886714026646438
2023-10-13,3.558198135822088,3.5157761219933477,3.2909916297762045
2023-10-16,3.539555523164033,3.5158874558796276,3.304717246919312
2023-10-17,3.5212102745750204,3.528664231299462,3.3176122103051537
2023-10-18,3.725763535750188,3.6300547664958116,3.3490721195396995
2023-10-19,3.6827851671832095,3.610411592047013,3.3274284237263894
2023-10-20,3.6951912464107357,3.633310011905925,3.3522654487372288
2023-10-23,3.663341586817828,3.612782018655372,3.3424220285055277
2023-10-24,3.6322130869128544,3.5937928662273073,3.346276175997373
2023-10-25,3.616639484628889,3.5950073397750875,3.354218171592503
2023-10-26,3.6211593342379658,3.6060995302831977,3.3649245241524612
2023-10-27,3.5915776513165936,3.5858297990094385,3.357108497373665
2023-10-30,3.607376538479558,3.5943095138400953,3.3697717490171133
2023-10-31,3.569448945556478,3.5587526352949332,3.3510382606905016
2023-11-01,3.587680870126897,3.574292870054995,3.341273957674101
2023-11-02,3.590365811342817,3.582840203142606,3.3469558941611313
2023-11-03,3.565952460629097,3.564870171291778,3.3341281225569976
2023-11-06,3.5375666479792773,3.556131928742404,3.342694786654109
2023-11-07,3.545558604833296,3.5574339652459406,3.3284817901060917
2023-11-08,3.534375701724946,3.5450031493027634,3.313895167423059
2023-11-09,3.538677497899691,3.5524548416255968,3.318379574794802
2023-11-10,3.520497823072061,3.543525969218276,3.314926480861468
2023-11-13,3.4982046746586715,3.5357624731773294,3.306667056624759
2023-11-14,3.4646585903013674,3.512071521398709,3.2930563636314396
2023-11-15,3.651749575433665,3.6006576056627626,3.3221958262206073
2023-11-16,3.5963795095347395,3.5576432486975396,3.2916705899155234
2023-11-17,3.554920538331945,3.526001447158284,3.275166585423926
2023-11-20,3.5688017264027527,3.5472615507142313,3.2887956530075315
2023-11-21,3.5676378849219,3.538023068561383,3.270237356813845
2023-11-22,3.586794988689845,3.546705214876848,3.2834163666917844
2023-11-23,3.6208960106729995,3.5677173896528775,3.3117330814682635
2023-11-24,3.617446579394361,3.565252812241582,3.31276865187328
2023-11-27,3.5847759459619044,3.5383343276386157,3.314844506033049
2023-11-28,3.57694116605214,3.5328381500816914,3.3174578752694113
2023-11-29,3.5173522023320265,3.4943284185441774,3.2942538255102605
2023-11-30,3.496522676052496,3.4658077696463696,3.2786167430074897
2023-12-01,3.473180679233187,3.4513643016683093,3.2718708594086676
2023-12-04,3.424572768349832,3.406900972801683,3.244655019676875
2023-12-05,3.400187294720082,3.372937129533007,3.2190098097924427
2023-12-06,3.410250501750588,3.3735165974962618,3.205718456734971
2023-12-07,3.4422442603391668,3.398961358603733,3.223015376477007
2023-12-08,3.4863778464773723,3.4269150334096787,3.229194702300342
2023-12-11,3.4435038214888465,3.3965344240750848,3.2133450257196507
2023-12-12,3.4068543527050554,3.357383104242486,3.199934081973576
2023-12-13,3.3798475676831017,3.3430650151586225,3.1731548126389093
2023-12-14,3.411406736190271,3.3690005826243494,3.1858331455770914
2023-12-15,3.3605136624769045,3.3239022321584746,3.1613625788247464
2023-12-18,3.42263066172764,3.3737367733369688,3.171292926651776
2023-12-19,3.4148619498745307,3.3711862362554417,3.174809463196973
2023-12-20,3.4876228028891765,3.4114338741011525,3.199671191132742
2023-12-21,3.429300742855813,3.3593568098354964,3.14763426569791
2023-12-22,3.433888783307991,3.36571166444212,3.150676155200576
2023-12-27,3.4327836145410657,3.355503763385214,3.1369606730012256
2023-12-28,3.423827437339256,3.3563981049738816,3.1514532500051446
2023-12-29,3.418912366656276,3.3740673836332187,3.144894213011397
2024-01-02,3.4265795551969838,3.380386813154636,3.1658339968879723
2024-01-03,3.4446957606507587,3.3830197087252882,3.1758821192900353
2024-01-04,3.4553643341989875,3.388343885960356,3.1623895747321713
2024-01-05,3.468899844713857,3.3975848150507004,3.1709810633204687
2024-01-08,3.4105571342922776,3.3531215563371175,3.1540926359135177
2024-01-09,3.416207638031576,3.3471552119677517,3.1526465174224994
2024-01-10,3.403671916130261,3.3418035471643157,3.1431104947590605
2024-01-11,3.397290506625046,3.3398807431504713,3.1348242124998125
2024-01-12,3.410533313541659,3.3522056401057574,3.1351172076658758
2024-01-15,3.3744048881685345,3.323960356981973,3.1162142265628088
2024-01-16,3.3640573591672727,3.3156717987467976,3.116888921071101
2024-01-17,3.4471260743707988,3.35963396989034,3.1576998777948395
2024-01-18,3.435900403807685,3.358967097925051,3.156186460239516
2024-01-19,3.454478706180179,3.3723839766777126,3.15377808870465
2024-01-22,3.423375698131081,3.345737753227254,3.14429907195876
2024-01-23,3.422339063822573,3.349048555421053,3.1442144550480027
2024-01-24,3.4630072825099205,3.365474993548708,3.135753418740266
2024-01-25,3.4775686047397834,3.3741140598243597,3.1443036886364
2024-01-26,3.5018475696345095,3.389441157899045,3.14091450803647
2024-01-29,3.5218698750753017,3.3905380373242946,3.1319393155095705
2024-01-30,3.5433709071385593,3.402981067703143,3.144869411866094
2024-01-31,3.5349051741697517,3.3940158015645396,3.1486987522297296
2024-02-01,3.5130763752790526,3.387240154892186,3.158997199513231
2024-02-02,3.516389721646392,3.3949551421874027,3.162206847115983
2024-02-05,3.529695283300664,3.4188912352343124,3.188455588613639
2024-02-06,3.530219920964371,3.411438416915593,3.174956467464386
2024-02-07,3.5071589687339904,3.4018933881919273,3.1817943067821384
2024-02-08,3.514715621212544,3.414752736124738,3.193321012634729
2024-02-09,3.486574618071043,3.398784345639558,3.197551517794912
2024-02-12,3.455415304604199,3.3820424352936405,3.180268015427231
2024-02-13,3.509442004570384,3.4129354095197866,3.191450426646906
2024-02-14,3.5721822587368495,3.4449502971630435,3.210863245387962
2024-02-15,3.5345446602922412,3.4139577524625118,3.199636248535038
2024-02-16,3.5287908140627113,3.4141637474121156,3.2063218830305003
2024-02-19,3.5153068871130415,3.4077885293129153,3.2054247549240085
2024-02-20,3.4952881704964676,3.38302592069416,3.1891632337855285
2024-02-21,3.487317660445714,3.3842363441958114,3.1948556037022255
2024-02-22,3.482811391637586,3.3731620381728513,3.189090190827413
2024-02-23,3.4713310772181,3.364281083838447,3.1969586190319608
2024-02-26,3.5001109298144804,3.389522205582862,3.2000333941180177
2024-02-27,3.518720891297195,3.4124398342490267,3.2278928860956144
2024-02-28,3.5743370756786637,3.450237496635869,3.2530317494020564
2024-02-29,3.6342069755420687,3.499170422363189,3.272381634179461
2024-03-01,3.6058292511926218,3.474393504619936,3.249290176928097
2024-03-04,3.612560091945305,3.475061313300392,3.243190170244313
2024-03-05,3.614345028229335,3.443678737222129,3.214223867869306
2024-03-06,3.595027949179525,3.431655606287883,3.198052314749688
2024-03-07,3.5943552921004494,3.4307175256940448,3.1739178786703572
2024-03-08,3.567203236356218,3.412549097095895,3.174646045553142
2024-03-11,3.562120939680087,3.413859203263309,3.1773513695279507
2024-03-12,3.568713842800068,3.4142661081051964,3.1597297143021956
2024-03-13,3.613217289039708,3.457112028253134,3.1929197637117417
2024-03-14,3.6915490685814825,3.5261333644047745,3.237023138263082
2024-03-15,3.6487998578695944,3.5001554036131375,3.226047622959514
2024-03-18,3.662251548071792,3.52042220603775,3.251142367615259
2024-03-19,3.640335429277254,3.514058824598811,3.252844109197567
2024-03-20,3.7629929495778622,3.5819743975283074,3.272321749098232
2024-03-21,3.7687449588862467,3.5885263058293253,3.2645668781754074
2024-03-22,3.7803763782169573,3.5785452778252473,3.25402383791525
2024-03-25,3.8173950270340855,3.6107061211711904,3.281472936105761
2024-03-26,3.7888194692148667,3.5951180763592827,3.2888191518343683
2024-03-27,3.744161417074713,3.554836641044993,3.262713990500627
2024-03-28,3.7630996823084413,3.5691226572350216,3.2691601463194315
2024-04-02,3.787574071640505,3.606193696875481,3.2970456955709926
2024-04-03,3.823061080797329,3.637244176305968,3.3096884561238613
2024-04-04,3.803676537213448,3.60444874382202,3.272455316876658
2024-04-05,3.809193250306885,3.613220340579767,3.280536909352472
2024-04-08,3.8048134774754563,3.603622850262266,3.270909678379942
2024-04-09,3.794229474423578,3.5825283871058606,3.258928351606313
2024-04-10,3.8350071477143723,3.6170740193433204,3.2794731307310494
2024-04-11,3.865679062180307,3.6307438662625944,3.285555279408844
2024-04-12,3.879530614971771,3.6384343808861797,3.2956863432950296
2024-04-15,3.9503469757871534,3.6908869077493534,3.336159007462051
2024-04-16,4.042860016904765,3.754756215431863,3.357755508523922
2024-04-17,4.0282677770659,3.7320955152320567,3.3655674194093432
2024-04-18,3.9751030663969242,3.704765845113403,3.3651393607656095
2024-04-19,3.948975060836017,3.689510938724501,3.351657046248806
2024-04-22,3.905548478718855,3.658787399808338,3.32858831427803
2024-04-23,3.901497238036136,3.6504759424973567,3.309904307957643
2024-04-24,3.9272770205777188,3.6730236678553045,3.3210714891144733
2024-04-25,3.9465246284909177,3.677101558780954,3.3238059585129776
2024-04-26,3.9272177528551295,3.661156772364574,3.3175451824252002
2024-04-29,3.9139533953453625,3.6587723370274183,3.334526676616675
2024-04-30,3.9445554115423307,3.682025464594818,3.3341841343400795
2024-05-01,3.883195609721972,3.643306692484292,3.31727956173846
2024-05-02,3.8759099974849085,3.628018523824033,3.2970162562825385
2024-05-03,3.860729254132955,3.6205508166050553,3.2937949472661296
2024-05-07,3.830685937517371,3.5849871196337895,3.259633349258265
2024-05-08,3.813701826101704,3.59699870537844,3.293824854490218
2024-05-09,3.8218493120741837,3.606564919164253,3.304033685063787
2024-05-10,3.8139077210256604,3.5993093086804278,3.301576261242877
2024-05-13,3.79175854235867,3.5884610925226355,3.3085843958434715
2024-05-14,3.783198462538712,3.5864205171043735,3.2997658124509135
2024-05-15,3.780249576697229,3.5994382388855928,3.3008326083218105
2024-05-16,3.8024644568076194,3.613489859020909,3.3240305427207884
2024-05-17,3.8215997755052507,3.6169140251923904,3.324924134025165
2024-05-20,3.8251489627120274,3.612364212809202,3.3146944770626305
2024-05-21,3.8099706124916013,3.6013287505638383,3.3066506409852545
2024-05-22,3.932048277858395,3.6755609728643055,3.3594661793016645
2024-05-23,3.9498332068406965,3.684792911549118,3.354640560298334
2024-05-24,3.9087086530891035,3.648614724412652,3.3230768376582445
2024-05-28,3.9115349313331613,3.652709384918227,3.3320141694394305
2024-05-29,3.937654339161803,3.669227065501392,3.350208900160798
2024-05-30,3.9412387616987647,3.681757763707939,3.3610843511923925
2024-05-31,3.9508809260666466,3.6882020177670056,3.3535026548497315
2024-06-03,3.9490059607485177,3.6746374396840054,3.329305358299451
2024-06-04,3.906896067657993,3.643580512282499,3.3185344838423187
2024-06-05,3.8949898388869055,3.6326595717183414,3.292338482516892
2024-06-06,3.8728049289259943,3.6209862012510725,3.289820437669362
2024-06-07,3.8736092808239175,3.627624101852526,3.2984334951823433
2024-06-10,3.8686495419345297,3.6291598225126847,3.304990335238511
2024-06-11,3.832699904172895,3.5949786296086153,3.292693706460309
2024-06-12,3.810176488499688,3.576757614379095,3.2867065753454283
2024-06-13,3.822771124974751,3.5914657140229274,3.2999242592121725
2024-06-14,3.7832548108953494,3.553169684287575,3.2711987491006855
2024-06-17,3.737698769696154,3.5221659919928903,3.258492837112615
2024-06-18,3.73901686432072,3.541205755953263,3.280404671789249
2024-06-19,3.785369733201044,3.567443463136704,3.2868549563292877
2024-06-20,3.759074448187377,3.5473050984991414,3.258008360429665
2024-06-21,3.732155055304183,3.5428310433764514,3.268793523270571
2024-06-24,3.702743083875095,3.518339913084203,3.2560440322919977
2024-06-25,3.669203957911744,3.4862468972750347,3.2445817494771996
2024-06-26,3.6768009199242826,3.4954294899216043,3.2615483801652463
2024-06-27,3.6825167127197798,3.4987094085574664,3.2484990062124233
2024-06-28,3.6914885435970226,3.5195343317484262,3.2684002976847975
2024-07-01,3.7222472380756395,3.5410908385552355,3.278837049817895
2024-07-02,3.6903664177796145,3.5024353290428567,3.2462220628418934
2024-07-03,3.6731446426683907,3.4708645825030153,3.214117964240633
2024-07-04,3.6891770155337587,3.4919888685896048,3.2372219677047984
2024-07-05,3.6850631601001944,3.4736274209075515,3.22083058983697
2024-07-08,3.6845966365714404,3.4762898058700493,3.2295864835827395
2024-07-09,3.670927721128524,3.4663840710314537,3.2381803902368826
2024-07-10,3.641429430218528,3.4487269174167485,3.2329893473476865
2024-07-11,3.634301559765654,3.456767979881063,3.2474470328035325
2024-07-12,3.6689759692310058,3.4936599202538066,3.2634316910374834
2024-07-15,3.6677862277935698,3.49249134734856,3.2560906227711697
2024-07-16,3.6868884283114216,3.525701400987736,3.272824873318256
2024-07-17,3.7417946617683913,3.562583455316087,3.2958342795951223
2024-07-18,3.7251806110078247,3.5481318912002,3.2790589936274603
2024-07-19,3.705524532682242,3.5456621455846884,3.297488368306695
2024-07-22,3.678071631986062,3.518004308916891,3.281771453288357
2024-07-23,3.663396403175292,3.5043843738219955,3.278789192926601
2024-07-24,3.682797225164835,3.5227017989220224,3.288466966128828
2024-07-25,3.6565958119092223,3.498705245871093,3.277737763959764
2024-07-26,3.638343415750488,3.4772673859361243,3.2669256907677156
2024-07-29,3.661291258723871,3.479455153231827,3.2558691822308994
2024-07-30,3.643916478664944,3.469812868241517,3.255043101599874
2024-07-31,3.6404705499581653,3.4657738598652745,3.261599030097715
2024-08-01,3.656460632587544,3.4689857537925355,3.267927221456591
2024-08-02,3.572648716760927,3.411005158156139,3.246403281553528
2024-08-05,3.528434676156235,3.386559874933811,3.220687972231352
2024-08-06,3.5741112909484722,3.434528593723261,3.2526677106525
2024-08-07,3.5896517077044714,3.4457515388139397,3.2623883085965186
2024-08-08,3.584521059836298,3.4363369658940277,3.2493105882890285
2024-08-09,3.5685416087804063,3.425009856275016,3.2380273625183684
2024-08-12,3.581484623085481,3.4258817734775424,3.2257152790552324
2024-08-13,3.563695164481717,3.4111876024917507,3.219199039035203
2024-08-14,3.5615261252263597,3.404933067933003,3.208840761622765
2024-08-15,3.5851522943186946,3.4304852961396555,3.2389071007141657
2024-08-16,3.576022447693604,3.4216931029158526,3.2259107134186724
2024-08-19,3.56717688329101,3.4078752735566225,3.215805031029583
2024-08-20,3.5526511559733387,3.3931696584712863,3.2044547776473205
2024-08-21,3.5295611330104566,3.379819108997437,3.2048162160105917
2024-08-22,3.545900332771347,3.397973706744681,3.223712858784964
2024-08-23,3.539604974686921,3.391956574267169,3.216836157363491
2024-08-27,3.584978996202808,3.4290917148326514,3.2366992286398704
2024-08-28,3.5856231445266897,3.4211223051207296,3.227400225410712
2024-08-29,3.5714368219717705,3.4052558966710627,3.2242135521591173
2024-08-30,3.5550884071886495,3.3943472543073945,3.2189661582660545
2024-09-02,3.540683181093543,3.392501801068343,3.2252826273979185
2024-09-03,3.513569149655537,3.3659255821153353,3.213672583048868
2024-09-04,3.480275964382313,3.3399929333828196,3.199632682653036
2024-09-05,3.497272138233885,3.3577863623989272,3.2089728275570737
2024-09-06,3.4803936308102545,3.3402627065432675,3.19584093068313
2024-09-09,3.4808954953942535,3.344577527208836,3.1996732463118738
2024-09-10,3.439714600167973,3.309811223446207,3.174205084173842
2024-09-11,3.3960664141354218,3.2669924607114473,3.15678295307037
2024-09-12,3.40403492177296,3.2805454427195784,3.1757214917709495
2024-09-13,3.411285358949244,3.2932641940022576,3.1857624668762123
2024-09-16,3.409055542784937,3.295218369760475,3.1844389030485627
2024-09-17,3.4417620403463003,3.3267319046528776,3.217748905215399
2024-09-18,3.558935284086945,3.405424648338376,3.2666103154120645
2024-09-19,3.527029014417509,3.387745292998054,3.271937114066734
2024-09-20,3.5161944509221,3.3797528436895874,3.258063157382379
2024-09-23,3.53276960012148,3.3981589550960813,3.2753469997408535
2024-09-24,3.546677634172972,3.4047416483365884,3.275187419769643
2024-09-25,3.5657694524661454,3.413678102589971,3.2779943829328726
2024-09-26,3.5438294009551843,3.3918803447405788,3.2689484096260486
2024-09-27,3.53987931287168,3.393603997505773,3.2796026547692607
2024-09-30,3.556632741294014,3.404366135412356,3.256834694949097
2024-10-01,3.5787646827272224,3.4146095907823386,3.255405402929746
2024-10-02,3.6141908661441793,3.437312735627403,3.2710029504255083
2024-10-03,3.653252609353413,3.466648962452366,3.294306756859931
2024-10-04,3.750754516125562,3.5321923088482534,3.331158566175205
2024-10-07,3.8064055907607846,3.576785142153942,3.3566151386977285
2024-10-08,3.7086247635132805,3.503908667981234,3.319907893405013
2024-10-09,3.679578929860555,3.490425069364904,3.3075195828604076
2024-10-10,3.7217141284001474,3.5313910276056104,3.3501764533283565
2024-10-11,3.7189725476063757,3.5376886065629893,3.360780896623768
2024-10-14,3.7129606379400313,3.530748806824281,3.360132489496153
2024-10-15,3.639897147076507,3.468499225440854,3.3134640066121674
2024-10-16,3.6893218887204844,3.497374505321985,3.3228187102876685
2024-10-17,3.7018129972877314,3.5187355722741103,3.3365234375255834
2024-10-18,3.689527890302769,3.495500968837481,3.315606239294163
2024-10-21,3.7222053352632223,3.530043438182729,3.335831930522968
2024-10-22,3.7669858581935722,3.5624028580780447,3.3609210272142267
2024-10-23,3.768284810929543,3.563938998668868,3.369549167669015
2024-10-24,3.7383672319174464,3.5357902934655545,3.3449479783088103
2024-10-25,3.7170766803245656,3.5198795359650674,3.329532730394118
2024-10-28,3.659794423088103,3.478561608371826,3.317671692485318
2024-10-29,3.665793989312669,3.4984729904935534,3.340290999764506
2024-10-30,3.667789179947632,3.504642542527999,3.3731366297617225
2024-10-31,3.7511591472855024,3.5700058315225616,3.3648872269411214
2024-11-01,3.738386941914943,3.5549148487589246,3.366432916784181
2024-11-04,3.7595947072272726,3.5681142697854753,3.370809997653889
2024-11-05,3.7632359626301364,3.569555193692919,3.360805498074672
2024-11-06,3.780909185546605,3.588260322808536,3.3778892348136966
2024-11-07,3.764927709832008,3.5668739477340563,3.3551392200771817
2024-11-08,3.7414436921905403,3.5405122579192083,3.3266265998012416
2024-11-11,3.7410782395410145,3.540390097666395,3.3231286026509927
2024-11-12,3.734256383930449,3.548680586488307,3.3326893444603254
2024-11-13,3.7081619734243834,3.532727434157586,3.3167000408793323
2024-11-14,3.6878467856937744,3.517859340851615,3.3164141651989163
2024-11-15,3.6686272100245776,3.503715044149662,3.316531690230759
2024-11-18,3.652164695377943,3.496108805269938,3.3186301508341502
2024-11-19,3.628630459308356,3.4835047219961583,3.2913138887537325
2024-11-20,3.6805743965622755,3.522723649440231,3.314618042751695
2024-11-21,3.6892710008544993,3.5143619273957327,3.2903828215039717
2024-11-22,3.697433524248964,3.5160492386022084,3.2849711711363314
2024-11-25,3.6953923082337634,3.4958577912919995,3.261899541001361
2024-11-26,3.728211731995736,3.5175165956651013,3.2711513922306077
2024-11-27,3.720508071011021,3.493675931690122,3.2603666061367593
2024-11-28,3.7385955534921202,3.5075568409925255,3.276357578796606
2024-11-29,3.703064506304953,3.4788937535666467,3.242050465802639
2024-12-02,3.7102307055988737,3.480461305490257,3.2470844406783543
2024-12-03,3.705556018378835,3.4807798513287613,3.245364119951812
2024-12-04,3.6739464832681636,3.453519674176097,3.2277195911531864
2024-12-05,3.628024227463743,3.423219435922514,3.2206403287911733
2024-12-06,3.6060482573567523,3.412064422050791,3.22020475737746
2024-12-09,3.582512018166795,3.393992343112598,3.204073249982375
2024-12-10,3.6479256702987874,3.4614263539302224,3.2599830223840636
2024-12-11,3.6572460185542206,3.470454968822541,3.276452053576728
2024-12-12,3.6477740516515675,3.468610493742601,3.2785063574077364
2024-12-13,3.6329833032211902,3.465565182533816,3.2668063585026133
2024-12-16,3.5830896410877333,3.4229296153181563,3.248574563161322
2024-12-17,3.554856196057915,3.406160963868242,3.250585269331462
2024-12-18,3.5973398728054535,3.439115667301335,3.279320522976904
2024-12-19,3.6417349784362933,3.4849782652408425,3.3035774377482827
2024-12-20,3.6320719484521717,3.4810851458950416,3.2886722225701526
2024-12-23,3.6299883057979176,3.4830129996976553,3.2941484293326306
2024-12-24,3.655417232393358,3.5038940014394404,3.3100172229365694
2024-12-27,3.6451885113792173,3.497112930434602,3.3000641376035507
2024-12-30,3.6290330366934187,3.4677655115140897,3.2691305008675835
2024-12-31,3.6563896977781365,3.4832504886168754,3.266036517073907
2025-01-02,3.692901774807681,3.5112969842742365,3.293476911124584
2025-01-03,3.712039690279756,3.507705303677466,3.290677495029405
2025-01-06,3.7090775265895175,3.4955722427431284,3.287488562029078
2025-01-07,3.7188266686025204,3.5059503110566834,3.296246114608106
2025-01-08,3.789080797177655,3.5629467153142897,3.317873439379317
2025-01-09,3.775434397664131,3.5581038810290657,3.3063011883078848
2025-01-10,3.8171350611503785,3.5957889269722796,3.3200483348209797
2025-01-13,3.8697659840731093,3.6154054564533107,3.2921265945022955
2025-01-14,3.845844761268257,3.598232398359598,3.2918820013797134
2025-01-15,3.873036278304389,3.6201922473794066,3.329279874383084
2025-01-16,3.889584333634118,3.6474017105289325,3.350552047165883
2025-01-17,3.8558844498753797,3.618771168723158,3.330340797632651
2025-01-20,3.82602924741377,3.5855332212357363,3.3188040528296923
2025-01-21,3.7990032999023016,3.546448332152621,3.290386572303198
2025-01-22,3.8141715690674305,3.5695794292548673,3.31077156635035
2025-01-23,3.8312317305533066,3.593187922092045,3.3276454832841456
2025-01-24,3.8261366617301173,3.580902000163142,3.310712508701659
2025-01-27,3.7963312817348656,3.559258356470509,3.280939829593871
2025-01-28,3.811791685557973,3.5724546072894117,3.289104903964839
2025-01-29,3.8256539008425596,3.5790237716094597,3.2918702199778087
2025-01-30,3.833208435133859,3.5772066819932125,3.288909447895301
2025-01-31,3.833538009833991,3.576290215747869,3.284127545822831
2025-02-03,3.836510026645769,3.5817574084458097,3.2770348162410206
2025-02-04,3.8201080644907845,3.57703320515399,3.275851483103537
2025-02-05,3.7942207739890508,3.554799658347566,3.268025736464467
2025-02-06,3.8053498580236584,3.562461565350859,3.2653085500021373
2025-02-07,3.7647015877272723,3.53407422003954,3.256961402629908
2025-02-10,3.7788223417454465,3.5365158277079356,3.2528166870152457
2025-02-11,3.7933770856385616,3.5584313784419637,3.284416996046669
2025-02-12,3.7624251078115862,3.54746752838759,3.2990466379169416
2025-02-13,3.702980134322568,3.502247348361916,3.2710616174438245
2025-02-14,3.691384693741107,3.4932119085607742,3.2661740716670433
2025-02-17,3.673435781942448,3.482938085925297,3.255585174438537
2025-02-18,3.6818092135634726,3.4911993279656306,3.2561065746598783
2025-02-19,3.7475134289368492,3.5263293418307415,3.2678676611865747
2025-02-20,3.7329116946333607,3.5150106126487373,3.263960483160192
2025-02-21,3.7108138271270183,3.503028411263354,3.274243278126463
2025-02-24,3.692526146750619,3.4924278292092517,3.2687986537798412
2025-02-25,3.6549295563821764,3.4636058088197603,3.2467471101859355
2025-02-26,3.640162096451266,3.4617357994704334,3.2421275088047308
2025-02-27,3.6861568823807205,3.484457475325065,3.253158379155783
2025-02-28,3.6230402328060665,3.43011909053119,3.2127488592702393
2025-03-03,3.6487115544692457,3.438350048773282,3.2226702648046555
2025-03-04,3.621404224450342,3.4172630173232252,3.2224077149942385
2025-03-05,3.6612429058707825,3.468319574352651,3.2807741910953645
2025-03-06,3.626302061173478,3.472515786251432,3.2961130010226762
2025-03-07,3.616769433855379,3.4556058870594337,3.2745062563405494
2025-03-10,3.6085677573162007,3.4463482622138164,3.2806935256328966
2025-03-11,3.5822553542261186,3.4242272295174745,3.2672948136974895
2025-03-12,3.5650970083540834,3.4145823251420953,3.2776829152833358
2025-03-13,3.5829932788109504,3.4326987623867726,3.2955500413536836
2025-03-14,3.573100529735565,3.4255135598032846,3.2879250017543584
2025-03-17,3.5584308792859938,3.404155429178935,3.2629113300897923
2025-03-18,3.5640029998209894,3.4053810071079127,3.2691599491764456
2025-03-19,3.5930382998011674,3.420823940160589,3.2688313550223596
2025-03-20,3.631507580133839,3.4368363444045658,3.263775378676971
2025-03-21,3.614999981055883,3.416694023931162,3.257571940187931
2025-03-24,3.616177279116404,3.4314295132944004,3.2786924885503064
2025-03-25,3.644151580785077,3.4518984437440308,3.2971397573219323
2025-03-26,3.6942673735742044,3.4698622403409543,3.2855216156624962
2025-03-27,3.720409886891056,3.490034328816782,3.308899272226286
2025-03-28,3.6926069687863956,3.4578343833820067,3.2891916342147023
2025-03-31,3.6825180500278583,3.4479829783227163,3.2791805353657097
2025-04-01,3.68941765243088,3.4433515425993786,3.272213184083868
2025-04-02,3.6406590160489882,3.4085052234122175,3.255740593674808
2025-04-03,3.537841848118219,3.3429764837862566,3.2206637665545776
2025-04-04,3.4304378278076046,3.286494974725375,3.194809728290642
2025-04-07,3.438275697956111,3.2995919570611805,3.220376291546249
2025-04-08,3.4301397061866092,3.2850853511281994,3.243945749209839
2025-04-09,3.3590004101524147,3.281057778200416,3.2840716214341215
2025-04-10,3.3524956150789613,3.262165820324686,3.258704200944198
2025-04-11,3.2538491649658505,3.1999941567431627,3.2414126399924785
2025-04-14,3.263857794149952,3.1753560598019708,3.1852621766610874
2025-04-15,3.2778903556544496,3.1826840594540022,3.198179296185321
2025-04-16,3.369937280236214,3.2370581270337535,3.225786394963667
2025-04-17,3.4229923089618977,3.2874596082203045,3.266465727595602
2025-04-22,3.413312370839106,3.298409836381868,3.2512793424919675
2025-04-23,3.4125897835628116,3.287032202717818,3.1864549146589303
2025-04-24,3.43018297518164,3.2986768777513698,3.195679278873924
2025-04-25,3.4499697502773876,3.3171814985817587,3.211220701580743
2025-04-28,3.4373767642335107,3.3092977466054547,3.199469506283464
2025-04-29,3.399693759280835,3.2861536609691986,3.1975456592114466
2025-04-30,3.3738874621915635,3.261015815932025,3.1769862658145906
2025-05-01,3.363898250457239,3.2558129056951746,3.1857583728282806
2025-05-02,3.3812361679106444,3.2688351112252074,3.2120960864826045
2025-05-06,3.3672617085708083,3.258033522429192,3.193993238152451
2025-05-07,3.3495322395203075,3.232950178683205,3.189297020317974
2025-05-08,3.3231541264143316,3.2115656876031684,3.170115102882319
2025-05-09,3.2980761466958413,3.2014042094188166,3.1625814844870024
2025-05-12,3.36426004712468,3.2402891614504807,3.1784687456281153
2025-05-13,3.390706006238458,3.2674412304678264,3.204342177144171
2025-05-14,3.3980610818640753,3.273121745786586,3.2218765056964087
2025-05-15,3.3760610042705084,3.2558386345294963,3.197609542902411
2025-05-16,3.3648533177861006,3.2413388694454426,3.1888165080885487
2025-05-19,3.3606960958321013,3.2383872681457397,3.1761007957351275
2025-05-20,3.3939604676398583,3.257614865926877,3.178636770040547
2025-05-21,3.454632854448639,3.2988097594016854,3.2176464675853595
2025-05-22,3.4432537939563153,3.3079446615776034,3.2468711852937573
2025-05-23,3.4188387814361487,3.292001211080079,3.2351708491863214
2025-05-27,3.44020226288807,3.293183457244588,3.2279292142681952
2025-05-28,3.431481898354913,3.2728013135479204,3.2248859916534958
2025-05-29,3.381805682901014,3.2288638546643704,3.2119540679737515
2025-05-30,3.323361765978058,3.1991845093800193,3.2224297395052144
2025-06-02,3.358211817052053,3.237732043112892,3.281565029632678
2025-06-03,3.326492607875016,3.2131687771557322,3.2663397014382802
2025-06-04,3.3088014236538115,3.198048219559725,3.251049961655343
2025-06-05,3.320431913895959,3.2132304867829458,3.2486486631794964
2025-06-06,3.2943299178951735,3.200609021192984,3.228724811849163
2025-06-09,3.287967106673496,3.197988764856818,3.220341650189946
2025-06-10,3.2261080123930412,3.1510898489630885,3.1810446903610186
2025-06-11,3.257065026534079,3.182817889005314,3.2074246948969845
2025-06-12,3.2620827104205103,3.179094899423027,3.1972347304068514
2025-06-13,3.267153105899353,3.1735728583841842,3.198540252943545
2025-06-16,3.256766728213129,3.176886826334241,3.2335630524376597
2025-06-17,3.275049723513129,3.191122127972564,3.2438797642043387
2025-06-18,3.357390594874679,3.2214641164019224,3.2509482130684555
2025-06-19,3.3943324221001867,3.2570633661020585,3.2922712274657333
2025-06-20,3.322855258448649,3.2220846086270196,3.2907137431380318
2025-06-23,3.3194707829946717,3.2170289919353907,3.292933179750771
2025-06-24,3.2188550523635646,3.150769323865802,3.2759319465985857
2025-06-25,3.2077853851294895,3.152181751051511,3.2799582396131273
2025-06-26,3.164826385324174,3.129600346889057,3.2753334002294117
2025-06-27,3.121269447573013,3.1158807085713454,3.257743095554287
2025-06-30,3.072370098731626,3.0798119640012533,3.247102049452837
2025-07-01,3.0684255239246667,3.0625891905688523,3.2104482499762526
2025-07-02,3.1130532366382475,3.1248112228754983,3.2604893098889347
2025-07-03,3.0992585802184593,3.1121268958457726,3.2397672290006585
2025-07-04,3.0552808732371544,3.0859267078608363,3.222170534891532
2025-07-07,3.0368838197681107,3.0818270619057317,3.2237569806244575
2025-07-08,3.04027650434014,3.088959971770509,3.2345721708703565
2025-07-09,3.03755015938236,3.0825559612778144,3.233464245162073
2025-07-10,3.050433956968115,3.090254606741001,3.2413163530027354
2025-07-11,3.06482745733258,3.1152924524064556,3.269319413090359
2025-07-14,3.0903680075986517,3.1348767536580358,3.2790545226566086
2025-07-15,3.093836551543432,3.143982691709777,3.2831035913660753
2025-07-16,3.161094043369043,3.172840620602948,3.3086175223501075
2025-07-17,3.141404992931569,3.1513902201805717,3.3003824384273406
2025-07-18,3.1315645479804237,3.156577842986895,3.314601655723785
2025-07-21,3.0882591032919966,3.131653322700883,3.2936928469327995
2025-07-22,3.083790348360143,3.117838669472217,3.2812086538712366
2025-07-23,3.0942565090068745,3.129310894185445,3.2984794811639
2025-07-24,3.126835944071562,3.150641039521191,3.2955478582380198
2025-07-25,3.134679122698649,3.145365303973618,3.265786347236254
2025-07-28,3.154509319066074,3.154284120000557,3.2600522423831997
2025-07-29,3.1696290566908205,3.154296182624779,3.2604704489812035
2025-07-30,3.1744875328475675,3.1520842560085827,3.2596601721257534
2025-07-31,3.198199253056217,3.1644265687100943,3.260050695012638
2025-08-01,3.142343294300227,3.1410115290460334,3.265994487121117
2025-08-04,3.1184400156082255,3.128007842363494,3.258060635307062
2025-08-05,3.0958961454615634,3.108929953879268,3.2375940636578244
2025-08-06,3.0912672888170905,3.1042457168704063,3.2347665981138505
2025-08-07,3.0522359683854274,3.0814817534889833,3.22535460242322
2025-08-08,3.0456621960780668,3.0862203207873744,3.238794934183506
2025-08-11,3.0432333674735137,3.0865936180174844,3.2438444887373703
2025-08-12,3.038205739673489,3.079049598455451,3.2414281847615496
2025-08-13,3.003752810158134,3.054012770525985,3.235611186272633
2025-08-14,3.008489218053777,3.058466247444874,3.2410631838132127
2025-08-15,2.984930203216019,3.047832585335449,3.24651206124947
2025-08-18,2.9697669848999766,3.0324825667103514,3.2329949793754147
2025-08-19,3.004643432533697,3.0509108598126278,3.226098289183664
2025-08-20,3.0742347164515293,3.073730289585173,3.210047386762807
2025-08-21,3.1177630912536283,3.117252632349405,3.23928596170336
2025-08-22,3.11054503731653,3.103056052611677,3.225045527229918
2025-08-26,3.1447227348291937,3.1276126208467057,3.2398742651140884
2025-08-27,3.1296698697509373,3.1144063305600413,3.2168160188261083
2025-08-28,3.1369909479427287,3.1252954235284727,3.231875320532247
2025-08-29,3.1345755369072665,3.1334399971093774,3.2658303676441385
2025-09-01,3.131207571882153,3.1236002297028445,3.26488198833482
2025-09-02,3.1636340519335455,3.1327432260025585,3.2639472612463667
2025-09-03,3.1491620333959616,3.12271254476165,3.237762266998907
2025-09-04,3.163915401855334,3.1301606673514923,3.257053460559833
2025-09-05,3.134224961594193,3.1029337353704936,3.2403079353330764
2025-09-08,3.13201822991568,3.097911486992361,3.2300996829558573
2025-09-09,3.1208341661867665,3.0938473212746866,3.2329236703775472
2025-09-10,3.120678202379364,3.098090830933927,3.24416760288199
2025-09-11,3.0662645946444522,3.0570739219320546,3.2407037124708475
2025-09-12,3.0859240789537647,3.075925784251589,3.2420196896192857
2025-09-15,3.056593284656037,3.0547860306908516,3.226073310592032
2025-09-16,3.0681051155456993,3.0605459062099447,3.226174757188222
2025-09-17,3.1509460218162335,3.096069285198606,3.2338748184504857
2025-09-18,3.1528541319022434,3.1110268375826866,3.259391505515232
2025-09-19,3.1388539932385484,3.1119479295424295,3.2728010555968017
2025-09-22,3.1208921536033354,3.0952040227829474,3.2612247700132038
2025-09-23,3.1217044737872555,3.100870721772951,3.284053682537775
2025-09-24,3.139755153395926,3.119242927599158,3.279069316401617
2025-09-25,3.1473331782301237,3.1256308072216723,3.278725450472899
2025-09-26,3.1603691427290688,3.1299872606703456,3.282310677150374
2025-09-29,3.136213084553532,3.109708771405405,3.269058884517018
2025-09-30,3.1190698058089144,3.105770735774302,3.273652132679922
2025-10-01,3.1002577628607026,3.092913396388422,3.2621770188488797
2025-10-02,3.0979085279443233,3.091556737845157,3.266162637411949
2025-10-03,3.0840229640542307,3.082814227518159,3.2587989454584725
2025-10-06,3.09063520094565,3.089221669821719,3.2771672458836547
2025-10-07,3.089846180935646,3.0952310276402533,3.2853532657420175
2025-10-08,3.0823693876538645,3.0864779324248497,3.2847850463847537
2025-10-09,3.0764358179068028,3.0882603240637616,3.282597618299678
2025-10-10,3.0612243286349754,3.078029719011129,3.2812973388502975
2025-10-13,3.0538170747882,3.075966519825057,3.2867166038462354
2025-10-14,3.025923762873654,3.0490780087484914,3.2695019594360377
2025-10-15,2.9964195376035336,3.0223934177089427,3.2645794793784875
2025-10-16,2.999585462555694,3.022360476804486,3.273406600841068
2025-10-17,2.9631132130207902,2.998382097274691,3.2726164358595202
2025-10-20,2.9228659847202234,2.9669147029376153,3.264959430815919
2025-10-21,2.909889599090925,2.9522727414105203,3.2380601929180504
2025-10-22,2.951486873091845,2.97240590396222,3.244298267112
2025-10-23,2.97016984193373,2.970885053067433,3.233899059050285
2025-10-24,2.933797126282366,2.9465572542318657,3.24008009433613
2025-10-27,2.9039005133215423,2.9174914292741043,3.21617455340762
2025-10-28,2.9153183650877788,2.9209766419979624,3.216276542466051
2025-10-29,2.899740239473233,2.909176024346975,3.2238597111721026
2025-10-30,2.905125369830974,2.9145249069307684,3.225405060789294
2025-10-31,2.908090560101727,2.918956693599127,3.24016195925474
2025-11-03,2.910109222262313,2.9202148948102815,3.2435353121764208
2025-11-04,2.892859071160092,2.9090967979530333,3.232000552422836
2025-11-05,2.8829593449665794,2.9046297263113847,3.219529886918571
2025-11-06,2.845670684567196,2.881624094053909,3.212378519155174
2025-11-07,2.8492948699500085,2.8838061907611627,3.2080194141304474
2025-11-10,2.8952910016561466,2.917048323123174,3.207452403534831
2025-11-11,2.8870903118315723,2.9161627567365844,3.1901095690890444
2025-11-12,2.87609859897766,2.9130500266170847,3.190398204087325
2025-11-13,2.88755345164713,2.9272719063472605,3.2017258657142693
2025-11-14,2.942699448270324,2.9738453223460763,3.234051334917311
2025-11-17,2.90849788767333,2.9516218150517815,3.2122599962287075
2025-11-18,2.8970883511409466,2.9540117186403516,3.2165362972378007
2025-11-19,2.9693766298993154,3.006236999473863,3.2452713753638722
2025-11-20,2.9593577494843277,2.9944253437980355,3.236050707664746
2025-11-21,2.923232966579605,2.9597678800517793,3.20207743802961
2025-11-24,2.9051882423365463,2.940671663717119,3.1900643901360173
2025-11-25,2.9146686898856657,2.932829406733269,3.179575219689365
2025-11-26,2.914954083519082,2.9377696943535505,3.181229133077255
2025-11-27,2.9576988589664674,2.9795682347682284,3.202576216555988
2025-11-28,2.977133008725487,2.9840406566085456,3.1685427569304383
2025-12-01,2.9602593955783685,2.9776477854904,3.1849017276722944
2025-12-02,2.970352852880099,2.991026645169006,3.2027300169486166
2025-12-03,2.988707912967716,2.9963646833607425,3.2055626604128387
2025-12-04,3.009202360945494,3.023429992570715,3.2273027116073845
2025-12-05,2.9870791257748786,3.0051697356675957,3.2210090695243947
2025-12-08,2.9845630511633905,3.011292485897174,3.2299029383537587
2025-12-09,3.004511341321665,3.025912214407639,3.244511091857691
2025-12-10,2.9815512959229533,3.002637553471942,3.243144579104554
2025-12-11,2.985125433963506,3.0174818411954436,3.286650885496906
2025-12-12,2.95661289315215,3.000934799875869,3.2760376835595437
2025-12-15,2.957758605737898,2.9969330306362303,3.253392595294433
2025-12-16,2.9612554920454075,3.0025403229990433,3.2545976470726035
2025-12-17,3.0027267009449443,3.0140680475037773,3.26426899499216
2025-12-18,2.985104929860342,3.0034315535523577,3.2539911251558573
2025-12-19,2.973698294230529,3.0073995311503476,3.2716681801127923
2025-12-22,2.971971384044605,3.003194820093136,3.2573540764625735
2025-12-23,2.965230221927971,2.9889419704494964,3.2488277592790635
2025-12-24,2.943517676917975,2.9744900509126957,3.2410067601329655
2025-12-29,2.924132158496438,2.9595783514820058,3.237435283313011
2025-12-30,2.9216067188098434,2.961402604633708,3.2360834003121273
2025-12-31,2.910683812997961,2.9550186760302712,3.229427456458046
2026-01-02,2.886799249234995,2.9494604713143646,3.2361165506173037
2026-01-05,2.860955738197761,2.928137524664732,3.212412650919054
2026-01-06,2.8899824015081785,2.9356524687948635,3.205569661063782
2026-01-07,2.9128171489622323,2.9579086359445057,3.2103591657624735
2026-01-08,2.933721228685034,2.973520043017261,3.231212245099823
2026-01-09,2.9704222968141862,2.9880770408484953,3.227259256812686
2026-01-12,2.975300923797751,2.9801002724261947,3.213561824390985
2026-01-13,2.9946240445946635,2.9917143403999997,3.2235530226883924
2026-01-14,3.0092210062807214,3.002915810641303,3.246014594340001
2026-01-15,3.0161867705236967,3.0060439165298374,3.23414379538846
2026-01-16,3.070867601331699,3.0423107833763754,3.2510353787241195
2026-01-19,3.071732276732979,3.046507164887551,3.2690780362879805
2026-01-20,3.1158648786012253,3.086437304287538,3.300504041528141
2026-01-21,3.154017231211662,3.1035338249918687,3.2895914896848426
2026-01-22,3.1587170838938565,3.1154582885249527,3.316503745561635
2026-01-23,3.1918340995307486,3.132479730779766,3.3082825853656526
2026-01-26,3.1856865144011435,3.1257215461991352,3.3104838331901227
2026-01-27,3.235131165155802,3.1706235961382663,3.341057359469422
2026-01-28,3.2290569586812428,3.174388011396738,3.35202149250312
2026-01-29,3.203414368040206,3.1483475868997637,3.3133628197900604
2026-01-30,3.211055519843293,3.1624033899899837,3.334237849210736
2026-02-02,3.1674038354119647,3.1356698915969847,3.3184757323209637
2026-02-03,3.14308503149866,3.117598486015286,3.3174739135926616
2026-02-04,3.142914367383169,3.1179961951647237,3.321003297110588
2026-02-05,3.122405035603418,3.1102892957706163,3.3309789851667673
2026-02-06,3.0998165272684397,3.1050199298169754,3.329834021587622
2026-02-09,3.077056785665811,3.094489958603157,3.328052774415649
2026-02-10,3.0662526951196463,3.0771671617799217,3.3175679888947607
2026-02-11,3.0841609730385597,3.0798373919709405,3.3096075690937594
2026-02-12,3.072101301307522,3.064180912544946,3.296322046416816
2026-02-13,3.04180965050738,3.0519885161201983,3.2975305115630427
2026-02-16,3.031565083912819,3.0502286576087405,3.2973228594415396
2026-02-17,3.0192926018203825,3.042040759930224,3.2961256455911547
2026-02-18,3.1057747566151663,3.083408991250338,3.311045667767183
2026-02-19,3.1402824581272615,3.1079504749393863,3.3194511122559818
2026-02-20,3.124246502913917,3.0958594294590087,3.3124647809924292
2026-02-23,3.1192900235169603,3.085982397995302,3.2992159261204
2026-02-24,3.0985506829405955,3.075139961560653,3.297745952234904
2026-02-25,3.0971077031778558,3.0744551532386586,3.3083672996961444
2026-02-26,3.1121706982173123,3.0829163077960056,3.310503442799641
2026-02-27,3.133534467854501,3.0926639657242574,3.31994908805049
2026-03-02,3.2489961579297297,3.154716235858486,3.3437974523823413
2026-03-03,3.355882750312685,3.2263397217850844,3.392296435071205
2026-03-04,3.2711391299206576,3.1852571162108947,3.370342924354063
2026-03-05,3.3014030167929036,3.207167717887089,3.390100966307049
2026-03-06,3.436325642362722,3.290284804386058,3.426703830206309
2026-03-09,3.537381081527175,3.331559335154404,3.4389424747993127
2026-03-10,3.4097513432149986,3.2560591298909736,3.398437768307503
2026-03-11,3.528806685757102,3.337128254227789,3.4402894866306797
2026-03-12,3.6867108008183953,3.4320359894685346,3.488487788973659
2026-03-13,3.65772186556951,3.394016470682259,3.448190633676424
2026-03-16,3.6252340916076284,3.3554121741054597,3.4203213146685014
2026-03-17,3.664364999480607,3.3850034470961177,3.4412122803709253
2026-03-18,3.7534766382757203,3.4433977046302653,3.4776169899594525
2026-03-19,3.8131859190430237,3.444138719785879,3.429039458702255
2026-03-20,3.803195350883971,3.4550690709873177,3.4338028237753417
2026-03-23,3.7231198844137188,3.420707365881582,3.4380183544534373
2026-03-24,3.712989925270966,3.419136468088733,3.4670241921840907
2026-03-25,3.721083500239872,3.3956379907075185,3.440725120002125
2026-03-26,3.816539898094213,3.4492877813066993,3.464896034648332
2026-03-27,3.859747100286193,3.4760070097338893,3.460147128974842
2026-03-30,3.8811516624996383,3.48737129380842,3.4602382596157186
2026-03-31,3.906295475465753,3.527052270151657,3.4915212436317318
